#VRML V2.0 utf8
# 3D model generated by easyeda2kicad.py (https://github.com/uPesy/easyeda2kicad.py)

Shape{
    appearance Appearance {
        material  Material 	{
            diffuseColor 0.5019607843137255 1.0 0.5019607843137255
            specularColor 0.25098039215686274 0.5019607843137255 0.25098039215686274
            ambientIntensity 0.7943
            transparency 0.0
            shininess 0.5
        }
    }
    geometry IndexedFaceSet {
        ccw TRUE
        solid FALSE
        coord DEF co Coordinate {
            point [
                3.226 -0.3479 0.5396, 3.226 -0.3479 0.3977, 3.226 -0.2842 0.3977, 3.226 -0.0952 0.1248, 3.226 -0.1017 0.1241, 3.226 -0.0617 0.1241, 3.226 -0.7175 0.5537, 3.226 -0.6992 0.5409, 3.226 -0.4342 0.5409, 3.226 -0.674 0.5234, 3.226 -0.6341 0.4764, 3.226 -0.5089 0.3311, 3.226 -0.4342 0.3311, 3.226 -0.5189 0.3562, 3.226 -0.5421 0.3886, 3.226 -0.573 0.4147, 3.226 -0.6125 0.4334, 3.226 -0.6069 0.4315, 3.226 -0.7739 0.5758, 3.226 -0.4342 1.8858, 3.226 -0.8288 0.5826, 3.226 -0.8792 0.577, 3.226 -0.9321 0.5582, 3.226 -2.5818 1.8858, 3.226 -0.9608 0.5409, 3.226 -2.5818 0.5409, 3.226 -0.9654 0.5382, 3.226 -1.2 0.4006, 3.226 -1.1727 0.4357, 3.226 -1.0866 0.4848, 3.226 -1.0417 0.4903, 3.226 -0.9922 0.5152, 3.226 -1.0286 0.4896, 3.226 -1.0155 0.4881, 3.226 -1.165 0.443, 3.226 -1.1287 0.4684, 3.226 -1.1432 0.1517, 3.226 -1.1784 0.1818, 3.226 -2.5818 0.1241, 3.226 -1.1021 0.1316, 3.226 -1.2044 0.2189, 3.226 -1.2207 0.2613, 3.226 -2.5818 0.3311, 3.226 -1.2262 0.3059, 3.226 -1.2258 0.3168, 3.226 -1.2233 0.3311, 3.226 -1.2182 0.3596, 3.226 -1.0873 0.1271, 3.226 -1.0858 0.1241, 3.226 -1.0759 0.1027, 3.226 -1.0589 0.0818, 3.226 -0.932 0.0606, 3.226 -0.9516 0.0531, 3.226 -0.4342 -0.1968, 3.226 -0.9791 0.0497, 3.226 -0.9835 0.0498, 3.226 -2.5818 -0.1968, 3.226 -1.0104 0.054, 3.226 -2.5818 0.0606, 3.226 -1.0262 0.0606, 3.226 -1.0366 0.065, 3.226 -0.8724 0.1241, 3.226 -0.8725 0.1236, 3.226 -0.4342 0.0606, 3.226 -0.886 0.0983, 3.226 -0.9035 0.0786, 3.226 -0.9262 0.0628, 3.226 -0.727 0.1912, 3.226 -0.7192 0.1943, 3.226 -0.7058 0.2592, 3.226 -0.8937 0.2398, 3.226 -0.7411 0.3195, 3.226 -0.9136 0.258, 3.226 -0.9378 0.2709, 3.226 -0.734 0.1863, 3.226 -0.5193 0.2075, 3.226 -0.5419 0.1761, 3.226 -0.4342 0.1241, 3.226 -0.5709 0.2931, 3.226 -0.5762 0.3149, 3.226 -0.585 0.3311, 3.226 -1.1516 0.3311, 3.226 -0.505 0.3214, 3.226 -0.4998 0.2843, 3.226 -0.505 0.2436, 3.226 -0.7104 0.1954, 3.226 -0.7093 0.1954, 3.226 -0.7059 0.1946, 3.226 -1.1449 0.2628, 3.226 -1.1313 0.2397, 3.226 -1.0735 0.2279, 3.226 -1.1109 0.2187, 3.226 -1.0861 0.2034, 3.226 -1.0314 0.2656, 3.226 -1.0547 0.2494, 3.226 -1.1544 0.3082, 3.226 -1.1531 0.2907, 3.226 -1.0063 0.2752, 3.226 -0.9791 0.2786, 3.226 -0.9652 0.2777, 3.226 -0.5729 0.1499, 3.226 -0.6076 0.1329, 3.226 -0.6455 0.1249, 3.226 -0.7457 0.1601, 3.226 -0.7454 0.1646, 3.226 -0.8652 0.1749, 3.226 -0.7431 0.1733, 3.226 -0.7387 0.1811, 3.226 -0.5935 0.2229, 3.226 -0.5809 0.2407, 3.226 -0.5731 0.2609, 3.226 -0.5704 0.2831, 3.226 -0.7127 0.1249, 3.226 -0.7191 0.1259, 3.226 -0.7266 0.1288, 3.226 -0.734 0.1341, 3.226 -0.7367 0.1368, 3.226 -0.7416 0.1439, 3.226 -0.7446 0.1517, 3.226 -0.8659 0.1518, 3.226 -0.8652 0.1636, 3.226 -0.7036 0.1943, 3.226 -0.6523 0.1943, 3.226 -0.6319 0.1982, 3.226 -0.6118 0.2075, 3.226 -0.595 0.2213, 3.226 -0.6928 0.4403, 3.226 -0.7185 0.471, 3.226 -0.9802 0.4049, 3.226 -0.7214 0.4736, 3.226 -0.7534 0.4958, 3.226 -0.9629 0.4409, 3.226 -0.9884 0.4094, 3.226 -1.0139 0.4187, 3.226 -0.5868 0.3346, 3.226 -0.6 0.3493, 3.226 -0.6592 0.3719, 3.226 -0.6176 0.3616, 3.226 -0.6375 0.3693, 3.226 -0.6683 0.3719, 3.226 -0.6752 0.4036, 3.226 -1.0805 0.4148, 3.226 -1.1059 0.4013, 3.226 -1.0524 0.4214, 3.226 -1.1255 0.3838, 3.226 -1.1413 0.3611, 3.226 -0.9373 0.4715, 3.226 -0.7891 0.5095, 3.226 -0.9068 0.4938, 3.226 -0.8277 0.5142, 3.226 -0.8696 0.5088, 3.226 -1.0406 0.422, 3.226 -1.151 0.3357, 3.226 0.1761 0.3311, 3.226 0.161 0.1437, 3.226 0.1761 0.1241, 3.226 0.161 0.1254, 3.226 0.1255 0.1241, 3.226 0.0956 0.1975, 3.226 0.0956 0.1437, 3.226 0.1255 0.1975, 3.226 0.1255 0.1437, 3.226 0.1528 0.1975, 3.226 0.0956 0.2671, 3.226 0.0956 0.2159, 3.226 0.1255 0.2671, 3.226 0.1255 0.2159, 3.226 0.1574 0.2671, 3.226 0.1528 0.2159, 3.226 0.1255 0.1254, 3.226 0.0749 0.1254, 3.226 0.0641 0.1241, 3.226 0.0749 0.2855, 3.226 -0.2589 0.1747, 3.226 -0.2548 0.1804, 3.226 -0.2521 0.2123, 3.226 -0.1349 0.1241, 3.226 -0.1714 0.1254, 3.226 -0.2159 0.1241, 3.226 -0.1914 0.1254, 3.226 -0.2158 0.1241, 3.226 -0.2467 0.127, 3.226 -0.2704 0.1241, 3.226 -0.239 0.1241, 3.226 -0.2386 0.1241, 3.226 -0.2598 0.1401, 3.226 -0.2623 0.1469, 3.226 -0.2633 0.156, 3.226 -0.2485 0.1856, 3.226 -0.2396 0.19, 3.226 -0.2406 0.2199, 3.226 -0.2253 0.1934, 3.226 -0.2078 0.2254, 3.226 -0.2146 0.2261, 3.226 -0.228 0.2245, 3.226 -0.1914 0.1431, 3.226 -0.192 0.1431, 3.226 -0.1968 0.1362, 3.226 -0.2535 0.1317, 3.226 -0.2557 0.1339, 3.226 -0.2034 0.13, 3.226 -0.2078 0.1272, 3.226 -0.2704 0.3311, 3.226 -0.2632 0.1592, 3.226 -0.2618 0.1677, 3.226 -0.2521 0.2318, 3.226 -0.248 0.2342, 3.226 -0.233 0.2399, 3.226 -0.1409 0.2225, 3.226 -0.1799 0.2295, 3.226 -0.1433 0.2161, 3.226 -0.1758 0.2229, 3.226 -0.1728 0.2135, 3.226 -0.2127 0.2424, 3.226 -0.2001 0.2412, 3.226 -0.1918 0.2386, 3.226 -0.1914 0.1981, 3.226 -0.1921 0.207, 3.226 -0.1942 0.2141, 3.226 -0.1966 0.2182, 3.226 -0.1351 0.1874, 3.226 -0.1442 0.1501, 3.226 -0.1349 0.1873, 3.226 -0.1359 0.1451, 3.226 -0.1349 0.1447, 3.226 -0.1384 0.1908, 3.226 -0.141 0.195, 3.226 -0.1714 0.199, 3.226 -0.1432 0.2011, 3.226 -0.1441 0.2089, 3.226 -0.1996 0.2215, 3.226 -0.2032 0.2238, 3.226 -0.1442 0.1294, 3.226 -0.1349 0.126, 3.226 -0.1322 0.125, 3.226 -0.1245 0.1241, 3.226 -0.0724 0.2373, 3.226 -0.0724 0.2178, 3.226 -0.1372 0.228, 3.226 -0.1349 0.23, 3.226 -0.1349 0.3311, 3.226 -0.1312 0.2333, 3.226 -0.1245 0.2372, 3.226 -0.0679 0.1485, 3.226 -0.0704 0.1421, 3.226 -0.0741 0.1368, 3.226 -0.1133 0.241, 3.226 -0.0995 0.2424, 3.226 -0.0617 0.3311, 3.226 -0.0855 0.2412, 3.226 -0.0737 0.1754, 3.226 -0.0699 0.1699, 3.226 -0.0678 0.164, 3.226 -0.067 0.1565, 3.226 -0.0799 0.1318, 3.226 -0.0846 0.1289, 3.226 -0.1015 0.2261, 3.226 -0.1074 0.2257, 3.226 -0.1234 0.2107, 3.226 -0.1128 0.2242, 3.226 -0.1173 0.2218, 3.226 -0.1232 0.208, 3.226 -0.1224 0.2049, 3.226 -0.121 0.2022, 3.226 -0.119 0.2001, 3.226 -0.112 0.1957, 3.226 -0.0889 0.2247, 3.226 -0.0995 0.1902, 3.226 -0.0775 0.2207, 3.226 -0.0918 0.1871, 3.226 -0.0785 0.1797, 3.226 -0.1203 0.2192, 3.226 -0.1221 0.2166, 3.226 -0.123 0.2139, 3.226 -0.1233 0.1404, 3.226 -0.1137 0.1757, 3.226 -0.1257 0.1812, 3.226 -0.1112 0.1391, 3.226 -0.1103 0.1391, 3.226 -0.1005 0.1702, 3.226 -0.1 0.1402, 3.226 -0.0875 0.1546, 3.226 -0.0877 0.157, 3.226 -0.0949 0.1421, 3.226 -0.093 0.1432, 3.226 -0.0907 0.1453, 3.226 -0.089 0.1479, 3.226 -0.088 0.1507, 3.226 -0.0887 0.1602, 3.226 -0.0902 0.1628, 3.226 -0.0927 0.1654, 3.226 0.2349 0.4233, 3.226 0.1761 0.4233, 3.226 0.2512 0.3795, 3.226 0.2131 0.5396, 3.226 0.2741 0.3795, 3.226 0.787 0.3311, 3.226 0.787 0.5409, 3.226 0.1761 0.5409, 3.226 0.191 0.5396, 3.226 0.1761 0.5006, 3.226 0.13 0.3795, 3.226 0.1255 0.3311, 3.226 0.1528 0.3795, 3.226 0.1682 0.4233, 3.226 0.0348 0.3795, 3.226 -0.0093 0.3795, 3.226 -0.0244 0.3311, 3.226 0.0364 0.5396, 3.226 0.0641 0.5409, 3.226 -0.0244 0.5409, 3.226 -0.0093 0.5396, 3.226 0.1167 0.4326, 3.226 0.1088 0.4161, 3.226 0.1206 0.4514, 3.226 0.1255 0.5409, 3.226 0.1184 0.4836, 3.226 0.1211 0.4616, 3.226 0.0969 0.4019, 3.226 0.0802 0.3899, 3.226 0.0641 0.3311, 3.226 0.0641 0.3836, 3.226 0.062 0.3828, 3.226 0.0969 0.5184, 3.226 0.1026 0.5129, 3.226 0.1125 0.4989, 3.226 0.0609 0.5369, 3.226 0.0641 0.5357, 3.226 0.0802 0.5298, 3.226 -0.0617 0.5409, 3.226 -0.0432 0.5396, 3.226 -0.0617 0.5396, 3.226 -0.105 0.5212, 3.226 -0.105 0.4699, 3.226 -0.0617 0.5212, 3.226 -0.0617 0.4699, 3.226 -0.0432 0.5212, 3.226 -0.0477 0.4699, 3.226 -0.0395 0.3977, 3.226 -0.0477 0.4516, 3.226 -0.0617 0.3977, 3.226 -0.0617 0.4516, 3.226 -0.105 0.3977, 3.226 -0.105 0.4516, 3.226 -0.0395 0.3795, 3.226 -0.0617 0.3795, 3.226 -0.1257 0.5396, 3.226 -0.1349 0.5409, 3.226 -0.1257 0.3795, 3.226 -2.5818 3.0315, 3.226 -2.7563 3.0315, 3.226 -3.9374 1.8858, 3.226 -2.7563 3.189, 3.226 -3.8193 3.189, 3.226 -3.9374 3.146, 3.226 -0.4342 3.0315, 3.226 -0.28 3.0315, 3.226 -0.28 1.8858, 3.226 -0.2704 3.0315, 3.226 -0.2704 1.8858, 3.226 -0.1349 3.0315, 3.226 -0.1349 1.8858, 3.226 -0.0617 3.0315, 3.226 -0.0617 1.8858, 3.226 -0.0244 3.0315, 3.226 -0.0244 1.8858, 3.226 0.0641 3.0315, 3.226 0.0641 1.8858, 3.226 0.1255 3.0315, 3.226 0.1255 1.8858, 3.226 0.1761 3.0315, 3.226 0.1761 1.8858, 3.226 0.787 3.0315, 3.226 0.787 1.8858, 3.226 -0.1577 0.5357, 3.226 -0.1747 0.5406, 3.226 -0.1785 0.5409, 3.226 -0.1577 0.5141, 3.226 -0.2117 0.3772, 3.226 -0.2291 0.3808, 3.226 -0.1604 0.3847, 3.226 -0.1776 0.3791, 3.226 -0.1595 0.5151, 3.226 -0.1577 0.4059, 3.226 -0.1757 0.5213, 3.226 -0.1955 0.5236, 3.226 -0.2033 0.5232, 3.226 -0.217 0.5202, 3.226 -0.2294 0.514, 3.226 -0.2533 0.4797, 3.226 -0.2559 0.4577, 3.226 -0.1991 0.3952, 3.226 -0.2391 0.5059, 3.226 -0.2402 0.5047, 3.226 -0.1735 0.3988, 3.226 -0.1916 0.3954, 3.226 -0.1577 0.3861, 3.226 -0.202 0.3767, 3.226 -0.2442 0.3879, 3.226 -0.2571 0.3986, 3.226 -0.2584 0.4, 3.226 -0.2479 0.4936, 3.226 -0.2556 0.4501, 3.226 -0.2528 0.4345, 3.226 -0.2474 0.4218, 3.226 -0.2402 0.412, 3.226 -0.2355 0.4076, 3.226 -0.2128 0.3966, 3.226 -0.2246 0.4005, 3.226 -0.1852 0.2347, 3.226 -0.2704 0.5409, 3.226 -0.2661 0.5035, 3.226 -0.2545 0.5187, 3.226 -0.2505 0.5225, 3.226 -0.2355 0.533, 3.226 -0.2188 0.5395, 3.226 -0.2679 0.4137, 3.226 -0.2704 0.4202, 3.226 -0.28 0.3311, 3.226 -0.28 0.5409, 3.226 -0.2737 0.4858, 3.226 -0.2704 0.4934, 3.226 -0.2745 0.4304, 3.226 -0.2776 0.4565, 3.226 -0.2773 0.4649, 3.226 -0.1132 0.1227, 3.226 -0.1349 0.0606, 3.226 -0.2704 0.0606, 3.226 -0.227 0.1227, 3.226 0.0325 0.2398, 3.226 0.0533 0.2398, 3.226 0.1255 0.2855, 3.226 0.1574 0.2855, 3.226 -0.0042 0.1538, 3.226 -0.0017 0.1444, 3.226 -0.0012 0.1444, 3.226 -0.0244 0.2119, 3.226 0.0012 0.1537, 3.226 -0.0003 0.1483, 3.226 -0.0244 0.1241, 3.226 -0.0244 0.1581, 3.226 -0.0565 0.2398, 3.226 -0.0341 0.2398, 3.226 -0.0117 0.1257, 3.226 -0.0123 0.1241, 3.226 -0.0205 0.1049, 3.226 -0.0617 0.0606, 3.226 -0.0524 0.0732, 3.226 -0.0524 0.091, 3.226 -0.0282 0.0934, 3.226 -0.0245 0.0975, 3.226 -0.0244 0.0976, 3.226 -0.0483 0.0897, 3.226 -0.041 0.0887, 3.226 -0.0244 0.0751, 3.226 -0.0313 0.0725, 3.226 -0.0244 0.0606, 3.226 -0.0395 0.0715, 3.226 -0.0439 0.0717, 3.226 -0.0359 0.0893, 3.226 -0.0315 0.0911, 3.226 0.0014 0.1081, 3.226 -0.0077 0.0904, 3.226 0.0641 0.0606, 3.226 0.0076 0.1241, 3.226 -0.0151 0.0816, 3.226 -0.0164 0.0804, 3.226 -0.0234 0.0755, 3.226 -0.2068 0.5409, 3.226 -0.1957 0.5423, 3.226 -0.3686 0.3795, 3.226 -0.3686 0.5396, 3.226 -0.2842 0.3795, 3.226 0.3534 0.1254, 3.226 0.3305 0.1254, 3.226 0.4518 0.1254, 3.226 0.4354 0.1692, 3.226 0.3688 0.1692, 3.226 0.3212 0.1973, 3.226 0.3173 0.1786, 3.226 0.3915 0.2855, 3.226 0.4136 0.2855, 3.226 0.4746 0.1254, 3.226 0.787 0.1241, 3.226 0.3094 0.162, 3.226 0.2975 0.1478, 3.226 0.2808 0.1358, 3.226 0.1913 0.2855, 3.226 0.1913 0.1254, 3.226 0.2353 0.1254, 3.226 0.2625 0.1287, 3.226 0.3216 0.2075, 3.226 0.319 0.2296, 3.226 0.2975 0.2643, 3.226 0.3031 0.2588, 3.226 0.313 0.2449, 3.226 0.2369 0.2855, 3.226 0.2614 0.2828, 3.226 0.2807 0.2758, 3.226 -0.2861 0.2671, 3.226 -0.3479 0.2671, 3.226 -0.3479 0.2159, 3.226 -0.2825 0.1437, 3.226 -0.2825 0.1254, 3.226 -0.28 0.1241, 3.226 -0.3686 0.1254, 3.226 -0.3479 0.1975, 3.226 -0.3479 0.1437, 3.226 -0.2907 0.1975, 3.226 -0.2907 0.2159, 3.226 -0.3686 0.2855, 3.226 -0.2861 0.2855, 3.226 0.1255 0.0606, 3.226 0.1761 0.0606, 3.226 0.787 0.0606, 3.226 -0.28 0.0606, 3.226 -0.28 -0.1968, 3.226 -0.2704 -0.1968, 3.226 -0.1349 -0.1968, 3.226 -0.0617 -0.1968, 3.226 -0.0244 -0.1968, 3.226 0.0641 -0.1968, 3.226 0.1255 -0.1968, 3.226 0.1761 -0.1968, 3.226 0.787 -0.1968, 3.226 -3.9374 0.5409, 3.226 -3.9374 0.3311, 3.226 -3.9374 0.1241, 3.226 -3.9374 0.0606, 3.226 -3.9374 -0.1968, 1.6118 -3.9374 2.9134, 1.6118 -3.9374 3.146, 0.352 -3.9374 2.9134, 0.352 -3.9374 3.146, -2.5743 -3.9374 -0.0057, -2.814 -3.9374 0.0787, -2.9551 -3.9374 0.0787, -0.0339 -3.9374 -0.0856, -0.3226 -3.9374 -0.0655, -3.2307 -3.9374 -0.1968, -2.3252 -3.9374 2.9134, -2.3252 -3.9374 3.146, -2.9551 -3.9374 2.9134, -3.2307 -3.9374 3.146, 2.9504 -3.9374 0.0787, 2.5066 -3.9374 -0.0057, 2.2234 -3.9374 -0.0655, 1.9346 -3.9374 -0.0856, 1.6459 -3.9374 -0.0655, 2.7463 -3.9374 0.0787, 2.9504 -3.9374 2.9134, 2.3205 -3.9374 2.9134, 2.3205 -3.9374 3.146, -0.6058 -3.9374 -0.0057, -0.8455 -3.9374 0.0787, -1.1907 -3.9374 0.0787, 1.123 -3.9374 0.0787, 0.7778 -3.9374 0.0787, 1.3627 -3.9374 -0.0057, 0.5381 -3.9374 -0.0057, 0.2549 -3.9374 -0.0655, -1.4305 -3.9374 -0.0057, -1.7136 -3.9374 -0.0655, -2.0024 -3.9374 -0.0856, -2.2911 -3.9374 -0.0655, 1.1472 -3.8944 0.1969, 1.1472 -0.3941 0.1969, 0.7535 -3.8944 0.1969, 0.7535 -0.3941 0.1969, 2.8323 -3.8944 0.1969, 2.8323 -0.3941 0.1969, 2.7221 -3.8944 0.1969, 2.7221 -0.3941 0.1969, -0.8213 -3.8944 0.1969, -0.8213 -0.3941 0.1969, -1.215 -3.8944 0.1969, -1.215 -0.3941 0.1969, -3.2307 -3.8193 3.189, -3.2307 -2.7563 3.189, -3.2307 -2.7563 3.0315, -3.2307 0.787 -0.1968, -3.2307 0.787 3.0315, 2.3598 -0.7878 -0.1968, 0.3913 -0.7878 -0.1968, 0.3913 0.787 -0.1968, 1.5724 0.787 -0.1968, 1.5724 -0.7878 -0.1968, 2.3598 0.787 -0.1968, -1.5772 -0.7878 -0.1968, -2.3646 -0.7878 -0.1968, -2.3646 0.787 -0.1968, -1.5772 0.787 -0.1968, -0.3961 0.787 -0.1968, -0.3961 -0.7878 -0.1968, -1.722 -3.5437 3.189, -1.6482 -3.8193 3.189, -0.325 -3.8193 3.189, -2.2935 -3.8193 3.189, 0.2465 -3.5437 3.189, -0.2512 -3.5437 3.189, -2.2197 -3.5437 3.189, 2.2888 -3.8193 3.189, 2.215 -3.5437 3.189, 1.7173 -3.5437 3.189, 1.6435 -3.8193 3.189, 0.3203 -3.8193 3.189, -1.6165 -3.9374 3.146, -1.6165 -3.9374 2.8383, -0.3567 -3.9374 3.146, -0.3567 -3.9374 2.8383, 1.5724 0.787 1.7717, 0.3913 0.787 1.7717, -0.3961 0.787 1.7717, 2.3598 0.787 1.7717, -2.3646 0.787 1.7717, -1.5772 0.787 1.7717, -2.837 -3.8944 0.1969, -2.837 -0.3941 0.1969, -2.837 -3.8944 2.7953, -2.837 -0.3941 2.7953, -0.2512 -3.5437 2.7953, -0.325 -3.8193 2.7953, -1.6482 -3.8193 2.7953, 2.8323 -3.8944 2.7953, 2.309 -3.8944 2.7953, 2.8323 -0.3941 2.7953, 2.215 -3.5437 2.7953, 1.7173 -3.5437 2.7953, -2.3137 -3.8944 2.7953, -2.2197 -3.5437 2.7953, -1.722 -3.5437 2.7953, 0.2465 -3.5437 2.7953, 0.3405 -3.8944 2.7953, 1.6233 -3.8944 2.7953, -2.7898 -3.8944 0.1969, -2.7898 -0.3941 0.1969, 2.5567 -0.3941 1.4961, 2.5366 -0.3941 1.3432, 2.4776 -0.3941 1.2008, -2.1237 -0.3941 2.0665, -2.2661 -0.3941 2.0075, -2.3884 -0.3941 1.9136, 1.9661 -0.3941 2.0866, 1.8133 -0.3941 2.0665, -0.0024 -0.3941 0.9055, -0.1552 -0.3941 0.9256, -0.303 -0.3941 0.051, 1.9661 -0.3941 0.9055, 1.8133 -0.3941 0.9256, 1.6655 -0.3941 0.051, 2.119 -0.3941 2.0665, 2.2614 -0.3941 2.0075, 2.3837 -0.3941 1.9136, -1.4004 -0.3941 1.3432, -1.4594 -0.3941 1.2008, -2.4823 -0.3941 1.2008, -2.5413 -0.3941 1.3432, -0.5672 -0.3941 0.1061, -0.2976 -0.3941 0.9846, 1.4014 -0.3941 0.1061, 1.6709 -0.3941 0.9846, -0.4199 -0.3941 1.9136, -0.2976 -0.3941 2.0075, 2.4776 -0.3941 1.7913, 2.5366 -0.3941 1.6489, -2.5614 -0.3941 1.4961, -2.5413 -0.3941 1.6489, -2.4823 -0.3941 1.7913, 0.5681 -0.3941 1.3432, 0.5091 -0.3941 1.2008, -0.1552 -0.3941 2.0665, -0.0024 -0.3941 2.0866, 0.1505 -0.3941 2.0665, -1.5533 -0.3941 1.0785, -1.6756 -0.3941 0.9846, -1.4691 -0.3941 0.1061, -1.818 -0.3941 0.9256, -1.7332 -0.3941 0.051, -1.9709 -0.3941 0.9055, -2.0024 -0.3941 0.0325, -2.2715 -0.3941 0.051, -2.1237 -0.3941 0.9256, -2.5357 -0.3941 0.1061, -2.2661 -0.3941 0.9846, -2.3884 -0.3941 1.0785, -0.0339 -0.3941 0.0325, 0.2353 -0.3941 0.051, 0.1505 -0.3941 0.9256, 0.4994 -0.3941 0.1061, 0.2929 -0.3941 0.9846, 0.4152 -0.3941 1.0785, 2.3837 -0.3941 1.0785, 2.2614 -0.3941 0.9846, 2.4679 -0.3941 0.1061, 2.119 -0.3941 0.9256, 2.2038 -0.3941 0.051, 1.9346 -0.3941 0.0325, -1.9709 -0.3941 2.0866, -1.818 -0.3941 2.0665, -1.6756 -0.3941 2.0075, -1.5533 -0.3941 1.9136, -1.4594 -0.3941 1.7913, -1.4004 -0.3941 1.6489, -0.5138 -0.3941 1.7913, -1.3803 -0.3941 1.4961, -0.4199 -0.3941 1.0785, -0.5138 -0.3941 1.2008, 0.4152 -0.3941 1.9136, 1.3957 -0.3941 1.6489, 0.2929 -0.3941 2.0075, 1.4547 -0.3941 1.7913, 1.5486 -0.3941 1.9136, 1.6709 -0.3941 2.0075, 0.5882 -0.3941 1.4961, 1.5486 -0.3941 1.0785, 1.4547 -0.3941 1.2008, 0.5091 -0.3941 1.7913, 0.5681 -0.3941 1.6489, 1.3756 -0.3941 1.4961, 1.3957 -0.3941 1.3432, -0.5728 -0.3941 1.3432, -0.5929 -0.3941 1.4961, -0.5728 -0.3941 1.6489, -2.5419 -3.8944 0.1079, -2.5356 -3.8944 0.1066, -2.2747 -3.8944 0.0514, -2.2715 -3.8944 0.0512, -2.0024 -3.8944 0.0325, -1.7332 -3.8944 0.0512, -1.73 -3.8944 0.0514, -1.4691 -3.8944 0.1066, -1.4628 -3.8944 0.1079, 1.3951 -3.8944 0.1079, 1.4014 -3.8944 0.1066, 1.6623 -3.8944 0.0514, 1.6655 -3.8944 0.0512, 1.9346 -3.8944 0.0325, 2.2038 -3.8944 0.0512, 2.207 -3.8944 0.0514, 2.4679 -3.8944 0.1066, 2.4742 -3.8944 0.1079, -0.5734 -3.8944 0.1079, -0.5671 -3.8944 0.1066, -0.3062 -3.8944 0.0514, -0.303 -3.8944 0.0512, -0.0339 -3.8944 0.0325, 0.2353 -3.8944 0.0512, 0.2385 -3.8944 0.0514, 0.4994 -3.8944 0.1066, 0.5057 -3.8944 0.1079, 2.3598 0.7476 1.7717, 2.3598 0.7476 -0.1575, 2.3598 -0.7878 -0.1575, 1.5724 0.7476 1.7717, 1.5724 -0.7878 -0.1575, 1.5724 0.7476 -0.1575, 1.7496 0.7476 -0.1575, 1.7496 0.7476 1.5748, 2.1827 0.7476 1.5748, 2.1827 0.7476 -0.1575, 1.7496 -0.2366 -0.1575, 2.1827 -0.2366 -0.1575, 2.1827 -0.2366 1.5748, 1.7496 -0.2366 1.5748, 1.7693 -0.2366 1.5748, 1.7693 -0.2366 1.2205, 2.163 -0.2366 1.5748, 2.163 -0.2366 1.2205, 2.163 -0.0398 1.5748, 1.7693 -0.0398 1.5748, -1.5772 0.7476 1.7717, -1.5772 0.7476 -0.1575, -1.5772 -0.7878 -0.1575, -2.3646 0.7476 1.7717, -2.3646 -0.7878 -0.1575, -2.3646 0.7476 -0.1575, -2.1874 0.7476 -0.1575, -2.1874 0.7476 1.5748, -1.7543 0.7476 1.5748, -1.7543 0.7476 -0.1575, 0.3913 0.7476 1.7717, 0.3913 0.7476 -0.1575, 0.3913 -0.7878 -0.1575, -0.3961 0.7476 1.7717, -0.3961 -0.7878 -0.1575, -0.3961 0.7476 -0.1575, -0.2189 0.7476 -0.1575, -0.2189 0.7476 1.5748, 0.2142 0.7476 1.5748, 0.2142 0.7476 -0.1575, -0.2189 -0.2366 -0.1575, 0.2142 -0.2366 -0.1575, -2.1874 -0.2366 -0.1575, -1.7543 -0.2366 -0.1575, -1.7543 -0.2366 1.5748, -2.1874 -0.2366 1.5748, -2.1677 -0.2366 1.5748, -2.1677 -0.2366 1.2205, -1.774 -0.2366 1.5748, -1.774 -0.2366 1.2205, -1.774 -0.0398 1.5748, -2.1677 -0.0398 1.5748, 0.2142 -0.2366 1.5748, -0.2189 -0.2366 1.5748, -0.1992 -0.2366 1.5748, -0.1992 -0.2366 1.2205, 0.1945 -0.2366 1.5748, 0.1945 -0.2366 1.2205, 0.1945 -0.0398 1.5748, -0.1992 -0.0398 1.5748
            ]
        }
        coordIndex [
            0,1,2,-1,3,4,5,-1,6,7,8,-1,8,7,9,-1,8,9,10,-1,11,12,13,-1,13,12,8,-1,13,8,14,-1,14,8,15,-1,10,16,8,-1,8,16,17,-1,8,17,15,-1,18,19,20,-1,20,19,21,-1,21,19,22,-1,22,19,23,-1,22,23,24,-1,24,23,25,-1,24,25,26,-1,25,27,28,-1,25,29,26,-1,26,29,30,-1,26,30,31,-1,31,30,32,-1,31,32,33,-1,28,34,25,-1,25,34,35,-1,25,35,29,-1,36,37,38,-1,36,38,39,-1,37,40,38,-1,38,40,41,-1,38,41,42,-1,42,41,43,-1,43,44,42,-1,42,44,45,-1,42,45,25,-1,25,45,46,-1,25,46,27,-1,47,39,48,-1,48,39,38,-1,48,38,49,-1,49,38,50,-1,51,52,53,-1,52,54,53,-1,53,54,55,-1,53,55,56,-1,56,55,57,-1,56,57,58,-1,58,57,59,-1,58,59,38,-1,38,59,60,-1,38,60,50,-1,61,62,63,-1,62,64,63,-1,63,64,65,-1,63,65,66,-1,67,68,69,-1,70,71,72,-1,72,71,73,-1,67,69,74,-1,75,76,77,-1,78,79,71,-1,71,79,80,-1,71,80,81,-1,11,82,12,-1,12,82,83,-1,12,83,77,-1,77,83,84,-1,77,84,75,-1,68,85,69,-1,69,85,86,-1,69,86,87,-1,88,89,90,-1,90,89,91,-1,90,91,92,-1,93,81,94,-1,94,81,95,-1,94,95,90,-1,90,95,96,-1,90,96,88,-1,93,97,81,-1,81,97,98,-1,81,98,71,-1,71,98,99,-1,71,99,73,-1,76,100,77,-1,77,100,101,-1,77,101,102,-1,103,104,105,-1,105,104,106,-1,105,106,69,-1,69,106,107,-1,69,107,74,-1,108,109,69,-1,69,109,110,-1,69,110,71,-1,71,110,111,-1,71,111,78,-1,112,113,61,-1,113,114,61,-1,61,114,115,-1,61,115,116,-1,116,117,61,-1,61,117,118,-1,61,118,119,-1,119,118,103,-1,119,103,120,-1,120,103,105,-1,87,121,69,-1,69,121,122,-1,69,122,123,-1,123,124,69,-1,69,124,125,-1,69,125,108,-1,126,127,128,-1,127,129,128,-1,128,129,130,-1,128,130,131,-1,80,128,81,-1,81,128,132,-1,81,132,133,-1,134,135,136,-1,136,135,137,-1,136,137,138,-1,134,136,80,-1,80,136,139,-1,80,139,128,-1,128,139,140,-1,128,140,126,-1,141,142,143,-1,143,142,144,-1,143,144,145,-1,131,130,146,-1,146,130,147,-1,146,147,148,-1,148,147,149,-1,148,149,150,-1,133,151,81,-1,81,151,143,-1,81,143,152,-1,152,143,145,-1,153,154,155,-1,155,154,156,-1,155,156,157,-1,158,159,160,-1,160,159,161,-1,160,161,162,-1,163,164,165,-1,165,164,166,-1,165,166,167,-1,167,166,168,-1,167,168,153,-1,153,168,162,-1,153,162,154,-1,154,162,161,-1,156,169,157,-1,157,169,170,-1,157,170,171,-1,171,170,172,-1,173,174,175,-1,176,177,178,-1,178,177,179,-1,178,179,180,-1,181,182,183,-1,183,182,184,-1,185,186,182,-1,182,186,187,-1,174,188,175,-1,175,188,189,-1,175,189,190,-1,190,189,191,-1,192,193,191,-1,191,193,194,-1,191,194,190,-1,195,196,179,-1,179,196,197,-1,181,198,182,-1,182,198,199,-1,182,199,185,-1,197,200,179,-1,179,200,201,-1,179,201,180,-1,202,203,204,-1,173,175,204,-1,204,175,205,-1,204,205,202,-1,202,205,206,-1,202,206,207,-1,208,209,210,-1,210,209,211,-1,210,211,212,-1,207,213,202,-1,202,213,214,-1,202,214,215,-1,216,217,191,-1,191,217,218,-1,191,218,219,-1,220,221,222,-1,222,221,223,-1,222,223,224,-1,225,226,227,-1,227,226,228,-1,227,228,212,-1,212,228,229,-1,212,229,210,-1,219,230,191,-1,191,230,231,-1,191,231,192,-1,220,225,221,-1,221,225,227,-1,221,227,232,-1,232,227,177,-1,232,177,233,-1,233,177,176,-1,233,176,234,-1,234,176,235,-1,236,237,5,-1,238,239,240,-1,240,239,241,-1,240,241,242,-1,243,244,5,-1,5,244,245,-1,242,246,240,-1,240,246,247,-1,240,247,248,-1,248,247,249,-1,248,249,236,-1,250,251,237,-1,237,251,252,-1,237,252,5,-1,5,252,253,-1,5,253,243,-1,245,254,5,-1,5,254,255,-1,5,255,3,-1,256,257,258,-1,258,257,259,-1,258,259,260,-1,258,261,256,-1,256,261,262,-1,256,262,263,-1,263,264,256,-1,256,264,265,-1,256,265,266,-1,266,265,267,-1,266,267,268,-1,268,267,269,-1,268,269,237,-1,237,269,270,-1,237,270,250,-1,271,272,260,-1,260,272,273,-1,260,273,258,-1,274,275,224,-1,224,275,276,-1,224,276,222,-1,274,277,275,-1,275,277,278,-1,275,278,279,-1,279,278,280,-1,279,281,282,-1,280,283,279,-1,279,283,284,-1,279,284,285,-1,285,286,279,-1,279,286,287,-1,279,287,281,-1,282,288,279,-1,279,288,289,-1,279,289,290,-1,291,292,293,-1,293,292,153,-1,294,295,296,-1,296,297,294,-1,294,297,298,-1,294,298,299,-1,299,298,300,-1,301,302,303,-1,303,302,153,-1,303,153,304,-1,304,153,292,-1,305,306,307,-1,308,309,310,-1,307,306,310,-1,310,306,311,-1,310,311,308,-1,312,313,302,-1,312,302,314,-1,315,316,317,-1,313,318,302,-1,302,318,319,-1,302,319,320,-1,320,319,321,-1,320,321,322,-1,323,324,315,-1,315,324,325,-1,315,325,316,-1,308,326,309,-1,309,326,327,-1,309,327,315,-1,315,327,328,-1,315,328,323,-1,300,298,301,-1,301,298,315,-1,301,315,302,-1,302,315,317,-1,302,317,314,-1,310,329,330,-1,330,329,331,-1,332,333,334,-1,334,333,335,-1,334,335,336,-1,336,335,337,-1,336,337,338,-1,338,337,339,-1,338,339,340,-1,340,339,341,-1,340,341,342,-1,342,341,343,-1,330,336,310,-1,310,336,338,-1,310,338,307,-1,307,338,344,-1,307,344,248,-1,248,344,345,-1,248,345,240,-1,331,329,346,-1,346,329,347,-1,346,347,348,-1,349,350,351,-1,350,352,351,-1,351,352,353,-1,351,353,354,-1,349,23,355,-1,355,23,19,-1,355,19,356,-1,356,19,357,-1,356,357,358,-1,358,357,359,-1,358,359,360,-1,360,359,361,-1,360,361,362,-1,362,361,363,-1,362,363,364,-1,364,363,365,-1,364,365,366,-1,366,365,367,-1,366,367,368,-1,368,367,369,-1,368,369,370,-1,370,369,371,-1,370,371,372,-1,372,371,373,-1,374,347,375,-1,375,347,376,-1,345,348,240,-1,240,348,347,-1,240,347,377,-1,377,347,374,-1,378,379,202,-1,380,381,240,-1,377,382,383,-1,383,382,384,-1,383,384,385,-1,385,386,383,-1,383,386,387,-1,383,387,388,-1,389,390,391,-1,388,392,383,-1,383,392,393,-1,383,393,394,-1,394,393,395,-1,377,383,240,-1,240,383,396,-1,240,396,380,-1,378,202,397,-1,379,398,202,-1,202,398,399,-1,202,399,400,-1,395,393,391,-1,391,393,401,-1,391,401,389,-1,390,402,391,-1,391,402,403,-1,391,403,404,-1,404,405,391,-1,391,405,406,-1,391,406,407,-1,407,406,408,-1,381,397,240,-1,240,397,202,-1,240,202,238,-1,238,202,215,-1,238,215,208,-1,208,215,409,-1,208,409,209,-1,410,411,412,-1,412,413,410,-1,410,413,414,-1,410,414,415,-1,400,416,202,-1,202,416,417,-1,202,417,418,-1,419,420,410,-1,410,420,421,-1,410,421,411,-1,417,422,418,-1,418,422,423,-1,418,423,419,-1,419,423,424,-1,419,424,420,-1,425,235,426,-1,426,235,176,-1,426,176,427,-1,427,176,178,-1,427,178,428,-1,429,430,320,-1,430,171,320,-1,320,171,172,-1,320,172,302,-1,302,172,431,-1,302,431,153,-1,153,431,432,-1,153,432,167,-1,433,434,435,-1,322,305,320,-1,320,305,307,-1,320,307,429,-1,429,307,436,-1,429,436,437,-1,437,436,433,-1,437,433,438,-1,438,433,435,-1,439,440,5,-1,5,440,441,-1,236,5,248,-1,248,5,441,-1,248,441,307,-1,307,441,442,-1,307,442,436,-1,443,440,444,-1,444,440,439,-1,444,439,445,-1,446,447,448,-1,449,450,439,-1,439,450,451,-1,439,451,445,-1,425,426,4,-1,4,426,446,-1,4,446,5,-1,5,446,448,-1,5,448,439,-1,439,448,452,-1,439,452,453,-1,454,455,456,-1,456,455,457,-1,456,457,446,-1,446,457,458,-1,446,458,447,-1,453,459,439,-1,439,459,460,-1,439,460,449,-1,461,462,463,-1,461,463,464,-1,462,465,463,-1,463,465,466,-1,463,466,456,-1,456,466,467,-1,456,467,454,-1,468,469,359,-1,359,469,376,-1,359,376,361,-1,361,376,347,-1,361,347,363,-1,363,347,329,-1,363,329,365,-1,365,329,310,-1,365,310,367,-1,367,310,309,-1,367,309,369,-1,369,309,315,-1,369,315,371,-1,371,315,298,-1,371,298,373,-1,373,298,297,-1,18,6,19,-1,19,6,8,-1,19,8,357,-1,357,8,419,-1,357,419,359,-1,359,419,410,-1,359,410,468,-1,468,410,415,-1,470,471,8,-1,8,471,0,-1,8,0,419,-1,419,0,2,-1,419,2,418,-1,418,2,472,-1,418,472,12,-1,12,472,470,-1,12,470,8,-1,473,474,155,-1,475,476,477,-1,478,479,474,-1,153,480,481,-1,477,473,475,-1,475,473,155,-1,475,155,482,-1,482,155,483,-1,482,483,481,-1,481,483,296,-1,481,296,153,-1,153,296,295,-1,153,295,293,-1,479,484,474,-1,474,484,485,-1,474,485,486,-1,487,153,488,-1,488,153,155,-1,488,155,489,-1,489,155,474,-1,489,474,490,-1,490,474,486,-1,478,474,491,-1,491,474,480,-1,491,480,492,-1,493,494,480,-1,480,494,495,-1,480,495,492,-1,487,496,153,-1,153,496,497,-1,153,497,480,-1,480,497,498,-1,480,498,493,-1,499,500,501,-1,502,503,504,-1,504,503,505,-1,504,505,77,-1,506,507,508,-1,508,507,502,-1,508,502,509,-1,77,505,12,-1,12,505,510,-1,12,510,418,-1,418,510,511,-1,418,511,499,-1,501,509,499,-1,499,509,502,-1,499,502,418,-1,418,502,504,-1,418,504,202,-1,202,504,182,-1,202,182,203,-1,203,182,187,-1,430,464,171,-1,171,464,463,-1,171,463,157,-1,157,463,512,-1,157,512,155,-1,155,512,513,-1,155,513,483,-1,483,513,514,-1,428,184,427,-1,427,184,182,-1,427,182,515,-1,515,182,504,-1,515,504,63,-1,63,504,77,-1,63,77,61,-1,61,77,102,-1,61,102,112,-1,66,51,63,-1,63,51,53,-1,63,53,515,-1,515,53,516,-1,515,516,427,-1,427,516,517,-1,427,517,426,-1,426,517,518,-1,426,518,446,-1,446,518,519,-1,446,519,456,-1,456,519,520,-1,456,520,463,-1,463,520,521,-1,463,521,512,-1,512,521,522,-1,512,522,513,-1,513,522,523,-1,513,523,514,-1,514,523,524,-1,349,351,23,-1,23,351,525,-1,23,525,25,-1,25,525,526,-1,25,526,42,-1,42,526,527,-1,42,527,38,-1,38,527,528,-1,38,528,58,-1,58,528,529,-1,58,529,56,-1,530,531,532,-1,532,531,533,-1,534,535,536,-1,537,538,539,-1,540,541,542,-1,542,541,543,-1,542,543,536,-1,536,543,539,-1,536,539,534,-1,528,527,544,-1,544,527,526,-1,545,546,529,-1,529,546,547,-1,529,547,539,-1,539,547,548,-1,539,548,537,-1,528,544,529,-1,529,544,549,-1,529,549,545,-1,526,525,544,-1,544,525,351,-1,544,351,550,-1,550,351,354,-1,550,354,551,-1,551,354,552,-1,553,554,555,-1,556,557,558,-1,558,557,559,-1,558,559,548,-1,548,559,560,-1,548,560,537,-1,555,561,553,-1,553,561,562,-1,553,562,538,-1,538,562,563,-1,538,563,539,-1,539,563,564,-1,539,564,534,-1,565,566,567,-1,567,566,568,-1,569,570,571,-1,571,570,572,-1,573,574,575,-1,575,574,576,-1,577,578,579,-1,543,577,539,-1,539,577,579,-1,539,579,580,-1,580,579,581,-1,53,56,582,-1,583,584,585,-1,586,582,539,-1,539,582,56,-1,539,56,529,-1,587,524,523,-1,588,539,589,-1,589,539,580,-1,589,580,590,-1,582,519,518,-1,591,592,588,-1,588,592,593,-1,588,593,539,-1,539,593,583,-1,539,583,586,-1,586,583,585,-1,523,522,587,-1,587,522,521,-1,587,521,582,-1,582,521,520,-1,582,520,519,-1,518,517,582,-1,582,517,516,-1,582,516,53,-1,594,595,596,-1,578,577,597,-1,352,578,598,-1,598,578,599,-1,597,600,578,-1,578,600,594,-1,578,594,599,-1,599,594,596,-1,601,353,602,-1,602,353,352,-1,602,352,603,-1,603,352,598,-1,603,598,604,-1,604,598,605,-1,606,607,608,-1,608,607,609,-1,610,585,584,-1,372,611,581,-1,581,611,612,-1,584,611,610,-1,610,611,372,-1,610,372,613,-1,613,372,373,-1,613,373,587,-1,587,373,297,-1,587,297,296,-1,590,580,614,-1,614,580,581,-1,614,581,615,-1,615,581,612,-1,615,612,591,-1,591,612,592,-1,296,483,587,-1,587,483,514,-1,587,514,524,-1,616,617,618,-1,618,617,619,-1,620,621,622,-1,623,624,625,-1,625,624,626,-1,625,626,619,-1,619,626,627,-1,628,618,629,-1,629,618,619,-1,629,619,630,-1,622,630,620,-1,620,630,619,-1,620,619,631,-1,631,619,627,-1,631,627,632,-1,632,627,633,-1,623,625,569,-1,569,625,570,-1,634,635,616,-1,616,635,617,-1,619,617,635,-1,625,636,570,-1,570,636,637,-1,570,637,572,-1,572,637,638,-1,639,619,640,-1,640,619,641,-1,642,625,643,-1,643,625,619,-1,644,645,646,-1,647,648,649,-1,642,650,625,-1,625,650,651,-1,625,651,652,-1,576,653,654,-1,655,656,635,-1,646,645,657,-1,657,645,658,-1,657,658,574,-1,649,648,659,-1,659,648,660,-1,659,660,566,-1,619,661,662,-1,652,663,625,-1,625,663,664,-1,625,664,636,-1,656,665,635,-1,635,665,666,-1,635,666,619,-1,619,666,667,-1,619,667,641,-1,568,668,669,-1,662,670,619,-1,619,670,671,-1,619,671,672,-1,654,673,576,-1,576,673,674,-1,576,674,675,-1,675,674,676,-1,675,676,677,-1,677,676,678,-1,677,678,679,-1,679,678,680,-1,680,678,681,-1,680,681,682,-1,682,681,683,-1,682,683,635,-1,635,683,684,-1,635,684,655,-1,646,685,644,-1,644,685,686,-1,644,686,687,-1,687,686,688,-1,687,688,689,-1,689,688,568,-1,689,568,690,-1,690,568,669,-1,638,691,572,-1,572,691,692,-1,572,692,693,-1,693,692,694,-1,693,694,695,-1,695,694,647,-1,695,647,696,-1,696,647,649,-1,639,697,619,-1,619,697,698,-1,619,698,661,-1,661,698,699,-1,661,699,700,-1,700,701,661,-1,661,701,702,-1,661,702,703,-1,576,574,653,-1,653,574,658,-1,653,658,704,-1,704,658,705,-1,704,705,706,-1,707,708,709,-1,709,708,710,-1,709,710,672,-1,672,710,711,-1,672,711,619,-1,619,711,712,-1,619,712,643,-1,568,566,668,-1,668,566,660,-1,668,660,713,-1,713,660,714,-1,713,714,715,-1,707,716,708,-1,708,716,717,-1,708,717,718,-1,718,717,713,-1,718,713,719,-1,719,713,715,-1,706,720,704,-1,704,720,721,-1,704,721,702,-1,702,721,722,-1,702,722,703,-1,634,723,635,-1,635,723,682,-1,723,724,682,-1,682,724,725,-1,682,725,680,-1,680,725,726,-1,680,726,679,-1,679,726,727,-1,679,727,677,-1,677,727,728,-1,677,728,675,-1,728,729,675,-1,675,729,730,-1,675,730,576,-1,576,730,731,-1,576,731,575,-1,565,732,566,-1,566,732,659,-1,732,733,659,-1,659,733,734,-1,659,734,649,-1,649,734,735,-1,649,735,696,-1,696,735,736,-1,696,736,695,-1,695,736,737,-1,695,737,693,-1,737,738,693,-1,693,738,739,-1,693,739,572,-1,572,739,740,-1,572,740,571,-1,573,741,574,-1,574,741,657,-1,741,742,657,-1,657,742,743,-1,657,743,646,-1,646,743,744,-1,646,744,685,-1,685,744,745,-1,685,745,686,-1,686,745,746,-1,686,746,688,-1,746,747,688,-1,688,747,748,-1,688,748,568,-1,568,748,749,-1,568,749,567,-1,594,600,630,-1,630,600,629,-1,627,626,603,-1,603,626,602,-1,598,599,631,-1,631,599,620,-1,352,350,578,-1,578,350,579,-1,372,581,370,-1,370,581,368,-1,355,356,581,-1,362,364,581,-1,581,364,366,-1,581,366,368,-1,356,358,581,-1,581,358,360,-1,581,360,362,-1,355,581,349,-1,349,581,579,-1,349,579,350,-1,601,552,353,-1,353,552,354,-1,597,577,541,-1,541,577,543,-1,530,532,633,-1,633,532,632,-1,604,605,531,-1,531,605,533,-1,596,595,608,-1,608,595,606,-1,609,607,621,-1,621,607,622,-1,540,542,628,-1,628,542,618,-1,536,616,542,-1,542,616,618,-1,535,634,536,-1,536,634,616,-1,561,555,575,-1,575,731,561,-1,561,731,730,-1,561,730,562,-1,730,729,562,-1,562,729,728,-1,562,728,563,-1,728,727,563,-1,563,727,726,-1,563,726,564,-1,634,535,723,-1,723,535,534,-1,723,534,724,-1,724,534,564,-1,724,564,725,-1,725,564,726,-1,554,573,555,-1,555,573,575,-1,559,557,567,-1,567,749,559,-1,559,749,748,-1,559,748,560,-1,748,747,560,-1,560,747,746,-1,560,746,537,-1,746,745,537,-1,537,745,744,-1,537,744,538,-1,573,554,741,-1,741,554,553,-1,741,553,742,-1,742,553,538,-1,742,538,743,-1,743,538,744,-1,556,565,557,-1,557,565,567,-1,545,549,571,-1,571,740,545,-1,545,740,739,-1,545,739,546,-1,739,738,546,-1,546,738,737,-1,546,737,547,-1,737,736,547,-1,547,736,735,-1,547,735,548,-1,565,556,732,-1,732,556,558,-1,732,558,733,-1,733,558,548,-1,733,548,734,-1,734,548,735,-1,544,569,549,-1,549,569,571,-1,550,623,544,-1,544,623,569,-1,551,624,550,-1,550,624,623,-1,750,613,751,-1,751,613,587,-1,751,587,752,-1,752,587,582,-1,750,753,613,-1,613,753,610,-1,754,586,755,-1,755,586,585,-1,755,585,753,-1,753,585,610,-1,756,755,757,-1,757,755,753,-1,757,753,758,-1,758,753,750,-1,758,750,759,-1,759,750,751,-1,755,756,760,-1,759,751,761,-1,761,751,752,-1,761,752,760,-1,760,752,754,-1,760,754,755,-1,754,752,586,-1,586,752,582,-1,758,759,762,-1,762,759,761,-1,763,760,757,-1,757,760,756,-1,763,764,765,-1,766,762,767,-1,767,762,761,-1,767,761,765,-1,765,761,760,-1,765,760,763,-1,762,766,768,-1,764,763,769,-1,769,763,757,-1,769,757,768,-1,768,757,758,-1,768,758,762,-1,770,615,771,-1,771,615,591,-1,771,591,772,-1,772,591,588,-1,770,773,615,-1,615,773,614,-1,774,589,775,-1,775,589,590,-1,775,590,773,-1,773,590,614,-1,776,775,777,-1,777,775,773,-1,777,773,778,-1,778,773,770,-1,778,770,779,-1,779,770,771,-1,780,611,781,-1,781,611,584,-1,781,584,782,-1,782,584,583,-1,780,783,611,-1,611,783,612,-1,784,593,785,-1,785,593,592,-1,785,592,783,-1,783,592,612,-1,786,785,787,-1,787,785,783,-1,787,783,788,-1,788,783,780,-1,788,780,789,-1,789,780,781,-1,785,786,790,-1,789,781,791,-1,791,781,782,-1,791,782,790,-1,790,782,784,-1,790,784,785,-1,784,782,593,-1,593,782,583,-1,775,776,792,-1,779,771,793,-1,793,771,772,-1,793,772,792,-1,792,772,774,-1,792,774,775,-1,774,772,589,-1,589,772,588,-1,778,779,794,-1,794,779,793,-1,795,792,777,-1,777,792,776,-1,795,796,797,-1,798,794,799,-1,799,794,793,-1,799,793,797,-1,797,793,792,-1,797,792,795,-1,794,798,800,-1,796,795,801,-1,801,795,777,-1,801,777,800,-1,800,777,778,-1,800,778,794,-1,788,789,802,-1,802,789,791,-1,803,790,787,-1,787,790,786,-1,803,804,805,-1,806,802,807,-1,807,802,791,-1,807,791,805,-1,805,791,790,-1,805,790,803,-1,802,806,808,-1,804,803,809,-1,809,803,787,-1,809,787,808,-1,808,787,788,-1,808,788,802,-1,
        ]
    }
}
Shape{
    appearance Appearance {
        material  Material 	{
            diffuseColor 1.0 1.0 1.0
            specularColor 0.5019607843137255 0.5019607843137255 0.5019607843137255
            ambientIntensity 1.0
            transparency 0.0
            shininess 0.5
        }
    }
    geometry IndexedFaceSet {
        ccw TRUE
        solid FALSE
        coord DEF co Coordinate {
            point [
                -2.1677 0.1965 -1.3386, -2.1677 0.1965 1.1024, -1.774 0.1965 -1.3386, -1.774 0.1965 1.1024, -1.86 0.1105 -1.5748, -1.86 -0.1113 -1.5748, -2.0817 0.1105 -1.5748, -2.0817 -0.1113 -1.5748, -1.774 -0.1972 -1.3386, -1.774 -0.1972 1.1024, -2.1677 -0.1972 -1.3386, -2.1677 -0.1972 1.1024, -1.774 -0.0398 1.5748, -1.774 -0.2366 1.5748, -1.774 0.0593 1.4808, -1.774 -0.2366 1.2205, -1.774 0.1341 1.3665, -1.774 -0.2151 1.1842, -1.774 0.1807 1.238, -1.774 -0.2017 1.1443, -2.1677 0.1807 1.238, -2.1677 -0.2017 1.1443, -2.1677 0.1341 1.3665, -2.1677 -0.2151 1.1842, -2.1677 0.0593 1.4808, -2.1677 -0.2366 1.2205, -2.1677 -0.0398 1.5748, -2.1677 -0.2366 1.5748
            ]
        }
        coordIndex [
            0,1,2,-1,2,1,3,-1,4,5,6,-1,6,5,7,-1,8,9,10,-1,10,9,11,-1,12,13,14,-1,14,13,15,-1,14,15,16,-1,16,15,17,-1,16,17,18,-1,18,17,19,-1,18,19,3,-1,3,19,9,-1,3,9,2,-1,2,9,8,-1,0,10,1,-1,1,10,11,-1,1,11,20,-1,20,11,21,-1,20,21,22,-1,22,21,23,-1,22,23,24,-1,24,23,25,-1,24,25,26,-1,26,25,27,-1,26,12,14,-1,26,14,24,-1,24,14,16,-1,24,16,22,-1,22,16,18,-1,22,18,20,-1,20,18,3,-1,20,3,1,-1,11,9,21,-1,21,9,19,-1,21,19,23,-1,23,19,17,-1,23,17,25,-1,25,17,15,-1,10,7,8,-1,8,7,5,-1,0,6,10,-1,10,6,7,-1,4,2,5,-1,5,2,8,-1,2,4,0,-1,0,4,6,-1,
        ]
    }
}
Shape{
    appearance Appearance {
        material  Material 	{
            diffuseColor 0.5019607843137255 1.0 0.5019607843137255
            specularColor 0.25098039215686274 0.5019607843137255 0.25098039215686274
            ambientIntensity 0.7943
            transparency 0.0
            shininess 0.5
        }
    }
    geometry IndexedFaceSet {
        ccw TRUE
        solid FALSE
        coord DEF co Coordinate {
            point [
                -1.3803 -0.3941 1.4961, -1.4004 -0.7878 1.3432, -1.4004 -0.3941 1.3432, -1.4594 -0.7878 1.2008, -1.4594 -0.3941 1.2008, -1.5533 -0.7878 1.0785, -1.5533 -0.3941 1.0785, -1.6756 -0.7878 0.9846, -1.6756 -0.3941 0.9846, -1.818 -0.7878 0.9256, -1.818 -0.3941 0.9256, -1.9709 -0.7878 0.9055, -1.9709 -0.3941 0.9055, -2.1237 -0.7878 0.9256, -2.1237 -0.3941 0.9256, -2.2661 -0.7878 0.9846, -2.2661 -0.3941 0.9846, -2.3884 -0.7878 1.0785, -2.3884 -0.3941 1.0785, -2.4823 -0.7878 1.2008, -2.4823 -0.3941 1.2008, -2.5413 -0.7878 1.3432, -2.5413 -0.3941 1.3432, -2.5614 -0.7878 1.4961, -2.5614 -0.3941 1.4961, -2.5413 -0.7878 1.6489, -2.5413 -0.3941 1.6489, -2.4823 -0.7878 1.7913, -2.4823 -0.3941 1.7913, -2.3884 -0.7878 1.9136, -2.3884 -0.3941 1.9136, -2.2661 -0.7878 2.0075, -2.2661 -0.3941 2.0075, -2.1237 -0.7878 2.0665, -2.1237 -0.3941 2.0665, -1.9709 -0.7878 2.0866, -1.9709 -0.3941 2.0866, -1.818 -0.7878 2.0665, -1.818 -0.3941 2.0665, -1.6756 -0.7878 2.0075, -1.6756 -0.3941 2.0075, -1.5533 -0.7878 1.9136, -1.5533 -0.3941 1.9136, -1.4594 -0.7878 1.7913, -1.4594 -0.3941 1.7913, -1.4004 -0.7878 1.6489, -1.4004 -0.3941 1.6489, -1.3803 -0.7878 1.4961, -1.774 -0.7878 1.2992, -2.1677 -0.7878 1.6929, -2.1677 -0.7878 1.2992, -1.774 -0.7878 1.6929
            ]
        }
        coordIndex [
            0,1,2,-1,2,1,3,-1,2,3,4,-1,4,3,5,-1,4,5,6,-1,6,5,7,-1,6,7,8,-1,8,7,9,-1,8,9,10,-1,10,9,11,-1,10,11,12,-1,12,11,13,-1,12,13,14,-1,14,13,15,-1,14,15,16,-1,16,15,17,-1,16,17,18,-1,18,17,19,-1,18,19,20,-1,20,19,21,-1,20,21,22,-1,22,21,23,-1,22,23,24,-1,24,23,25,-1,24,25,26,-1,26,25,27,-1,26,27,28,-1,28,27,29,-1,28,29,30,-1,30,29,31,-1,30,31,32,-1,32,31,33,-1,32,33,34,-1,34,33,35,-1,34,35,36,-1,36,35,37,-1,36,37,38,-1,38,37,39,-1,38,39,40,-1,40,39,41,-1,40,41,42,-1,42,41,43,-1,42,43,44,-1,44,43,45,-1,44,45,46,-1,46,45,47,-1,46,47,0,-1,0,47,1,-1,48,9,7,-1,33,31,49,-1,17,15,50,-1,50,15,13,-1,50,13,48,-1,48,13,11,-1,48,11,9,-1,31,29,49,-1,49,29,27,-1,49,27,25,-1,25,23,49,-1,49,23,21,-1,49,21,50,-1,50,21,19,-1,50,19,17,-1,7,5,48,-1,48,5,3,-1,48,3,1,-1,1,47,48,-1,48,47,45,-1,48,45,51,-1,51,45,43,-1,51,43,41,-1,41,39,51,-1,51,39,37,-1,51,37,49,-1,49,37,35,-1,49,35,33,-1,
        ]
    }
}
Shape{
    appearance Appearance {
        material  Material 	{
            diffuseColor 1.0 1.0 1.0
            specularColor 0.5019607843137255 0.5019607843137255 0.5019607843137255
            ambientIntensity 1.0
            transparency 0.0
            shininess 0.5
        }
    }
    geometry IndexedFaceSet {
        ccw TRUE
        solid FALSE
        coord DEF co Coordinate {
            point [
                -1.86 -3.15 1.3852, -1.86 -3.15 1.6069, -2.0817 -3.15 1.3852, -2.0817 -3.15 1.6069, -2.1677 -2.9138 1.2992, -2.1677 -2.9138 1.6929, -1.774 -2.9138 1.2992, -1.774 -2.9138 1.6929, -2.1677 -0.7878 1.6929, -1.774 -0.7878 1.6929, -1.774 -0.7878 1.2992, -2.1677 -0.7878 1.2992, -0.1992 0.1965 -1.3386, -0.1992 0.1965 1.1024, 0.1945 0.1965 -1.3386, 0.1945 0.1965 1.1024, 0.1085 0.1105 -1.5748, 0.1085 -0.1113 -1.5748, -0.1132 0.1105 -1.5748, -0.1132 -0.1113 -1.5748, 0.1945 -0.1972 -1.3386, 0.1945 -0.1972 1.1024, -0.1992 -0.1972 -1.3386, -0.1992 -0.1972 1.1024, 0.1945 -0.2017 1.1443, 0.1945 0.1807 1.238, 0.1945 -0.2151 1.1842, 0.1945 0.1341 1.3665, 0.1945 -0.2366 1.2205, 0.1945 0.0593 1.4808, 0.1945 -0.2366 1.5748, 0.1945 -0.0398 1.5748, -0.1992 0.1807 1.238, -0.1992 -0.2017 1.1443, -0.1992 0.1341 1.3665, -0.1992 -0.2151 1.1842, -0.1992 0.0593 1.4808, -0.1992 -0.2366 1.2205, -0.1992 -0.0398 1.5748, -0.1992 -0.2366 1.5748, 1.7693 0.1965 -1.3386, 1.7693 0.1965 1.1024, 2.163 0.1965 -1.3386, 2.163 0.1965 1.1024, 2.077 0.1105 -1.5748, 2.077 -0.1113 -1.5748, 1.8553 0.1105 -1.5748, 1.8553 -0.1113 -1.5748, 2.163 -0.1972 -1.3386, 2.163 -0.1972 1.1024, 1.7693 -0.1972 -1.3386, 1.7693 -0.1972 1.1024, 2.163 -0.0398 1.5748, 2.163 -0.2366 1.5748, 2.163 0.0593 1.4808, 2.163 -0.2366 1.2205, 2.163 0.1341 1.3665, 2.163 -0.2151 1.1842, 2.163 0.1807 1.238, 2.163 -0.2017 1.1443, 1.7693 0.1807 1.238, 1.7693 -0.2017 1.1443, 1.7693 0.1341 1.3665, 1.7693 -0.2151 1.1842, 1.7693 0.0593 1.4808, 1.7693 -0.2366 1.2205, 1.7693 -0.0398 1.5748, 1.7693 -0.2366 1.5748
            ]
        }
        coordIndex [
            0,1,2,-1,2,1,3,-1,4,2,5,-1,5,2,3,-1,0,6,1,-1,1,6,7,-1,6,0,4,-1,4,0,2,-1,5,3,7,-1,7,3,1,-1,8,5,9,-1,9,5,7,-1,6,4,10,-1,10,4,11,-1,9,7,10,-1,10,7,6,-1,4,5,11,-1,11,5,8,-1,12,13,14,-1,14,13,15,-1,16,17,18,-1,18,17,19,-1,20,21,22,-1,22,21,23,-1,20,14,21,-1,21,14,15,-1,21,15,24,-1,24,15,25,-1,24,25,26,-1,26,25,27,-1,26,27,28,-1,28,27,29,-1,28,29,30,-1,30,29,31,-1,12,22,13,-1,13,22,23,-1,13,23,32,-1,32,23,33,-1,32,33,34,-1,34,33,35,-1,34,35,36,-1,36,35,37,-1,36,37,38,-1,38,37,39,-1,38,31,29,-1,38,29,36,-1,36,29,27,-1,36,27,34,-1,34,27,25,-1,34,25,32,-1,32,25,15,-1,32,15,13,-1,23,21,33,-1,33,21,24,-1,33,24,35,-1,35,24,26,-1,35,26,37,-1,37,26,28,-1,40,41,42,-1,42,41,43,-1,44,45,46,-1,46,45,47,-1,48,49,50,-1,50,49,51,-1,52,53,54,-1,54,53,55,-1,54,55,56,-1,56,55,57,-1,56,57,58,-1,58,57,59,-1,58,59,43,-1,43,59,49,-1,43,49,42,-1,42,49,48,-1,40,50,41,-1,41,50,51,-1,41,51,60,-1,60,51,61,-1,60,61,62,-1,62,61,63,-1,62,63,64,-1,64,63,65,-1,64,65,66,-1,66,65,67,-1,66,52,54,-1,66,54,64,-1,64,54,56,-1,64,56,62,-1,62,56,58,-1,62,58,60,-1,60,58,43,-1,60,43,41,-1,51,49,61,-1,61,49,59,-1,61,59,63,-1,63,59,57,-1,63,57,65,-1,65,57,55,-1,22,19,20,-1,20,19,17,-1,12,18,22,-1,22,18,19,-1,16,14,17,-1,17,14,20,-1,14,16,12,-1,12,16,18,-1,50,47,48,-1,48,47,45,-1,40,46,50,-1,50,46,47,-1,44,42,45,-1,45,42,48,-1,42,44,40,-1,40,44,46,-1,
        ]
    }
}
Shape{
    appearance Appearance {
        material  Material 	{
            diffuseColor 0.5019607843137255 1.0 0.5019607843137255
            specularColor 0.25098039215686274 0.5019607843137255 0.25098039215686274
            ambientIntensity 0.7943
            transparency 0.0
            shininess 0.5
        }
    }
    geometry IndexedFaceSet {
        ccw TRUE
        solid FALSE
        coord DEF co Coordinate {
            point [
                0.5882 -0.3941 1.4961, 0.5681 -0.7878 1.3432, 0.5681 -0.3941 1.3432, 0.5091 -0.7878 1.2008, 0.5091 -0.3941 1.2008, 0.4152 -0.7878 1.0785, 0.4152 -0.3941 1.0785, 0.2929 -0.7878 0.9846, 0.2929 -0.3941 0.9846, 0.1505 -0.7878 0.9256, 0.1505 -0.3941 0.9256, -0.0024 -0.7878 0.9055, -0.0024 -0.3941 0.9055, -0.1552 -0.7878 0.9256, -0.1552 -0.3941 0.9256, -0.2976 -0.7878 0.9846, -0.2976 -0.3941 0.9846, -0.4199 -0.7878 1.0785, -0.4199 -0.3941 1.0785, -0.5138 -0.7878 1.2008, -0.5138 -0.3941 1.2008, -0.5728 -0.7878 1.3432, -0.5728 -0.3941 1.3432, -0.5929 -0.7878 1.4961, -0.5929 -0.3941 1.4961, -0.5728 -0.7878 1.6489, -0.5728 -0.3941 1.6489, -0.5138 -0.7878 1.7913, -0.5138 -0.3941 1.7913, -0.4199 -0.7878 1.9136, -0.4199 -0.3941 1.9136, -0.2976 -0.7878 2.0075, -0.2976 -0.3941 2.0075, -0.1552 -0.7878 2.0665, -0.1552 -0.3941 2.0665, -0.0024 -0.7878 2.0866, -0.0024 -0.3941 2.0866, 0.1505 -0.7878 2.0665, 0.1505 -0.3941 2.0665, 0.2929 -0.7878 2.0075, 0.2929 -0.3941 2.0075, 0.4152 -0.7878 1.9136, 0.4152 -0.3941 1.9136, 0.5091 -0.7878 1.7913, 0.5091 -0.3941 1.7913, 0.5681 -0.7878 1.6489, 0.5681 -0.3941 1.6489, 0.5882 -0.7878 1.4961, -0.1992 -0.7878 1.2992, 0.1945 -0.7878 1.2992, -0.1992 -0.7878 1.6929, 0.1945 -0.7878 1.6929
            ]
        }
        coordIndex [
            0,1,2,-1,2,1,3,-1,2,3,4,-1,4,3,5,-1,4,5,6,-1,6,5,7,-1,6,7,8,-1,8,7,9,-1,8,9,10,-1,10,9,11,-1,10,11,12,-1,12,11,13,-1,12,13,14,-1,14,13,15,-1,14,15,16,-1,16,15,17,-1,16,17,18,-1,18,17,19,-1,18,19,20,-1,20,19,21,-1,20,21,22,-1,22,21,23,-1,22,23,24,-1,24,23,25,-1,24,25,26,-1,26,25,27,-1,26,27,28,-1,28,27,29,-1,28,29,30,-1,30,29,31,-1,30,31,32,-1,32,31,33,-1,32,33,34,-1,34,33,35,-1,34,35,36,-1,36,35,37,-1,36,37,38,-1,38,37,39,-1,38,39,40,-1,40,39,41,-1,40,41,42,-1,42,41,43,-1,42,43,44,-1,44,43,45,-1,44,45,46,-1,46,45,47,-1,46,47,0,-1,0,47,1,-1,17,15,48,-1,48,15,13,-1,13,11,48,-1,48,11,9,-1,48,9,49,-1,49,9,7,-1,49,7,5,-1,33,31,50,-1,31,29,50,-1,50,29,27,-1,50,27,25,-1,25,23,50,-1,50,23,21,-1,50,21,48,-1,48,21,19,-1,48,19,17,-1,47,51,1,-1,1,51,49,-1,1,49,3,-1,3,49,5,-1,47,45,51,-1,51,45,43,-1,51,43,41,-1,41,39,51,-1,51,39,37,-1,51,37,50,-1,50,37,35,-1,50,35,33,-1,
        ]
    }
}
Shape{
    appearance Appearance {
        material  Material 	{
            diffuseColor 1.0 1.0 1.0
            specularColor 0.5019607843137255 0.5019607843137255 0.5019607843137255
            ambientIntensity 1.0
            transparency 0.0
            shininess 0.5
        }
    }
    geometry IndexedFaceSet {
        ccw TRUE
        solid FALSE
        coord DEF co Coordinate {
            point [
                0.1085 -3.15 1.3852, 0.1085 -3.15 1.6069, -0.1132 -3.15 1.3852, -0.1132 -3.15 1.6069, -0.1992 -2.9138 1.2992, -0.1992 -2.9138 1.6929, 0.1945 -2.9138 1.2992, 0.1945 -2.9138 1.6929, -0.1992 -0.7878 1.6929, 0.1945 -0.7878 1.6929, 0.1945 -0.7878 1.2992, -0.1992 -0.7878 1.2992
            ]
        }
        coordIndex [
            0,1,2,-1,2,1,3,-1,4,2,5,-1,5,2,3,-1,0,6,1,-1,1,6,7,-1,6,0,4,-1,4,0,2,-1,5,3,7,-1,7,3,1,-1,8,5,9,-1,9,5,7,-1,6,4,10,-1,10,4,11,-1,9,7,10,-1,10,7,6,-1,4,5,11,-1,11,5,8,-1,
        ]
    }
}
Shape{
    appearance Appearance {
        material  Material 	{
            diffuseColor 0.5019607843137255 1.0 0.5019607843137255
            specularColor 0.25098039215686274 0.5019607843137255 0.25098039215686274
            ambientIntensity 0.7943
            transparency 0.0
            shininess 0.5
        }
    }
    geometry IndexedFaceSet {
        ccw TRUE
        solid FALSE
        coord DEF co Coordinate {
            point [
                2.5567 -0.3941 1.4961, 2.5366 -0.7878 1.3432, 2.5366 -0.3941 1.3432, 2.4776 -0.7878 1.2008, 2.4776 -0.3941 1.2008, 2.3837 -0.7878 1.0785, 2.3837 -0.3941 1.0785, 2.2614 -0.7878 0.9846, 2.2614 -0.3941 0.9846, 2.119 -0.7878 0.9256, 2.119 -0.3941 0.9256, 1.9661 -0.7878 0.9055, 1.9661 -0.3941 0.9055, 1.8133 -0.7878 0.9256, 1.8133 -0.3941 0.9256, 1.6709 -0.7878 0.9846, 1.6709 -0.3941 0.9846, 1.5486 -0.7878 1.0785, 1.5486 -0.3941 1.0785, 1.4547 -0.7878 1.2008, 1.4547 -0.3941 1.2008, 1.3957 -0.7878 1.3432, 1.3957 -0.3941 1.3432, 1.3756 -0.7878 1.4961, 1.3756 -0.3941 1.4961, 1.3957 -0.7878 1.6489, 1.3957 -0.3941 1.6489, 1.4547 -0.7878 1.7913, 1.4547 -0.3941 1.7913, 1.5486 -0.7878 1.9136, 1.5486 -0.3941 1.9136, 1.6709 -0.7878 2.0075, 1.6709 -0.3941 2.0075, 1.8133 -0.7878 2.0665, 1.8133 -0.3941 2.0665, 1.9661 -0.7878 2.0866, 1.9661 -0.3941 2.0866, 2.119 -0.7878 2.0665, 2.119 -0.3941 2.0665, 2.2614 -0.7878 2.0075, 2.2614 -0.3941 2.0075, 2.3837 -0.7878 1.9136, 2.3837 -0.3941 1.9136, 2.4776 -0.7878 1.7913, 2.4776 -0.3941 1.7913, 2.5366 -0.7878 1.6489, 2.5366 -0.3941 1.6489, 2.5567 -0.7878 1.4961, 2.163 -0.7878 1.6929, 1.7693 -0.7878 1.6929, 1.7693 -0.7878 1.2992, 2.163 -0.7878 1.2992
            ]
        }
        coordIndex [
            0,1,2,-1,2,1,3,-1,2,3,4,-1,4,3,5,-1,4,5,6,-1,6,5,7,-1,6,7,8,-1,8,7,9,-1,8,9,10,-1,10,9,11,-1,10,11,12,-1,12,11,13,-1,12,13,14,-1,14,13,15,-1,14,15,16,-1,16,15,17,-1,16,17,18,-1,18,17,19,-1,18,19,20,-1,20,19,21,-1,20,21,22,-1,22,21,23,-1,22,23,24,-1,24,23,25,-1,24,25,26,-1,26,25,27,-1,26,27,28,-1,28,27,29,-1,28,29,30,-1,30,29,31,-1,30,31,32,-1,32,31,33,-1,32,33,34,-1,34,33,35,-1,34,35,36,-1,36,35,37,-1,36,37,38,-1,38,37,39,-1,38,39,40,-1,40,39,41,-1,40,41,42,-1,42,41,43,-1,42,43,44,-1,44,43,45,-1,44,45,46,-1,46,45,47,-1,46,47,0,-1,0,47,1,-1,43,41,48,-1,33,31,49,-1,17,15,50,-1,50,15,13,-1,50,13,51,-1,51,13,11,-1,51,11,9,-1,31,29,49,-1,49,29,27,-1,49,27,25,-1,25,23,49,-1,49,23,21,-1,49,21,50,-1,50,21,19,-1,50,19,17,-1,9,7,51,-1,51,7,5,-1,51,5,3,-1,41,39,48,-1,48,39,37,-1,48,37,49,-1,49,37,35,-1,49,35,33,-1,3,1,51,-1,51,1,47,-1,51,47,48,-1,48,47,45,-1,48,45,43,-1,
        ]
    }
}
Shape{
    appearance Appearance {
        material  Material 	{
            diffuseColor 1.0 1.0 1.0
            specularColor 0.5019607843137255 0.5019607843137255 0.5019607843137255
            ambientIntensity 1.0
            transparency 0.0
            shininess 0.5
        }
    }
    geometry IndexedFaceSet {
        ccw TRUE
        solid FALSE
        coord DEF co Coordinate {
            point [
                2.077 -3.15 1.3852, 2.077 -3.15 1.6069, 1.8553 -3.15 1.3852, 1.8553 -3.15 1.6069, 1.7693 -2.9138 1.2992, 1.7693 -2.9138 1.6929, 2.163 -2.9138 1.2992, 2.163 -2.9138 1.6929, 1.7693 -0.7878 1.6929, 2.163 -0.7878 1.6929, 2.163 -0.7878 1.2992, 1.7693 -0.7878 1.2992
            ]
        }
        coordIndex [
            0,1,2,-1,2,1,3,-1,4,2,5,-1,5,2,3,-1,0,6,1,-1,1,6,7,-1,6,0,4,-1,4,0,2,-1,5,3,7,-1,7,3,1,-1,8,5,9,-1,9,5,7,-1,6,4,10,-1,10,4,11,-1,9,7,10,-1,10,7,6,-1,4,5,11,-1,11,5,8,-1,
        ]
    }
}
Shape{
    appearance Appearance {
        material  Material 	{
            diffuseColor 0.5019607843137255 1.0 0.5019607843137255
            specularColor 0.25098039215686274 0.5019607843137255 0.25098039215686274
            ambientIntensity 0.7943
            transparency 0.0
            shininess 0.5
        }
    }
    geometry IndexedFaceSet {
        ccw TRUE
        solid FALSE
        coord DEF co Coordinate {
            point [
                1.6118 -3.9374 3.146, 1.6118 -3.9374 2.9134, 1.6435 -3.8193 3.189, 1.6233 -3.8944 2.7953, 1.7173 -3.5437 3.189, 1.7173 -3.5437 2.7953, 2.215 -3.5437 3.189, 2.215 -3.5437 2.7953, 2.2888 -3.8193 3.189, 2.309 -3.8944 2.7953, 2.3205 -3.9374 3.146, 2.3205 -3.9374 2.9134, -1.6165 -3.9374 2.8383, -1.6165 -3.9374 3.146, -1.6482 -3.8193 2.7953, -1.6482 -3.8193 3.189, -1.722 -3.5437 2.7953, -1.722 -3.5437 3.189, -2.3252 -3.9374 3.146, -2.3252 -3.9374 2.9134, -2.2935 -3.8193 3.189, -2.3137 -3.8944 2.7953, -2.2197 -3.5437 3.189, -2.2197 -3.5437 2.7953, 0.2465 -3.5437 3.189, 0.2465 -3.5437 2.7953, 0.3203 -3.8193 3.189, 0.3405 -3.8944 2.7953, 0.352 -3.9374 3.146, 0.352 -3.9374 2.9134, -0.3567 -3.9374 3.146, -0.3567 -3.9374 2.8383, -0.325 -3.8193 3.189, -0.325 -3.8193 2.7953, -0.2512 -3.5437 3.189, -0.2512 -3.5437 2.7953
            ]
        }
        coordIndex [
            0,1,2,-1,2,1,3,-1,2,3,4,-1,4,3,5,-1,6,7,8,-1,8,7,9,-1,8,9,10,-1,10,9,11,-1,12,13,14,-1,14,13,15,-1,14,15,16,-1,16,15,17,-1,18,19,20,-1,20,19,21,-1,20,21,22,-1,22,21,23,-1,24,25,26,-1,26,25,27,-1,26,27,28,-1,28,27,29,-1,30,31,32,-1,32,31,33,-1,32,33,34,-1,34,33,35,-1,
        ]
    }
}
Shape{
    appearance Appearance {
        material  Material 	{
            diffuseColor 0.0 0.0 0.0
            specularColor 0.0 0.0 0.0
            ambientIntensity 0.0
            transparency 0.0
            shininess 0.5
        }
    }
    geometry IndexedFaceSet {
        ccw TRUE
        solid FALSE
        coord DEF co Coordinate {
            point [
                3.2299 -0.2842 0.3977, 3.2299 -0.2842 0.3795, 3.226 -0.2842 0.3977, 3.226 -0.2842 0.3795, 3.2299 -0.3479 0.3977, 3.226 -0.3479 0.3977, 3.2299 -0.3479 0.5396, 3.226 -0.3479 0.5396, 3.2299 -0.3686 0.5396, 3.226 -0.3686 0.5396, 3.2299 -0.3686 0.3795, 3.226 -0.3686 0.3795, 3.2299 -0.202 0.3767, 3.226 -0.202 0.3767, 3.226 -0.1776 0.3791, 3.2299 -0.1776 0.3791, 3.226 -0.1604 0.3847, 3.2299 -0.1604 0.3847, 3.226 -0.1577 0.3861, 3.2299 -0.1577 0.3861, 3.2299 -0.1577 0.4059, 3.226 -0.1577 0.4059, 3.226 -0.1735 0.3988, 3.2299 -0.1735 0.3988, 3.226 -0.1916 0.3954, 3.2299 -0.1916 0.3954, 3.226 -0.1991 0.3952, 3.2299 -0.1991 0.3952, 3.226 -0.2128 0.3966, 3.2299 -0.2128 0.3966, 3.226 -0.2246 0.4005, 3.2299 -0.2246 0.4005, 3.226 -0.2355 0.4076, 3.2299 -0.2355 0.4076, 3.226 -0.2402 0.412, 3.2299 -0.2402 0.412, 3.226 -0.2474 0.4218, 3.2299 -0.2474 0.4218, 3.226 -0.2528 0.4345, 3.2299 -0.2528 0.4345, 3.226 -0.2556 0.4501, 3.2299 -0.2556 0.4501, 3.226 -0.2559 0.4577, 3.2299 -0.2559 0.4577, 3.226 -0.2533 0.4797, 3.2299 -0.2533 0.4797, 3.226 -0.2479 0.4936, 3.2299 -0.2479 0.4936, 3.226 -0.2402 0.5047, 3.2299 -0.2402 0.5047, 3.226 -0.2391 0.5059, 3.2299 -0.2391 0.5059, 3.226 -0.2294 0.514, 3.2299 -0.2294 0.514, 3.226 -0.217 0.5202, 3.2299 -0.217 0.5202, 3.226 -0.2033 0.5232, 3.2299 -0.2033 0.5232, 3.226 -0.1955 0.5236, 3.2299 -0.1955 0.5236, 3.226 -0.1757 0.5213, 3.2299 -0.1757 0.5213, 3.226 -0.1595 0.5151, 3.2299 -0.1595 0.5151, 3.226 -0.1577 0.5141, 3.2299 -0.1577 0.5141, 3.2299 -0.1577 0.5357, 3.226 -0.1577 0.5357, 3.226 -0.1957 0.5423, 3.2299 -0.1957 0.5423, 3.226 -0.1785 0.5409, 3.2299 -0.1747 0.5406, 3.226 -0.1747 0.5406, 3.226 -0.2068 0.5409, 3.2299 -0.2188 0.5395, 3.226 -0.2188 0.5395, 3.226 -0.2355 0.533, 3.2299 -0.2355 0.533, 3.226 -0.2505 0.5225, 3.2299 -0.2505 0.5225, 3.226 -0.2545 0.5187, 3.2299 -0.2545 0.5187, 3.226 -0.2661 0.5035, 3.226 -0.2704 0.4934, 3.2299 -0.2737 0.4858, 3.2299 -0.2661 0.5035, 3.226 -0.2737 0.4858, 3.226 -0.2773 0.4649, 3.2299 -0.2773 0.4649, 3.226 -0.2776 0.4565, 3.2299 -0.2776 0.4565, 3.226 -0.2745 0.4304, 3.226 -0.2704 0.4202, 3.2299 -0.2679 0.4137, 3.2299 -0.2745 0.4304, 3.226 -0.2679 0.4137, 3.226 -0.2584 0.4, 3.2299 -0.2584 0.4, 3.226 -0.2571 0.3986, 3.2299 -0.2571 0.3986, 3.226 -0.2442 0.3879, 3.2299 -0.2442 0.3879, 3.226 -0.2291 0.3808, 3.2299 -0.2291 0.3808, 3.226 -0.2117 0.3772, 3.2299 -0.2117 0.3772, 3.2299 -0.0395 0.3977, 3.2299 -0.0395 0.3795, 3.226 -0.0395 0.3977, 3.226 -0.0395 0.3795, 3.226 -0.105 0.3977, 3.2299 -0.105 0.3977, 3.226 -0.0617 0.3977, 3.2299 -0.105 0.4516, 3.226 -0.105 0.4516, 3.226 -0.0477 0.4516, 3.2299 -0.0477 0.4516, 3.226 -0.0617 0.4516, 3.2299 -0.0477 0.4699, 3.226 -0.0477 0.4699, 3.226 -0.105 0.4699, 3.2299 -0.105 0.4699, 3.226 -0.0617 0.4699, 3.2299 -0.105 0.5212, 3.226 -0.105 0.5212, 3.226 -0.0432 0.5212, 3.2299 -0.0432 0.5212, 3.226 -0.0617 0.5212, 3.2299 -0.0432 0.5396, 3.226 -0.0432 0.5396, 3.226 -0.1257 0.5396, 3.2299 -0.1257 0.5396, 3.226 -0.0617 0.5396, 3.2299 -0.1257 0.3795, 3.226 -0.1257 0.3795, 3.226 -0.0617 0.3795, 3.2299 0.0969 0.4019, 3.2299 0.0804 0.4127, 3.2299 0.0802 0.3899, 3.2299 0.0701 0.4055, 3.2299 0.062 0.3828, 3.2299 0.0568 0.4004, 3.2299 0.0348 0.3795, 3.2299 0.0346 0.3977, 3.2299 -0.0093 0.3795, 3.2299 0.0114 0.3977, 3.2299 -0.0093 0.5396, 3.2299 0.0114 0.5212, 3.2299 0.0364 0.5396, 3.2299 0.0356 0.5212, 3.2299 0.0376 0.5212, 3.2299 0.0609 0.5369, 3.2299 0.0579 0.5185, 3.2299 0.0802 0.5298, 3.2299 0.0715 0.5131, 3.2299 0.0969 0.5184, 3.2299 0.0818 0.5061, 3.2299 0.1026 0.5129, 3.2299 0.0863 0.5017, 3.2299 0.1125 0.4989, 3.2299 0.0925 0.4927, 3.2299 0.1184 0.4836, 3.2299 0.097 0.481, 3.2299 0.1211 0.4616, 3.2299 0.0994 0.461, 3.2299 0.1206 0.4514, 3.2299 0.0987 0.4497, 3.2299 0.1167 0.4326, 3.2299 0.0954 0.4353, 3.2299 0.1088 0.4161, 3.2299 0.0898 0.4236, 3.2299 0.0823 0.4144, 3.226 0.0348 0.3795, 3.226 -0.0093 0.3795, 3.226 0.0969 0.4019, 3.226 0.062 0.3828, 3.226 0.0641 0.3836, 3.226 0.0802 0.3899, 3.226 0.1088 0.4161, 3.226 0.1167 0.4326, 3.226 0.1206 0.4514, 3.226 0.1211 0.4616, 3.226 0.1184 0.4836, 3.226 0.1125 0.4989, 3.226 0.1026 0.5129, 3.226 0.0969 0.5184, 3.226 0.0802 0.5298, 3.226 0.0641 0.5357, 3.226 0.0609 0.5369, 3.226 0.0364 0.5396, 3.226 -0.0093 0.5396, 3.226 0.0356 0.5212, 3.226 0.0114 0.5212, 3.226 0.0114 0.3977, 3.226 0.0346 0.3977, 3.226 0.0823 0.4144, 3.226 0.0804 0.4127, 3.226 0.0701 0.4055, 3.226 0.0568 0.4004, 3.226 0.0994 0.461, 3.226 0.0987 0.4497, 3.226 0.0954 0.4353, 3.226 0.0898 0.4236, 3.226 0.0818 0.5061, 3.226 0.0863 0.5017, 3.226 0.0925 0.4927, 3.226 0.097 0.481, 3.226 0.0376 0.5212, 3.226 0.0579 0.5185, 3.226 0.0715 0.5131
            ]
        }
        coordIndex [
            0,1,2,-1,2,1,3,-1,4,0,5,-1,5,0,2,-1,6,4,7,-1,7,4,5,-1,8,6,9,-1,9,6,7,-1,10,8,11,-1,11,8,9,-1,1,10,3,-1,3,10,11,-1,6,8,4,-1,4,8,10,-1,4,10,0,-1,0,10,1,-1,12,13,14,-1,12,14,15,-1,15,14,16,-1,15,16,17,-1,17,16,18,-1,17,18,19,-1,20,19,21,-1,21,19,18,-1,20,21,22,-1,20,22,23,-1,23,22,24,-1,23,24,25,-1,25,24,26,-1,25,26,27,-1,27,26,28,-1,27,28,29,-1,29,28,30,-1,29,30,31,-1,31,30,32,-1,31,32,33,-1,33,32,34,-1,33,34,35,-1,35,34,36,-1,35,36,37,-1,37,36,38,-1,37,38,39,-1,39,38,40,-1,39,40,41,-1,41,40,42,-1,41,42,43,-1,43,42,44,-1,43,44,45,-1,45,44,46,-1,45,46,47,-1,47,46,48,-1,47,48,49,-1,49,48,50,-1,49,50,51,-1,51,50,52,-1,51,52,53,-1,53,52,54,-1,53,54,55,-1,55,54,56,-1,55,56,57,-1,57,56,58,-1,57,58,59,-1,59,58,60,-1,59,60,61,-1,61,60,62,-1,61,62,63,-1,63,62,64,-1,63,64,65,-1,66,65,67,-1,67,65,64,-1,68,69,70,-1,70,69,71,-1,70,71,72,-1,72,71,66,-1,72,66,67,-1,69,68,73,-1,69,73,74,-1,73,75,74,-1,74,75,76,-1,74,76,77,-1,77,76,78,-1,77,78,79,-1,79,78,80,-1,79,80,81,-1,81,80,82,-1,83,84,82,-1,82,84,85,-1,82,85,81,-1,83,86,84,-1,84,86,87,-1,84,87,88,-1,88,87,89,-1,88,89,90,-1,90,89,91,-1,92,93,91,-1,91,93,94,-1,91,94,90,-1,92,95,93,-1,93,95,96,-1,93,96,97,-1,97,96,98,-1,97,98,99,-1,99,98,100,-1,99,100,101,-1,101,100,102,-1,101,102,103,-1,103,102,104,-1,103,104,105,-1,105,104,13,-1,105,13,12,-1,53,55,74,-1,45,47,85,-1,85,47,81,-1,74,55,69,-1,90,43,88,-1,88,43,45,-1,88,45,84,-1,84,45,85,-1,55,57,69,-1,69,57,59,-1,69,59,71,-1,71,59,61,-1,71,61,66,-1,66,61,63,-1,66,63,65,-1,19,20,17,-1,17,20,23,-1,17,23,15,-1,15,23,25,-1,15,25,12,-1,12,25,27,-1,12,27,105,-1,105,27,29,-1,105,29,103,-1,103,29,31,-1,103,31,101,-1,101,31,33,-1,101,33,99,-1,99,33,35,-1,99,35,97,-1,97,35,37,-1,97,37,93,-1,93,37,94,-1,94,37,39,-1,94,39,90,-1,90,39,41,-1,90,41,43,-1,47,49,81,-1,81,49,51,-1,81,51,79,-1,79,51,53,-1,79,53,77,-1,77,53,74,-1,106,107,108,-1,108,107,109,-1,110,111,112,-1,112,111,106,-1,112,106,108,-1,113,111,114,-1,114,111,110,-1,115,116,117,-1,117,116,113,-1,117,113,114,-1,118,116,119,-1,119,116,115,-1,120,121,122,-1,122,121,118,-1,122,118,119,-1,123,121,124,-1,124,121,120,-1,125,126,127,-1,127,126,123,-1,127,123,124,-1,128,126,129,-1,129,126,125,-1,130,131,132,-1,132,131,128,-1,132,128,129,-1,133,131,134,-1,134,131,130,-1,109,107,135,-1,135,107,133,-1,135,133,134,-1,133,107,106,-1,106,111,133,-1,133,111,113,-1,133,113,131,-1,126,128,123,-1,123,128,131,-1,123,131,121,-1,121,131,113,-1,121,113,118,-1,118,113,116,-1,136,137,138,-1,138,137,139,-1,138,139,140,-1,140,139,141,-1,140,141,142,-1,142,141,143,-1,142,143,144,-1,144,143,145,-1,144,145,146,-1,146,145,147,-1,146,147,148,-1,147,149,148,-1,148,149,150,-1,148,150,151,-1,151,150,152,-1,151,152,153,-1,153,152,154,-1,153,154,155,-1,155,154,156,-1,155,156,157,-1,157,156,158,-1,157,158,159,-1,159,158,160,-1,159,160,161,-1,161,160,162,-1,161,162,163,-1,163,162,164,-1,163,164,165,-1,165,164,166,-1,165,166,167,-1,167,166,168,-1,167,168,169,-1,169,168,170,-1,169,170,136,-1,136,170,171,-1,136,171,137,-1,142,144,172,-1,172,144,173,-1,174,136,138,-1,142,172,175,-1,142,175,140,-1,140,175,176,-1,140,176,138,-1,138,176,177,-1,138,177,174,-1,136,174,178,-1,136,178,169,-1,169,178,179,-1,169,179,167,-1,167,179,180,-1,167,180,165,-1,165,180,181,-1,165,181,163,-1,163,181,182,-1,163,182,161,-1,161,182,183,-1,161,183,159,-1,159,183,184,-1,159,184,157,-1,157,184,185,-1,157,185,155,-1,155,185,186,-1,187,151,186,-1,186,151,153,-1,186,153,155,-1,187,188,151,-1,151,188,189,-1,151,189,148,-1,146,148,190,-1,190,148,189,-1,144,146,173,-1,173,146,190,-1,149,147,191,-1,191,147,192,-1,147,145,192,-1,192,145,193,-1,145,143,193,-1,193,143,194,-1,171,195,196,-1,171,196,137,-1,137,196,197,-1,137,197,139,-1,139,197,198,-1,139,198,141,-1,141,198,194,-1,141,194,143,-1,164,199,200,-1,164,200,166,-1,166,200,201,-1,166,201,168,-1,168,201,202,-1,168,202,170,-1,170,202,195,-1,170,195,171,-1,156,203,204,-1,156,204,158,-1,158,204,205,-1,158,205,160,-1,160,205,206,-1,160,206,162,-1,162,206,199,-1,162,199,164,-1,149,191,207,-1,149,207,150,-1,150,207,208,-1,150,208,152,-1,152,208,209,-1,152,209,154,-1,154,209,203,-1,154,203,156,-1,
        ]
    }
}
Shape{
    appearance Appearance {
        material  Material 	{
            diffuseColor 0.5019607843137255 1.0 0.5019607843137255
            specularColor 0.25098039215686274 0.5019607843137255 0.25098039215686274
            ambientIntensity 0.7943
            transparency 0.0
            shininess 0.5
        }
    }
    geometry IndexedFaceSet {
        ccw TRUE
        solid FALSE
        coord DEF co Coordinate {
            point [
                3.226 0.0701 0.4055, 3.226 0.0804 0.4127, 3.226 0.0376 0.5212, 3.226 0.0114 0.5212, 3.226 0.0114 0.3977, 3.226 0.0356 0.5212, 3.226 0.0346 0.3977, 3.226 0.0568 0.4004, 3.226 0.0823 0.4144, 3.226 0.0898 0.4236, 3.226 0.0954 0.4353, 3.226 0.0994 0.461, 3.226 0.0818 0.5061, 3.226 0.0715 0.5131, 3.226 0.097 0.481, 3.226 0.0925 0.4927, 3.226 0.0863 0.5017, 3.226 0.0987 0.4497, 3.226 0.0579 0.5185
            ]
        }
        coordIndex [
            0,1,2,-1,3,4,5,-1,5,4,6,-1,5,6,2,-1,2,6,7,-1,2,7,0,-1,1,8,2,-1,2,8,9,-1,2,9,10,-1,11,12,13,-1,14,15,11,-1,11,15,16,-1,11,16,12,-1,10,17,2,-1,2,17,11,-1,2,11,18,-1,18,11,13,-1,
        ]
    }
}
Shape{
    appearance Appearance {
        material  Material 	{
            diffuseColor 0.0 0.0 0.0
            specularColor 0.0 0.0 0.0
            ambientIntensity 0.0
            transparency 0.0
            shininess 0.5
        }
    }
    geometry IndexedFaceSet {
        ccw TRUE
        solid FALSE
        coord DEF co Coordinate {
            point [
                3.2299 0.1748 0.4413, 3.2299 0.1682 0.4233, 3.2299 0.2285 0.4413, 3.2299 0.2349 0.4233, 3.2299 0.1987 0.5079, 3.2299 0.191 0.5396, 3.2299 0.13 0.3795, 3.2299 0.1528 0.3795, 3.2299 0.2001 0.5127, 3.2299 0.2013 0.5191, 3.2299 0.2131 0.5396, 3.2299 0.2018 0.5191, 3.2299 0.2031 0.5123, 3.2299 0.2043 0.5079, 3.2299 0.2741 0.3795, 3.2299 0.2512 0.3795, 3.226 0.2131 0.5396, 3.226 0.2741 0.3795, 3.226 0.191 0.5396, 3.226 0.13 0.3795, 3.226 0.1761 0.5006, 3.226 0.1528 0.3795, 3.226 0.1682 0.4233, 3.226 0.2349 0.4233, 3.226 0.1761 0.4233, 3.226 0.2512 0.3795, 3.226 0.1748 0.4413, 3.226 0.2285 0.4413, 3.226 0.2043 0.5079, 3.226 0.2018 0.5191, 3.226 0.2031 0.5123, 3.226 0.2013 0.5191, 3.226 0.1987 0.5079, 3.226 0.2001 0.5127
            ]
        }
        coordIndex [
            0,1,2,-1,2,1,3,-1,4,5,0,-1,0,5,6,-1,0,6,1,-1,1,6,7,-1,4,8,5,-1,5,8,9,-1,5,9,10,-1,10,9,11,-1,10,11,12,-1,12,13,10,-1,10,13,2,-1,10,2,14,-1,14,2,3,-1,14,3,15,-1,10,14,16,-1,16,14,17,-1,5,10,18,-1,18,10,16,-1,19,6,20,-1,20,6,5,-1,20,5,18,-1,7,6,21,-1,21,6,19,-1,1,7,22,-1,22,7,21,-1,23,3,24,-1,24,3,1,-1,24,1,22,-1,15,3,25,-1,25,3,23,-1,14,15,17,-1,17,15,25,-1,0,2,26,-1,26,2,27,-1,2,13,27,-1,27,13,28,-1,11,29,30,-1,11,30,12,-1,12,30,28,-1,12,28,13,-1,11,9,29,-1,29,9,31,-1,4,32,33,-1,4,33,8,-1,8,33,31,-1,8,31,9,-1,4,0,32,-1,32,0,26,-1,
        ]
    }
}
Shape{
    appearance Appearance {
        material  Material 	{
            diffuseColor 0.5019607843137255 1.0 0.5019607843137255
            specularColor 0.25098039215686274 0.5019607843137255 0.25098039215686274
            ambientIntensity 0.7943
            transparency 0.0
            shininess 0.5
        }
    }
    geometry IndexedFaceSet {
        ccw TRUE
        solid FALSE
        coord DEF co Coordinate {
            point [
                3.226 0.2018 0.5191, 3.226 0.2013 0.5191, 3.226 0.2031 0.5123, 3.226 0.2001 0.5127, 3.226 0.2043 0.5079, 3.226 0.1987 0.5079, 3.226 0.2285 0.4413, 3.226 0.1748 0.4413
            ]
        }
        coordIndex [
            0,1,2,-1,2,1,3,-1,2,3,4,-1,4,3,5,-1,4,5,6,-1,6,5,7,-1,
        ]
    }
}
Shape{
    appearance Appearance {
        material  Material 	{
            diffuseColor 0.0 0.0 0.0
            specularColor 0.0 0.0 0.0
            ambientIntensity 0.0
            transparency 0.0
            shininess 0.5
        }
    }
    geometry IndexedFaceSet {
        ccw TRUE
        solid FALSE
        coord DEF co Coordinate {
            point [
                3.2299 -0.2825 0.1437, 3.2299 -0.2825 0.1254, 3.226 -0.2825 0.1437, 3.226 -0.2825 0.1254, 3.2299 -0.3479 0.1437, 3.226 -0.3479 0.1437, 3.2299 -0.3479 0.1975, 3.226 -0.3479 0.1975, 3.2299 -0.2907 0.1975, 3.226 -0.2907 0.1975, 3.2299 -0.2907 0.2159, 3.226 -0.2907 0.2159, 3.2299 -0.3479 0.2159, 3.226 -0.3479 0.2159, 3.2299 -0.3479 0.2671, 3.226 -0.3479 0.2671, 3.2299 -0.2861 0.2671, 3.226 -0.2861 0.2671, 3.2299 -0.2861 0.2855, 3.226 -0.2861 0.2855, 3.2299 -0.3686 0.2855, 3.226 -0.3686 0.2855, 3.2299 -0.3686 0.1254, 3.226 -0.3686 0.1254, 3.2299 -0.1914 0.1431, 3.2299 -0.1914 0.1254, 3.2299 -0.1714 0.1254, 3.2299 -0.1714 0.199, 3.2299 -0.1928 0.1615, 3.2299 -0.192 0.1431, 3.2299 -0.2418 0.1654, 3.2299 -0.24 0.1692, 3.2299 -0.2548 0.1804, 3.2299 -0.2485 0.1856, 3.2299 -0.1914 0.1828, 3.2299 -0.1914 0.1718, 3.2299 -0.1915 0.1705, 3.2299 -0.2521 0.2318, 3.2299 -0.2521 0.2123, 3.2299 -0.248 0.2342, 3.2299 -0.2406 0.2199, 3.2299 -0.233 0.2399, 3.2299 -0.228 0.2245, 3.2299 -0.2127 0.2424, 3.2299 -0.2146 0.2261, 3.2299 -0.2001 0.2412, 3.2299 -0.2078 0.2254, 3.2299 -0.1918 0.2386, 3.2299 -0.2032 0.2238, 3.2299 -0.1852 0.2347, 3.2299 -0.1996 0.2215, 3.2299 -0.1799 0.2295, 3.2299 -0.1966 0.2182, 3.2299 -0.1758 0.2229, 3.2299 -0.1942 0.2141, 3.2299 -0.1728 0.2135, 3.2299 -0.1921 0.207, 3.2299 -0.1914 0.1981, 3.2299 -0.1957 0.1544, 3.2299 -0.2 0.1485, 3.2299 -0.1968 0.1362, 3.2299 -0.2026 0.146, 3.2299 -0.2034 0.13, 3.2299 -0.2082 0.1422, 3.2299 -0.2078 0.1272, 3.2299 -0.2143 0.14, 3.2299 -0.2158 0.1241, 3.2299 -0.2218 0.1392, 3.2299 -0.227 0.1227, 3.2299 -0.2286 0.1399, 3.2299 -0.239 0.1241, 3.2299 -0.2331 0.1416, 3.2299 -0.2467 0.127, 3.2299 -0.2371 0.1443, 3.2299 -0.2535 0.1317, 3.2299 -0.2388 0.146, 3.2299 -0.2182 0.1792, 3.2299 -0.2253 0.1934, 3.2299 -0.2316 0.1759, 3.2299 -0.2396 0.19, 3.2299 -0.2358 0.1736, 3.2299 -0.2376 0.1722, 3.2299 -0.2589 0.1747, 3.2299 -0.2618 0.1677, 3.2299 -0.2428 0.1608, 3.2299 -0.2632 0.1592, 3.2299 -0.2429 0.1577, 3.2299 -0.2633 0.156, 3.2299 -0.2424 0.1531, 3.2299 -0.2623 0.1469, 3.2299 -0.2411 0.1494, 3.2299 -0.2598 0.1401, 3.2299 -0.2557 0.1339, 3.226 -0.2127 0.2424, 3.226 -0.233 0.2399, 3.226 -0.248 0.2342, 3.226 -0.2521 0.2318, 3.226 -0.2521 0.2123, 3.226 -0.2406 0.2199, 3.226 -0.228 0.2245, 3.226 -0.2146 0.2261, 3.226 -0.2078 0.2254, 3.226 -0.2032 0.2238, 3.226 -0.1996 0.2215, 3.226 -0.1966 0.2182, 3.226 -0.1942 0.2141, 3.226 -0.1921 0.207, 3.226 -0.1914 0.1981, 3.226 -0.2253 0.1934, 3.226 -0.2396 0.19, 3.226 -0.2485 0.1856, 3.226 -0.2548 0.1804, 3.226 -0.2589 0.1747, 3.226 -0.2618 0.1677, 3.226 -0.2632 0.1592, 3.226 -0.2633 0.156, 3.226 -0.2623 0.1469, 3.226 -0.2598 0.1401, 3.226 -0.2557 0.1339, 3.226 -0.2535 0.1317, 3.226 -0.227 0.1227, 3.226 -0.2386 0.1241, 3.226 -0.239 0.1241, 3.226 -0.2467 0.127, 3.226 -0.2159 0.1241, 3.226 -0.2158 0.1241, 3.226 -0.2078 0.1272, 3.226 -0.2034 0.13, 3.226 -0.1968 0.1362, 3.226 -0.192 0.1431, 3.226 -0.1914 0.1431, 3.226 -0.1914 0.1254, 3.226 -0.1714 0.1254, 3.226 -0.1714 0.199, 3.226 -0.1728 0.2135, 3.226 -0.1758 0.2229, 3.226 -0.1799 0.2295, 3.226 -0.1852 0.2347, 3.226 -0.1918 0.2386, 3.226 -0.2001 0.2412, 3.226 -0.2376 0.1722, 3.226 -0.2358 0.1736, 3.226 -0.2316 0.1759, 3.226 -0.2182 0.1792, 3.226 -0.2429 0.1577, 3.226 -0.2428 0.1608, 3.226 -0.2418 0.1654, 3.226 -0.24 0.1692, 3.226 -0.2371 0.1443, 3.226 -0.2388 0.146, 3.226 -0.2411 0.1494, 3.226 -0.2424 0.1531, 3.226 -0.2218 0.1392, 3.226 -0.2286 0.1399, 3.226 -0.2331 0.1416, 3.226 -0.2 0.1485, 3.226 -0.2026 0.146, 3.226 -0.2082 0.1422, 3.226 -0.2143 0.14, 3.226 -0.1914 0.1718, 3.226 -0.1915 0.1705, 3.226 -0.1928 0.1615, 3.226 -0.1957 0.1544, 3.226 -0.1914 0.1828
            ]
        }
        coordIndex [
            0,1,2,-1,2,1,3,-1,4,0,5,-1,5,0,2,-1,6,4,7,-1,7,4,5,-1,8,6,9,-1,9,6,7,-1,10,8,11,-1,11,8,9,-1,12,10,13,-1,13,10,11,-1,14,12,15,-1,15,12,13,-1,16,14,17,-1,17,14,15,-1,18,16,19,-1,19,16,17,-1,20,18,21,-1,21,18,19,-1,22,20,23,-1,23,20,21,-1,1,22,3,-1,3,22,23,-1,22,1,0,-1,0,4,22,-1,22,4,6,-1,22,6,20,-1,16,18,14,-1,14,18,20,-1,14,20,12,-1,12,20,6,-1,12,6,10,-1,10,6,8,-1,24,25,26,-1,26,27,24,-1,24,27,28,-1,24,28,29,-1,30,31,32,-1,32,31,33,-1,34,35,27,-1,27,35,36,-1,27,36,28,-1,37,38,39,-1,39,38,40,-1,39,40,41,-1,41,40,42,-1,41,42,43,-1,43,42,44,-1,43,44,45,-1,45,44,46,-1,45,46,47,-1,47,46,48,-1,47,48,49,-1,49,48,50,-1,49,50,51,-1,51,50,52,-1,51,52,53,-1,53,52,54,-1,53,54,55,-1,55,54,56,-1,55,56,57,-1,28,58,29,-1,29,58,59,-1,29,59,60,-1,60,59,61,-1,60,61,62,-1,62,61,63,-1,62,63,64,-1,64,63,65,-1,64,65,66,-1,66,65,67,-1,66,67,68,-1,68,67,69,-1,68,69,70,-1,70,69,71,-1,70,71,72,-1,72,71,73,-1,72,73,74,-1,74,73,75,-1,27,55,34,-1,34,55,57,-1,34,57,76,-1,76,57,77,-1,76,77,78,-1,78,77,79,-1,78,79,80,-1,80,79,33,-1,80,33,81,-1,81,33,31,-1,32,82,30,-1,30,82,83,-1,30,83,84,-1,84,83,85,-1,84,85,86,-1,86,85,87,-1,86,87,88,-1,88,87,89,-1,88,89,90,-1,90,89,91,-1,90,91,75,-1,75,91,92,-1,75,92,74,-1,43,93,94,-1,43,94,41,-1,41,94,95,-1,41,95,39,-1,39,95,96,-1,39,96,37,-1,38,37,97,-1,97,37,96,-1,38,97,98,-1,38,98,40,-1,40,98,99,-1,40,99,42,-1,42,99,100,-1,42,100,44,-1,44,100,101,-1,44,101,46,-1,46,101,102,-1,46,102,48,-1,48,102,103,-1,48,103,50,-1,50,103,104,-1,50,104,52,-1,52,104,105,-1,52,105,54,-1,54,105,106,-1,54,106,56,-1,56,106,107,-1,56,107,57,-1,77,57,108,-1,108,57,107,-1,77,108,109,-1,77,109,79,-1,79,109,110,-1,79,110,33,-1,33,110,111,-1,33,111,32,-1,32,111,112,-1,32,112,82,-1,82,112,113,-1,82,113,83,-1,83,113,114,-1,83,114,85,-1,85,114,115,-1,85,115,87,-1,87,115,116,-1,87,116,89,-1,89,116,117,-1,89,117,91,-1,91,117,118,-1,91,118,92,-1,92,118,119,-1,92,119,74,-1,120,68,121,-1,121,68,70,-1,121,70,122,-1,122,70,72,-1,122,72,123,-1,123,72,74,-1,123,74,119,-1,68,120,66,-1,66,120,124,-1,124,125,66,-1,66,125,126,-1,66,126,64,-1,64,126,127,-1,64,127,62,-1,62,127,128,-1,62,128,60,-1,60,128,129,-1,60,129,29,-1,24,29,130,-1,130,29,129,-1,25,24,131,-1,131,24,130,-1,26,25,132,-1,132,25,131,-1,27,26,133,-1,133,26,132,-1,27,133,134,-1,27,134,55,-1,55,134,135,-1,55,135,53,-1,53,135,136,-1,53,136,51,-1,51,136,137,-1,51,137,49,-1,49,137,138,-1,49,138,47,-1,47,138,139,-1,47,139,45,-1,45,139,93,-1,45,93,43,-1,81,140,141,-1,81,141,80,-1,80,141,142,-1,80,142,78,-1,78,142,143,-1,78,143,76,-1,86,144,145,-1,86,145,84,-1,84,145,146,-1,84,146,30,-1,30,146,147,-1,30,147,31,-1,31,147,140,-1,31,140,81,-1,73,148,149,-1,73,149,75,-1,75,149,150,-1,75,150,90,-1,90,150,151,-1,90,151,88,-1,88,151,144,-1,88,144,86,-1,67,152,153,-1,67,153,69,-1,69,153,154,-1,69,154,71,-1,71,154,148,-1,71,148,73,-1,59,155,156,-1,59,156,61,-1,61,156,157,-1,61,157,63,-1,63,157,158,-1,63,158,65,-1,65,158,152,-1,65,152,67,-1,35,159,160,-1,35,160,36,-1,36,160,161,-1,36,161,28,-1,28,161,162,-1,28,162,58,-1,58,162,155,-1,58,155,59,-1,35,34,159,-1,159,34,163,-1,34,76,163,-1,163,76,143,-1,
        ]
    }
}
Shape{
    appearance Appearance {
        material  Material 	{
            diffuseColor 0.5019607843137255 1.0 0.5019607843137255
            specularColor 0.25098039215686274 0.5019607843137255 0.25098039215686274
            ambientIntensity 0.7943
            transparency 0.0
            shininess 0.5
        }
    }
    geometry IndexedFaceSet {
        ccw TRUE
        solid FALSE
        coord DEF co Coordinate {
            point [
                3.226 -0.1915 0.1705, 3.226 -0.1914 0.1718, 3.226 -0.2376 0.1722, 3.226 -0.1914 0.1828, 3.226 -0.2182 0.1792, 3.226 -0.2316 0.1759, 3.226 -0.2358 0.1736, 3.226 -0.1928 0.1615, 3.226 -0.24 0.1692, 3.226 -0.1957 0.1544, 3.226 -0.2388 0.146, 3.226 -0.2371 0.1443, 3.226 -0.2026 0.146, 3.226 -0.2411 0.1494, 3.226 -0.2082 0.1422, 3.226 -0.2143 0.14, 3.226 -0.2218 0.1392, 3.226 -0.2418 0.1654, 3.226 -0.2428 0.1608, 3.226 -0.2 0.1485, 3.226 -0.2429 0.1577, 3.226 -0.2424 0.1531, 3.226 -0.2331 0.1416, 3.226 -0.2286 0.1399
            ]
        }
        coordIndex [
            0,1,2,-1,1,3,4,-1,4,5,1,-1,1,5,6,-1,1,6,2,-1,0,2,7,-1,7,2,8,-1,7,8,9,-1,10,11,12,-1,10,12,13,-1,14,12,15,-1,15,12,16,-1,8,17,9,-1,9,17,18,-1,9,18,19,-1,19,18,20,-1,19,20,12,-1,12,20,21,-1,12,21,13,-1,11,22,12,-1,12,22,23,-1,12,23,16,-1,
        ]
    }
}
Shape{
    appearance Appearance {
        material  Material 	{
            diffuseColor 0.0 0.0 0.0
            specularColor 0.0 0.0 0.0
            ambientIntensity 0.0
            transparency 0.0
            shininess 0.5
        }
    }
    geometry IndexedFaceSet {
        ccw TRUE
        solid FALSE
        coord DEF co Coordinate {
            point [
                3.226 -0.1442 0.1501, 3.2299 -0.1442 0.1501, 3.2299 -0.1359 0.1451, 3.2299 -0.1112 0.1391, 3.226 -0.1112 0.1391, 3.226 -0.1233 0.1404, 3.2299 -0.1233 0.1404, 3.226 -0.1349 0.1447, 3.226 -0.1359 0.1451, 3.2299 -0.1442 0.1294, 3.226 -0.1442 0.1294, 3.2299 -0.1322 0.125, 3.226 -0.1349 0.126, 3.226 -0.1132 0.1227, 3.2299 -0.1132 0.1227, 3.226 -0.1245 0.1241, 3.226 -0.1322 0.125, 3.2299 -0.0952 0.1248, 3.226 -0.1017 0.1241, 3.226 -0.0952 0.1248, 3.226 -0.0846 0.1289, 3.2299 -0.0846 0.1289, 3.226 -0.0799 0.1318, 3.2299 -0.0799 0.1318, 3.226 -0.0741 0.1368, 3.2299 -0.0741 0.1368, 3.226 -0.0704 0.1421, 3.2299 -0.0704 0.1421, 3.226 -0.0679 0.1485, 3.2299 -0.0679 0.1485, 3.226 -0.067 0.1565, 3.2299 -0.067 0.1565, 3.226 -0.0678 0.164, 3.2299 -0.0678 0.164, 3.226 -0.0699 0.1699, 3.2299 -0.0699 0.1699, 3.226 -0.0737 0.1754, 3.2299 -0.0737 0.1754, 3.226 -0.0785 0.1797, 3.2299 -0.0785 0.1797, 3.226 -0.0918 0.1871, 3.2299 -0.0918 0.1871, 3.226 -0.0995 0.1902, 3.2299 -0.0995 0.1902, 3.226 -0.112 0.1957, 3.2299 -0.112 0.1957, 3.226 -0.119 0.2001, 3.2299 -0.119 0.2001, 3.226 -0.121 0.2022, 3.2299 -0.121 0.2022, 3.226 -0.1224 0.2049, 3.2299 -0.1224 0.2049, 3.226 -0.1232 0.208, 3.2299 -0.1232 0.208, 3.226 -0.1234 0.2107, 3.2299 -0.1234 0.2107, 3.226 -0.123 0.2139, 3.2299 -0.123 0.2139, 3.226 -0.1221 0.2166, 3.2299 -0.1221 0.2166, 3.226 -0.1203 0.2192, 3.2299 -0.1203 0.2192, 3.226 -0.1173 0.2218, 3.2299 -0.1173 0.2218, 3.226 -0.1128 0.2242, 3.2299 -0.1128 0.2242, 3.226 -0.1074 0.2257, 3.2299 -0.1074 0.2257, 3.226 -0.1015 0.2261, 3.2299 -0.1015 0.2261, 3.226 -0.0889 0.2247, 3.2299 -0.0889 0.2247, 3.226 -0.0775 0.2207, 3.2299 -0.0775 0.2207, 3.226 -0.0724 0.2178, 3.2299 -0.0724 0.2178, 3.2299 -0.0724 0.2373, 3.226 -0.0724 0.2373, 3.226 -0.0855 0.2412, 3.2299 -0.0855 0.2412, 3.226 -0.0995 0.2424, 3.2299 -0.0995 0.2424, 3.226 -0.1133 0.241, 3.2299 -0.1133 0.241, 3.226 -0.1245 0.2372, 3.2299 -0.1245 0.2372, 3.226 -0.1312 0.2333, 3.2299 -0.1312 0.2333, 3.2299 -0.1372 0.228, 3.226 -0.1349 0.23, 3.226 -0.1372 0.228, 3.226 -0.1409 0.2225, 3.2299 -0.1409 0.2225, 3.226 -0.1433 0.2161, 3.2299 -0.1433 0.2161, 3.226 -0.1441 0.2089, 3.2299 -0.1441 0.2089, 3.226 -0.1432 0.2011, 3.2299 -0.1432 0.2011, 3.226 -0.141 0.195, 3.2299 -0.141 0.195, 3.226 -0.1384 0.1908, 3.2299 -0.1384 0.1908, 3.226 -0.1137 0.1757, 3.2299 -0.1137 0.1757, 3.2299 -0.1257 0.1812, 3.226 -0.1351 0.1874, 3.2299 -0.1351 0.1874, 3.226 -0.1349 0.1873, 3.226 -0.1257 0.1812, 3.226 -0.1005 0.1702, 3.2299 -0.1005 0.1702, 3.226 -0.0927 0.1654, 3.2299 -0.0927 0.1654, 3.226 -0.0902 0.1628, 3.2299 -0.0902 0.1628, 3.226 -0.0887 0.1602, 3.2299 -0.0887 0.1602, 3.226 -0.0877 0.157, 3.2299 -0.0877 0.157, 3.226 -0.0875 0.1546, 3.2299 -0.0875 0.1546, 3.226 -0.088 0.1507, 3.2299 -0.088 0.1507, 3.226 -0.089 0.1479, 3.2299 -0.089 0.1479, 3.226 -0.0907 0.1453, 3.2299 -0.0907 0.1453, 3.226 -0.093 0.1432, 3.2299 -0.093 0.1432, 3.226 -0.0949 0.1421, 3.2299 -0.0949 0.1421, 3.226 -0.1 0.1402, 3.2299 -0.1 0.1402, 3.226 -0.1103 0.1391, 3.2299 -0.1103 0.1391, 3.2299 0.0325 0.2398, 3.2299 0.0533 0.2398, 3.226 0.0325 0.2398, 3.226 0.0533 0.2398, 3.2299 0.0012 0.1537, 3.226 0.0012 0.1537, 3.226 -0.0003 0.1483, 3.2299 -0.0003 0.1483, 3.226 -0.0012 0.1444, 3.2299 -0.0012 0.1444, 3.2299 -0.0017 0.1444, 3.226 -0.0017 0.1444, 3.2299 -0.0042 0.1538, 3.226 -0.0042 0.1538, 3.226 -0.0341 0.2398, 3.2299 -0.0341 0.2398, 3.226 -0.0244 0.2119, 3.2299 -0.0565 0.2398, 3.226 -0.0565 0.2398, 3.226 -0.0117 0.1257, 3.2299 -0.0117 0.1257, 3.226 -0.0244 0.1581, 3.226 -0.0205 0.1049, 3.2299 -0.0205 0.1049, 3.226 -0.0123 0.1241, 3.226 -0.0244 0.0976, 3.2299 -0.0245 0.0975, 3.226 -0.0245 0.0975, 3.226 -0.0282 0.0934, 3.2299 -0.0282 0.0934, 3.226 -0.0315 0.0911, 3.2299 -0.0315 0.0911, 3.226 -0.0359 0.0893, 3.2299 -0.0359 0.0893, 3.226 -0.041 0.0887, 3.2299 -0.041 0.0887, 3.226 -0.0483 0.0897, 3.2299 -0.0483 0.0897, 3.226 -0.0524 0.091, 3.2299 -0.0524 0.091, 3.2299 -0.0524 0.0732, 3.226 -0.0524 0.0732, 3.226 -0.0439 0.0717, 3.2299 -0.0439 0.0717, 3.226 -0.0395 0.0715, 3.2299 -0.0395 0.0715, 3.226 -0.0313 0.0725, 3.2299 -0.0313 0.0725, 3.226 -0.0244 0.0751, 3.2299 -0.0234 0.0755, 3.226 -0.0234 0.0755, 3.226 -0.0164 0.0804, 3.2299 -0.0164 0.0804, 3.226 -0.0151 0.0816, 3.2299 -0.0151 0.0816, 3.226 -0.0077 0.0904, 3.2299 -0.0077 0.0904, 3.226 0.0014 0.1081, 3.2299 0.0014 0.1081, 3.226 0.0076 0.1241, 3.2299 0.161 0.1437, 3.2299 0.161 0.1254, 3.226 0.161 0.1437, 3.226 0.161 0.1254, 3.226 0.0956 0.1437, 3.2299 0.0956 0.1437, 3.226 0.1255 0.1437, 3.2299 0.0956 0.1975, 3.226 0.0956 0.1975, 3.226 0.1528 0.1975, 3.2299 0.1528 0.1975, 3.226 0.1255 0.1975, 3.2299 0.1528 0.2159, 3.226 0.1528 0.2159, 3.226 0.0956 0.2159, 3.2299 0.0956 0.2159, 3.226 0.1255 0.2159, 3.2299 0.0956 0.2671, 3.226 0.0956 0.2671, 3.226 0.1574 0.2671, 3.2299 0.1574 0.2671, 3.226 0.1255 0.2671, 3.2299 0.1574 0.2855, 3.226 0.1574 0.2855, 3.226 0.0749 0.2855, 3.2299 0.0749 0.2855, 3.226 0.1255 0.2855, 3.2299 0.0749 0.1254, 3.226 0.0749 0.1254, 3.226 0.1255 0.1254, 3.2299 0.2975 0.1478, 3.2299 0.2809 0.1586, 3.2299 0.2808 0.1358, 3.2299 0.2706 0.1514, 3.2299 0.2625 0.1287, 3.2299 0.2574 0.1463, 3.2299 0.2353 0.1254, 3.2299 0.2352 0.1437, 3.2299 0.1913 0.1254, 3.2299 0.2119 0.1437, 3.2299 0.1913 0.2855, 3.2299 0.2119 0.2671, 3.2299 0.2369 0.2855, 3.2299 0.2361 0.2671, 3.2299 0.2381 0.2671, 3.2299 0.2614 0.2828, 3.2299 0.2585 0.2644, 3.2299 0.2807 0.2758, 3.2299 0.2721 0.2591, 3.2299 0.2975 0.2643, 3.2299 0.2823 0.2521, 3.2299 0.3031 0.2588, 3.2299 0.2868 0.2477, 3.2299 0.313 0.2449, 3.2299 0.293 0.2387, 3.2299 0.319 0.2296, 3.2299 0.2975 0.227, 3.2299 0.3216 0.2075, 3.2299 0.2999 0.2069, 3.2299 0.3212 0.1973, 3.2299 0.2992 0.1957, 3.2299 0.3173 0.1786, 3.2299 0.296 0.1813, 3.2299 0.3094 0.162, 3.2299 0.2903 0.1695, 3.2299 0.2828 0.1604, 3.226 0.2353 0.1254, 3.226 0.1913 0.1254, 3.226 0.2625 0.1287, 3.226 0.2808 0.1358, 3.226 0.2975 0.1478, 3.226 0.3094 0.162, 3.226 0.3173 0.1786, 3.226 0.3212 0.1973, 3.226 0.3216 0.2075, 3.226 0.319 0.2296, 3.226 0.313 0.2449, 3.226 0.3031 0.2588, 3.226 0.2975 0.2643, 3.226 0.2807 0.2758, 3.226 0.2614 0.2828, 3.226 0.2369 0.2855, 3.226 0.1913 0.2855, 3.226 0.2361 0.2671, 3.226 0.2119 0.2671, 3.226 0.2119 0.1437, 3.226 0.2352 0.1437, 3.226 0.2828 0.1604, 3.226 0.2809 0.1586, 3.226 0.2706 0.1514, 3.226 0.2574 0.1463, 3.226 0.2999 0.2069, 3.226 0.2992 0.1957, 3.226 0.296 0.1813, 3.226 0.2903 0.1695, 3.226 0.2823 0.2521, 3.226 0.2868 0.2477, 3.226 0.293 0.2387, 3.226 0.2975 0.227, 3.226 0.2381 0.2671, 3.226 0.2585 0.2644, 3.226 0.2721 0.2591
            ]
        }
        coordIndex [
            0,1,2,-1,3,4,5,-1,3,5,6,-1,6,5,7,-1,6,7,2,-1,2,7,8,-1,2,8,0,-1,9,1,10,-1,10,1,0,-1,9,10,11,-1,11,10,12,-1,13,14,15,-1,15,14,11,-1,15,11,16,-1,16,11,12,-1,14,13,17,-1,17,13,18,-1,18,19,17,-1,17,19,20,-1,17,20,21,-1,21,20,22,-1,21,22,23,-1,23,22,24,-1,23,24,25,-1,25,24,26,-1,25,26,27,-1,27,26,28,-1,27,28,29,-1,29,28,30,-1,29,30,31,-1,31,30,32,-1,31,32,33,-1,33,32,34,-1,33,34,35,-1,35,34,36,-1,35,36,37,-1,37,36,38,-1,37,38,39,-1,39,38,40,-1,39,40,41,-1,41,40,42,-1,41,42,43,-1,43,42,44,-1,43,44,45,-1,45,44,46,-1,45,46,47,-1,47,46,48,-1,47,48,49,-1,49,48,50,-1,49,50,51,-1,51,50,52,-1,51,52,53,-1,53,52,54,-1,53,54,55,-1,55,54,56,-1,55,56,57,-1,57,56,58,-1,57,58,59,-1,59,58,60,-1,59,60,61,-1,61,60,62,-1,61,62,63,-1,63,62,64,-1,63,64,65,-1,65,64,66,-1,65,66,67,-1,67,66,68,-1,67,68,69,-1,69,68,70,-1,69,70,71,-1,71,70,72,-1,71,72,73,-1,73,72,74,-1,73,74,75,-1,76,75,77,-1,77,75,74,-1,76,77,78,-1,76,78,79,-1,79,78,80,-1,79,80,81,-1,81,80,82,-1,81,82,83,-1,83,82,84,-1,83,84,85,-1,85,84,86,-1,85,86,87,-1,87,86,88,-1,88,86,89,-1,89,90,88,-1,88,90,91,-1,88,91,92,-1,92,91,93,-1,92,93,94,-1,94,93,95,-1,94,95,96,-1,96,95,97,-1,96,97,98,-1,98,97,99,-1,98,99,100,-1,100,99,101,-1,100,101,102,-1,103,104,105,-1,102,101,106,-1,102,106,107,-1,107,106,108,-1,107,108,105,-1,105,108,109,-1,105,109,103,-1,104,103,110,-1,104,110,111,-1,111,110,112,-1,111,112,113,-1,113,112,114,-1,113,114,115,-1,115,114,116,-1,115,116,117,-1,117,116,118,-1,117,118,119,-1,119,118,120,-1,119,120,121,-1,121,120,122,-1,121,122,123,-1,123,122,124,-1,123,124,125,-1,125,124,126,-1,125,126,127,-1,127,126,128,-1,127,128,129,-1,129,128,130,-1,129,130,131,-1,131,130,132,-1,131,132,133,-1,133,132,134,-1,133,134,135,-1,135,134,4,-1,135,4,3,-1,61,63,85,-1,85,63,83,-1,111,43,104,-1,104,43,45,-1,21,23,127,-1,127,23,25,-1,127,25,125,-1,125,25,27,-1,125,27,123,-1,123,27,29,-1,123,29,121,-1,121,29,31,-1,121,31,119,-1,119,31,33,-1,119,33,117,-1,117,33,35,-1,117,35,115,-1,115,35,37,-1,115,37,113,-1,113,37,39,-1,113,39,111,-1,111,39,41,-1,111,41,43,-1,14,3,11,-1,11,3,6,-1,11,6,9,-1,9,6,2,-1,9,2,1,-1,63,65,83,-1,83,65,67,-1,83,67,81,-1,81,67,69,-1,81,69,79,-1,79,69,71,-1,79,71,76,-1,76,71,73,-1,76,73,75,-1,127,129,21,-1,21,129,131,-1,21,131,17,-1,17,131,133,-1,17,133,14,-1,14,133,135,-1,14,135,3,-1,85,87,61,-1,61,87,88,-1,61,88,59,-1,59,88,92,-1,59,92,57,-1,57,92,94,-1,57,94,55,-1,55,94,96,-1,55,96,53,-1,53,96,98,-1,53,98,51,-1,51,98,100,-1,51,100,49,-1,49,100,102,-1,49,102,47,-1,47,102,107,-1,47,107,45,-1,45,107,105,-1,45,105,104,-1,136,137,138,-1,138,137,139,-1,140,136,141,-1,141,136,138,-1,140,141,142,-1,140,142,143,-1,143,142,144,-1,143,144,145,-1,146,145,147,-1,147,145,144,-1,148,146,149,-1,149,146,147,-1,150,151,152,-1,152,151,148,-1,152,148,149,-1,153,151,154,-1,154,151,150,-1,155,156,157,-1,157,156,153,-1,157,153,154,-1,158,159,160,-1,160,159,156,-1,160,156,155,-1,158,161,159,-1,159,161,162,-1,161,163,162,-1,162,163,164,-1,162,164,165,-1,165,164,166,-1,165,166,167,-1,167,166,168,-1,167,168,169,-1,169,168,170,-1,169,170,171,-1,171,170,172,-1,171,172,173,-1,173,172,174,-1,173,174,175,-1,176,175,177,-1,177,175,174,-1,176,177,178,-1,176,178,179,-1,179,178,180,-1,179,180,181,-1,181,180,182,-1,181,182,183,-1,183,182,184,-1,183,184,185,-1,184,186,185,-1,185,186,187,-1,185,187,188,-1,188,187,189,-1,188,189,190,-1,190,189,191,-1,190,191,192,-1,192,191,193,-1,192,193,194,-1,139,137,195,-1,195,137,194,-1,195,194,193,-1,143,145,194,-1,137,136,194,-1,194,136,140,-1,194,140,143,-1,151,153,148,-1,148,153,156,-1,148,156,146,-1,175,176,173,-1,173,176,179,-1,173,179,171,-1,171,179,181,-1,171,181,169,-1,169,181,183,-1,169,183,167,-1,167,183,185,-1,167,185,165,-1,145,146,194,-1,194,146,156,-1,194,156,192,-1,156,159,192,-1,192,159,162,-1,192,162,190,-1,190,162,165,-1,190,165,188,-1,188,165,185,-1,196,197,198,-1,198,197,199,-1,200,201,202,-1,202,201,196,-1,202,196,198,-1,203,201,204,-1,204,201,200,-1,205,206,207,-1,207,206,203,-1,207,203,204,-1,208,206,209,-1,209,206,205,-1,210,211,212,-1,212,211,208,-1,212,208,209,-1,213,211,214,-1,214,211,210,-1,215,216,217,-1,217,216,213,-1,217,213,214,-1,218,216,219,-1,219,216,215,-1,220,221,222,-1,222,221,218,-1,222,218,219,-1,223,221,224,-1,224,221,220,-1,199,197,225,-1,225,197,223,-1,225,223,224,-1,206,208,203,-1,203,208,211,-1,197,196,223,-1,223,196,201,-1,216,218,213,-1,213,218,221,-1,213,221,211,-1,211,221,223,-1,211,223,203,-1,203,223,201,-1,226,227,228,-1,228,227,229,-1,228,229,230,-1,230,229,231,-1,230,231,232,-1,232,231,233,-1,232,233,234,-1,234,233,235,-1,234,235,236,-1,236,235,237,-1,236,237,238,-1,237,239,238,-1,238,239,240,-1,238,240,241,-1,241,240,242,-1,241,242,243,-1,243,242,244,-1,243,244,245,-1,245,244,246,-1,245,246,247,-1,247,246,248,-1,247,248,249,-1,249,248,250,-1,249,250,251,-1,251,250,252,-1,251,252,253,-1,253,252,254,-1,253,254,255,-1,255,254,256,-1,255,256,257,-1,257,256,258,-1,257,258,259,-1,259,258,260,-1,259,260,226,-1,226,260,261,-1,226,261,227,-1,232,234,262,-1,262,234,263,-1,232,262,264,-1,232,264,230,-1,230,264,265,-1,230,265,228,-1,228,265,266,-1,228,266,226,-1,226,266,267,-1,226,267,259,-1,259,267,268,-1,259,268,257,-1,257,268,269,-1,257,269,255,-1,255,269,270,-1,255,270,253,-1,253,270,271,-1,253,271,251,-1,251,271,272,-1,251,272,249,-1,249,272,273,-1,249,273,247,-1,247,273,274,-1,247,274,245,-1,245,274,275,-1,245,275,243,-1,243,275,276,-1,243,276,241,-1,241,276,277,-1,241,277,238,-1,236,238,278,-1,278,238,277,-1,234,236,263,-1,263,236,278,-1,239,237,279,-1,279,237,280,-1,237,235,280,-1,280,235,281,-1,235,233,281,-1,281,233,282,-1,261,283,284,-1,261,284,227,-1,227,284,285,-1,227,285,229,-1,229,285,286,-1,229,286,231,-1,231,286,282,-1,231,282,233,-1,254,287,288,-1,254,288,256,-1,256,288,289,-1,256,289,258,-1,258,289,290,-1,258,290,260,-1,260,290,283,-1,260,283,261,-1,246,291,292,-1,246,292,248,-1,248,292,293,-1,248,293,250,-1,250,293,294,-1,250,294,252,-1,252,294,287,-1,252,287,254,-1,239,279,295,-1,239,295,240,-1,240,295,296,-1,240,296,242,-1,242,296,297,-1,242,297,244,-1,244,297,291,-1,244,291,246,-1,
        ]
    }
}
Shape{
    appearance Appearance {
        material  Material 	{
            diffuseColor 0.5019607843137255 1.0 0.5019607843137255
            specularColor 0.25098039215686274 0.5019607843137255 0.25098039215686274
            ambientIntensity 0.7943
            transparency 0.0
            shininess 0.5
        }
    }
    geometry IndexedFaceSet {
        ccw TRUE
        solid FALSE
        coord DEF co Coordinate {
            point [
                3.226 0.2706 0.1514, 3.226 0.2809 0.1586, 3.226 0.2381 0.2671, 3.226 0.2119 0.2671, 3.226 0.2119 0.1437, 3.226 0.2361 0.2671, 3.226 0.2352 0.1437, 3.226 0.2574 0.1463, 3.226 0.2828 0.1604, 3.226 0.2903 0.1695, 3.226 0.296 0.1813, 3.226 0.2999 0.2069, 3.226 0.2823 0.2521, 3.226 0.2721 0.2591, 3.226 0.2975 0.227, 3.226 0.293 0.2387, 3.226 0.2868 0.2477, 3.226 0.2992 0.1957, 3.226 0.2585 0.2644
            ]
        }
        coordIndex [
            0,1,2,-1,3,4,5,-1,5,4,6,-1,5,6,2,-1,2,6,7,-1,2,7,0,-1,1,8,2,-1,2,8,9,-1,2,9,10,-1,11,12,13,-1,14,15,11,-1,11,15,16,-1,11,16,12,-1,10,17,2,-1,2,17,11,-1,2,11,18,-1,18,11,13,-1,
        ]
    }
}
Shape{
    appearance Appearance {
        material  Material 	{
            diffuseColor 0.0 0.0 0.0
            specularColor 0.0 0.0 0.0
            ambientIntensity 0.0
            transparency 0.0
            shininess 0.5
        }
    }
    geometry IndexedFaceSet {
        ccw TRUE
        solid FALSE
        coord DEF co Coordinate {
            point [
                3.2299 0.3753 0.1873, 3.2299 0.3688 0.1692, 3.2299 0.4291 0.1873, 3.2299 0.4354 0.1692, 3.2299 0.3993 0.2539, 3.2299 0.3915 0.2855, 3.2299 0.3305 0.1254, 3.2299 0.3534 0.1254, 3.2299 0.4006 0.2586, 3.2299 0.4019 0.2651, 3.2299 0.4136 0.2855, 3.2299 0.4024 0.2651, 3.2299 0.4037 0.2583, 3.2299 0.4049 0.2539, 3.2299 0.4746 0.1254, 3.2299 0.4518 0.1254, 3.226 0.4136 0.2855, 3.226 0.4746 0.1254, 3.226 0.3915 0.2855, 3.226 0.3305 0.1254, 3.226 0.3534 0.1254, 3.226 0.3688 0.1692, 3.226 0.4354 0.1692, 3.226 0.4518 0.1254, 3.226 0.3753 0.1873, 3.226 0.4291 0.1873, 3.226 0.4049 0.2539, 3.226 0.4024 0.2651, 3.226 0.4037 0.2583, 3.226 0.4019 0.2651, 3.226 0.3993 0.2539, 3.226 0.4006 0.2586
            ]
        }
        coordIndex [
            0,1,2,-1,2,1,3,-1,4,5,0,-1,0,5,6,-1,0,6,1,-1,1,6,7,-1,4,8,5,-1,5,8,9,-1,5,9,10,-1,10,9,11,-1,10,11,12,-1,12,13,10,-1,10,13,2,-1,10,2,14,-1,14,2,3,-1,14,3,15,-1,10,14,16,-1,16,14,17,-1,5,10,18,-1,18,10,16,-1,6,5,19,-1,19,5,18,-1,7,6,20,-1,20,6,19,-1,1,7,21,-1,21,7,20,-1,3,1,22,-1,22,1,21,-1,15,3,23,-1,23,3,22,-1,14,15,17,-1,17,15,23,-1,0,2,24,-1,24,2,25,-1,2,13,25,-1,25,13,26,-1,11,27,28,-1,11,28,12,-1,12,28,26,-1,12,26,13,-1,11,9,27,-1,27,9,29,-1,4,30,31,-1,4,31,8,-1,8,31,29,-1,8,29,9,-1,4,0,30,-1,30,0,24,-1,
        ]
    }
}
Shape{
    appearance Appearance {
        material  Material 	{
            diffuseColor 0.5019607843137255 1.0 0.5019607843137255
            specularColor 0.25098039215686274 0.5019607843137255 0.25098039215686274
            ambientIntensity 0.7943
            transparency 0.0
            shininess 0.5
        }
    }
    geometry IndexedFaceSet {
        ccw TRUE
        solid FALSE
        coord DEF co Coordinate {
            point [
                3.226 0.4024 0.2651, 3.226 0.4019 0.2651, 3.226 0.4037 0.2583, 3.226 0.4006 0.2586, 3.226 0.4049 0.2539, 3.226 0.3993 0.2539, 3.226 0.4291 0.1873, 3.226 0.3753 0.1873
            ]
        }
        coordIndex [
            0,1,2,-1,2,1,3,-1,2,3,4,-1,4,3,5,-1,4,5,6,-1,6,5,7,-1,
        ]
    }
}
Shape{
    appearance Appearance {
        material  Material 	{
            diffuseColor 0.0 0.0 0.0
            specularColor 0.0 0.0 0.0
            ambientIntensity 0.0
            transparency 0.0
            shininess 0.5
        }
    }
    geometry IndexedFaceSet {
        ccw TRUE
        solid FALSE
        coord DEF co Coordinate {
            point [
                3.2299 -1.0759 0.1027, 3.2299 -1.0589 0.0818, 3.2299 -1.0861 0.2034, 3.2299 -1.1059 0.4013, 3.2299 -1.0805 0.4148, 3.2299 -1.0866 0.4848, 3.2299 -1.0155 0.4881, 3.2299 -0.9802 0.4049, 3.2299 -0.9629 0.4409, 3.2299 -0.8652 0.1636, 3.2299 -0.8652 0.1749, 3.2299 -0.9616 0.2027, 3.2299 -0.9723 0.2061, 3.2299 -1.1109 0.2187, 3.2299 -1.1021 0.1316, 3.2299 -1.0873 0.1271, 3.2299 -1.0417 0.4903, 3.2299 -0.9446 0.1889, 3.2299 -0.9393 0.1798, 3.2299 -0.8659 0.1518, 3.2299 -0.7058 0.2592, 3.2299 -0.7411 0.3195, 3.2299 -0.8937 0.2398, 3.2299 -0.9802 0.2068, 3.2299 -0.9909 0.2055, 3.2299 -1.0063 0.2752, 3.2299 -1.0008 0.2017, 3.2299 -1.0314 0.2656, 3.2299 -1.0098 0.1955, 3.2299 -1.0547 0.2494, 3.2299 -1.0158 0.1891, 3.2299 -1.0735 0.2279, 3.2299 -1.0213 0.1794, 3.2299 -1.0242 0.1685, 3.2299 -0.9378 0.2709, 3.2299 -0.9652 0.2777, 3.2299 -0.9791 0.2786, 3.2299 -0.9522 0.1968, 3.2299 -1.0097 0.1293, 3.2299 -1.0006 0.123, 3.2299 -1.0366 0.065, 3.2299 -0.9901 0.1191, 3.2299 -0.6683 0.3719, 3.2299 -0.6592 0.3719, 3.2299 -0.6125 0.4334, 3.2299 -0.6375 0.3693, 3.2299 -0.6069 0.4315, 3.2299 -0.6176 0.3616, 3.2299 -0.573 0.4147, 3.2299 -0.5421 0.3886, 3.2299 -0.9922 0.5152, 3.2299 -0.9373 0.4715, 3.2299 -0.9654 0.5382, 3.2299 -0.9068 0.4938, 3.2299 -0.9321 0.5582, 3.2299 -1.0524 0.4214, 3.2299 -1.0406 0.422, 3.2299 -1.0286 0.4896, 3.2299 -1.0139 0.4187, 3.2299 -0.9884 0.4094, 3.2299 -0.9136 0.258, 3.2299 -0.5419 0.1761, 3.2299 -0.595 0.2213, 3.2299 -0.5729 0.1499, 3.2299 -0.6118 0.2075, 3.2299 -0.6076 0.1329, 3.2299 -0.6319 0.1982, 3.2299 -0.6455 0.1249, 3.2299 -0.6523 0.1943, 3.2299 -0.7127 0.1249, 3.2299 -0.7036 0.1943, 3.2299 -0.7191 0.1259, 3.2299 -1.017 0.1375, 3.2299 -1.0219 0.1469, 3.2299 -1.0244 0.1574, 3.2299 -0.6 0.3493, 3.2299 -0.5868 0.3346, 3.2299 -0.5189 0.3562, 3.2299 -0.5762 0.3149, 3.2299 -0.505 0.3214, 3.2299 -0.5709 0.2931, 3.2299 -0.4998 0.2843, 3.2299 -0.5704 0.2831, 3.2299 -0.505 0.2436, 3.2299 -0.5731 0.2609, 3.2299 -0.5193 0.2075, 3.2299 -0.5809 0.2407, 3.2299 -0.5935 0.2229, 3.2299 -0.674 0.5234, 3.2299 -0.7185 0.471, 3.2299 -0.6341 0.4764, 3.2299 -0.6928 0.4403, 3.2299 -0.6752 0.4036, 3.2299 -1.151 0.3357, 3.2299 -1.2258 0.3168, 3.2299 -1.1544 0.3082, 3.2299 -1.2262 0.3059, 3.2299 -1.1531 0.2907, 3.2299 -1.2207 0.2613, 3.2299 -1.1449 0.2628, 3.2299 -1.2044 0.2189, 3.2299 -1.1313 0.2397, 3.2299 -1.1784 0.1818, 3.2299 -1.1432 0.1517, 3.2299 -0.9364 0.1694, 3.2299 -0.936 0.1583, 3.2299 -0.8725 0.1236, 3.2299 -0.9385 0.1473, 3.2299 -0.886 0.0983, 3.2299 -0.9436 0.1374, 3.2299 -0.9035 0.0786, 3.2299 -0.9509 0.1291, 3.2299 -0.9262 0.0628, 3.2299 -0.9596 0.1231, 3.2299 -0.9516 0.0531, 3.2299 -0.9695 0.1193, 3.2299 -0.9791 0.0497, 3.2299 -0.9802 0.118, 3.2299 -0.9835 0.0498, 3.2299 -1.0104 0.054, 3.2299 -0.8792 0.577, 3.2299 -0.8696 0.5088, 3.2299 -0.8288 0.5826, 3.2299 -0.8277 0.5142, 3.2299 -0.7739 0.5758, 3.2299 -0.7891 0.5095, 3.2299 -0.7175 0.5537, 3.2299 -0.7534 0.4958, 3.2299 -0.7214 0.4736, 3.2299 -1.1287 0.4684, 3.2299 -1.165 0.443, 3.2299 -1.1255 0.3838, 3.2299 -1.1727 0.4357, 3.2299 -1.1413 0.3611, 3.2299 -1.2 0.4006, 3.2299 -1.2182 0.3596, 3.2299 -0.7093 0.1954, 3.2299 -0.7367 0.1368, 3.2299 -0.734 0.1341, 3.2299 -0.7059 0.1946, 3.2299 -0.7266 0.1288, 3.2299 -0.7457 0.1601, 3.2299 -0.7446 0.1517, 3.2299 -0.7416 0.1439, 3.2299 -0.7192 0.1943, 3.2299 -0.727 0.1912, 3.2299 -0.7454 0.1646, 3.2299 -0.734 0.1863, 3.2299 -0.7387 0.1811, 3.2299 -0.7431 0.1733, 3.2299 -0.7104 0.1954, 3.226 -0.4998 0.2843, 3.226 -0.505 0.3214, 3.226 -0.5089 0.3311, 3.226 -0.5189 0.3562, 3.226 -0.5421 0.3886, 3.226 -0.573 0.4147, 3.226 -0.6069 0.4315, 3.226 -0.6125 0.4334, 3.226 -0.6341 0.4764, 3.226 -0.674 0.5234, 3.226 -0.6992 0.5409, 3.226 -0.7175 0.5537, 3.226 -0.7739 0.5758, 3.226 -0.8288 0.5826, 3.226 -0.8792 0.577, 3.226 -0.9321 0.5582, 3.226 -0.9608 0.5409, 3.226 -0.9654 0.5382, 3.226 -0.9922 0.5152, 3.226 -1.0155 0.4881, 3.226 -1.0286 0.4896, 3.226 -1.0417 0.4903, 3.226 -1.0866 0.4848, 3.226 -1.1287 0.4684, 3.226 -1.165 0.443, 3.226 -1.1727 0.4357, 3.226 -1.2262 0.3059, 3.226 -1.2 0.4006, 3.226 -1.2182 0.3596, 3.226 -1.2233 0.3311, 3.226 -1.2258 0.3168, 3.226 -1.2207 0.2613, 3.226 -1.2044 0.2189, 3.226 -1.1784 0.1818, 3.226 -1.1432 0.1517, 3.226 -1.1021 0.1316, 3.226 -1.0873 0.1271, 3.226 -1.0858 0.1241, 3.226 -1.0759 0.1027, 3.226 -1.0589 0.0818, 3.226 -1.0366 0.065, 3.226 -1.0262 0.0606, 3.226 -1.0104 0.054, 3.226 -0.9835 0.0498, 3.226 -0.9791 0.0497, 3.226 -0.8652 0.1636, 3.226 -0.9516 0.0531, 3.226 -0.932 0.0606, 3.226 -0.9262 0.0628, 3.226 -0.9035 0.0786, 3.226 -0.886 0.0983, 3.226 -0.8725 0.1236, 3.226 -0.8724 0.1241, 3.226 -0.8659 0.1518, 3.226 -0.8652 0.1749, 3.226 -0.7058 0.2592, 3.226 -0.7411 0.3195, 3.226 -0.8937 0.2398, 3.226 -0.9136 0.258, 3.226 -0.9378 0.2709, 3.226 -0.9652 0.2777, 3.226 -0.9791 0.2786, 3.226 -1.0063 0.2752, 3.226 -1.0314 0.2656, 3.226 -1.0547 0.2494, 3.226 -1.0735 0.2279, 3.226 -1.0861 0.2034, 3.226 -1.1109 0.2187, 3.226 -1.1313 0.2397, 3.226 -1.1449 0.2628, 3.226 -1.1531 0.2907, 3.226 -1.1544 0.3082, 3.226 -1.1516 0.3311, 3.226 -1.151 0.3357, 3.226 -1.1413 0.3611, 3.226 -1.1255 0.3838, 3.226 -1.1059 0.4013, 3.226 -1.0805 0.4148, 3.226 -1.0524 0.4214, 3.226 -1.0406 0.422, 3.226 -1.0139 0.4187, 3.226 -0.9884 0.4094, 3.226 -0.9802 0.4049, 3.226 -0.9629 0.4409, 3.226 -0.9373 0.4715, 3.226 -0.9068 0.4938, 3.226 -0.8696 0.5088, 3.226 -0.8277 0.5142, 3.226 -0.7891 0.5095, 3.226 -0.7534 0.4958, 3.226 -0.7214 0.4736, 3.226 -0.7185 0.471, 3.226 -0.6928 0.4403, 3.226 -0.6752 0.4036, 3.226 -0.6683 0.3719, 3.226 -0.6592 0.3719, 3.226 -0.6375 0.3693, 3.226 -0.6176 0.3616, 3.226 -0.6 0.3493, 3.226 -0.5868 0.3346, 3.226 -0.585 0.3311, 3.226 -0.5762 0.3149, 3.226 -0.5709 0.2931, 3.226 -0.5704 0.2831, 3.226 -0.5731 0.2609, 3.226 -0.5809 0.2407, 3.226 -0.5935 0.2229, 3.226 -0.595 0.2213, 3.226 -0.6118 0.2075, 3.226 -0.6319 0.1982, 3.226 -0.6523 0.1943, 3.226 -0.7036 0.1943, 3.226 -0.7059 0.1946, 3.226 -0.7093 0.1954, 3.226 -0.7104 0.1954, 3.226 -0.7192 0.1943, 3.226 -0.727 0.1912, 3.226 -0.734 0.1863, 3.226 -0.7387 0.1811, 3.226 -0.7431 0.1733, 3.226 -0.7454 0.1646, 3.226 -0.7457 0.1601, 3.226 -0.7446 0.1517, 3.226 -0.7416 0.1439, 3.226 -0.7367 0.1368, 3.226 -0.734 0.1341, 3.226 -0.7266 0.1288, 3.226 -0.7191 0.1259, 3.226 -0.7127 0.1249, 3.226 -0.6455 0.1249, 3.226 -0.6076 0.1329, 3.226 -0.5729 0.1499, 3.226 -0.5419 0.1761, 3.226 -0.5193 0.2075, 3.226 -0.505 0.2436, 3.226 -0.9802 0.2068, 3.226 -0.9723 0.2061, 3.226 -0.9616 0.2027, 3.226 -0.9522 0.1968, 3.226 -0.9446 0.1889, 3.226 -0.9393 0.1798, 3.226 -0.9364 0.1694, 3.226 -0.936 0.1583, 3.226 -0.9385 0.1473, 3.226 -0.9436 0.1374, 3.226 -0.9509 0.1291, 3.226 -0.9596 0.1231, 3.226 -0.9695 0.1193, 3.226 -0.9802 0.118, 3.226 -0.9901 0.1191, 3.226 -1.0006 0.123, 3.226 -1.0097 0.1293, 3.226 -1.017 0.1375, 3.226 -1.0219 0.1469, 3.226 -1.0244 0.1574, 3.226 -1.0242 0.1685, 3.226 -1.0213 0.1794, 3.226 -1.0158 0.1891, 3.226 -1.0098 0.1955, 3.226 -1.0008 0.2017, 3.226 -0.9909 0.2055
            ]
        }
        coordIndex [
            0,1,2,-1,3,4,5,-1,6,7,8,-1,9,10,11,-1,11,10,12,-1,13,14,2,-1,2,14,15,-1,2,15,0,-1,5,4,16,-1,17,18,19,-1,20,21,10,-1,10,21,22,-1,10,22,12,-1,12,22,23,-1,24,25,26,-1,26,25,27,-1,26,27,28,-1,28,27,29,-1,28,29,30,-1,30,29,31,-1,30,31,32,-1,32,31,2,-1,32,2,33,-1,34,35,24,-1,24,35,36,-1,24,36,25,-1,9,11,19,-1,19,11,37,-1,19,37,17,-1,38,1,39,-1,39,1,40,-1,39,40,41,-1,42,43,44,-1,44,43,45,-1,44,45,46,-1,46,45,47,-1,46,47,48,-1,48,47,49,-1,6,8,50,-1,50,8,51,-1,50,51,52,-1,52,51,53,-1,52,53,54,-1,4,55,16,-1,16,55,56,-1,16,56,57,-1,57,56,58,-1,57,58,6,-1,6,58,59,-1,6,59,7,-1,23,22,24,-1,24,22,60,-1,24,60,34,-1,61,62,63,-1,63,62,64,-1,63,64,65,-1,65,64,66,-1,65,66,67,-1,67,66,68,-1,67,68,69,-1,69,68,70,-1,69,70,71,-1,38,72,1,-1,1,72,73,-1,1,73,2,-1,2,73,74,-1,2,74,33,-1,47,75,49,-1,49,75,76,-1,49,76,77,-1,77,76,78,-1,77,78,79,-1,79,78,80,-1,79,80,81,-1,81,80,82,-1,81,82,83,-1,83,82,84,-1,83,84,85,-1,85,84,86,-1,85,86,61,-1,61,86,87,-1,61,87,62,-1,88,89,90,-1,90,89,91,-1,90,91,44,-1,44,91,92,-1,44,92,42,-1,93,94,95,-1,95,94,96,-1,95,96,97,-1,97,96,98,-1,97,98,99,-1,99,98,100,-1,99,100,101,-1,101,100,102,-1,101,102,13,-1,13,102,103,-1,13,103,14,-1,18,104,19,-1,19,104,105,-1,19,105,106,-1,106,105,107,-1,106,107,108,-1,108,107,109,-1,108,109,110,-1,110,109,111,-1,110,111,112,-1,112,111,113,-1,112,113,114,-1,114,113,115,-1,114,115,116,-1,116,115,117,-1,116,117,118,-1,118,117,41,-1,118,41,119,-1,119,41,40,-1,54,53,120,-1,120,53,121,-1,120,121,122,-1,122,121,123,-1,122,123,124,-1,124,123,125,-1,124,125,126,-1,126,125,127,-1,126,127,88,-1,88,127,128,-1,88,128,89,-1,5,129,3,-1,3,129,130,-1,3,130,131,-1,131,130,132,-1,131,132,133,-1,133,132,134,-1,133,134,93,-1,93,134,135,-1,93,135,94,-1,136,137,138,-1,70,139,71,-1,71,139,136,-1,71,136,140,-1,140,136,138,-1,141,142,136,-1,136,142,143,-1,136,143,137,-1,144,145,146,-1,145,147,146,-1,146,147,148,-1,146,148,149,-1,141,136,146,-1,146,136,150,-1,146,150,144,-1,81,151,152,-1,81,152,79,-1,79,152,153,-1,79,153,77,-1,153,154,77,-1,77,154,155,-1,77,155,49,-1,49,155,156,-1,49,156,48,-1,48,156,157,-1,48,157,46,-1,46,157,158,-1,46,158,44,-1,44,158,159,-1,44,159,90,-1,90,159,160,-1,90,160,88,-1,126,88,161,-1,161,88,160,-1,161,162,126,-1,126,162,163,-1,126,163,124,-1,124,163,164,-1,124,164,122,-1,122,164,165,-1,122,165,120,-1,120,165,166,-1,120,166,54,-1,54,166,52,-1,52,166,167,-1,52,167,168,-1,52,168,169,-1,52,169,50,-1,50,169,170,-1,50,170,6,-1,6,170,171,-1,6,171,57,-1,57,171,172,-1,57,172,16,-1,16,172,173,-1,16,173,5,-1,5,173,174,-1,5,174,129,-1,129,174,175,-1,129,175,130,-1,130,175,176,-1,130,176,132,-1,177,96,94,-1,132,176,178,-1,132,178,134,-1,134,178,179,-1,134,179,135,-1,135,179,180,-1,135,180,94,-1,94,180,181,-1,94,181,177,-1,96,177,182,-1,96,182,98,-1,98,182,183,-1,98,183,100,-1,100,183,184,-1,100,184,102,-1,102,184,185,-1,102,185,103,-1,103,185,186,-1,103,186,14,-1,14,186,187,-1,14,187,15,-1,15,187,188,-1,15,188,0,-1,188,189,0,-1,0,189,190,-1,0,190,1,-1,1,190,191,-1,1,191,40,-1,40,191,192,-1,40,192,119,-1,192,193,119,-1,119,193,194,-1,119,194,118,-1,118,194,195,-1,118,195,116,-1,196,9,19,-1,116,195,197,-1,198,112,197,-1,197,112,114,-1,197,114,116,-1,198,199,112,-1,112,199,200,-1,112,200,110,-1,110,200,201,-1,110,201,108,-1,108,201,202,-1,108,202,106,-1,106,202,203,-1,106,203,19,-1,19,203,204,-1,19,204,196,-1,10,9,205,-1,205,9,196,-1,20,10,206,-1,206,10,205,-1,21,20,207,-1,207,20,206,-1,22,21,208,-1,208,21,207,-1,22,208,209,-1,22,209,60,-1,60,209,210,-1,60,210,34,-1,34,210,211,-1,34,211,35,-1,35,211,212,-1,35,212,36,-1,36,212,213,-1,36,213,25,-1,25,213,214,-1,25,214,27,-1,27,214,215,-1,27,215,29,-1,29,215,216,-1,29,216,31,-1,31,216,217,-1,31,217,2,-1,2,217,218,-1,2,218,13,-1,13,218,219,-1,13,219,101,-1,101,219,220,-1,101,220,99,-1,99,220,221,-1,99,221,97,-1,97,221,222,-1,97,222,95,-1,95,222,93,-1,93,222,223,-1,223,224,93,-1,93,224,225,-1,93,225,133,-1,133,225,226,-1,133,226,131,-1,131,226,227,-1,131,227,3,-1,3,227,228,-1,3,228,4,-1,4,228,229,-1,4,229,55,-1,55,229,230,-1,55,230,56,-1,56,230,231,-1,56,231,58,-1,58,231,232,-1,58,232,59,-1,59,232,233,-1,59,233,7,-1,7,233,234,-1,7,234,8,-1,8,234,235,-1,8,235,51,-1,51,235,236,-1,51,236,53,-1,53,236,237,-1,53,237,121,-1,121,237,238,-1,121,238,123,-1,123,238,239,-1,123,239,125,-1,125,239,240,-1,125,240,127,-1,127,240,241,-1,127,241,128,-1,128,241,242,-1,128,242,89,-1,89,242,243,-1,89,243,91,-1,91,243,244,-1,91,244,92,-1,92,244,245,-1,92,245,42,-1,43,42,246,-1,246,42,245,-1,43,246,247,-1,43,247,45,-1,45,247,248,-1,45,248,47,-1,47,248,249,-1,47,249,75,-1,75,249,250,-1,75,250,76,-1,76,250,251,-1,76,251,78,-1,251,252,78,-1,78,252,253,-1,78,253,80,-1,80,253,254,-1,80,254,82,-1,82,254,255,-1,82,255,84,-1,84,255,256,-1,84,256,86,-1,86,256,257,-1,86,257,87,-1,87,257,258,-1,87,258,62,-1,62,258,259,-1,62,259,64,-1,64,259,260,-1,64,260,66,-1,66,260,261,-1,66,261,68,-1,70,68,262,-1,262,68,261,-1,70,262,263,-1,70,263,139,-1,139,263,264,-1,139,264,136,-1,136,264,265,-1,136,265,150,-1,150,265,266,-1,150,266,144,-1,144,266,267,-1,144,267,145,-1,145,267,268,-1,145,268,147,-1,147,268,269,-1,147,269,148,-1,148,269,270,-1,148,270,149,-1,149,270,271,-1,149,271,146,-1,146,271,272,-1,146,272,141,-1,141,272,273,-1,141,273,142,-1,142,273,274,-1,142,274,143,-1,143,274,275,-1,143,275,137,-1,137,275,276,-1,137,276,138,-1,138,276,277,-1,138,277,140,-1,140,277,278,-1,140,278,71,-1,71,278,279,-1,71,279,69,-1,67,69,280,-1,280,69,279,-1,67,280,281,-1,67,281,65,-1,65,281,282,-1,65,282,63,-1,63,282,283,-1,63,283,61,-1,61,283,284,-1,61,284,85,-1,85,284,285,-1,85,285,83,-1,83,285,151,-1,83,151,81,-1,23,286,287,-1,23,287,12,-1,12,287,288,-1,12,288,11,-1,11,288,289,-1,11,289,37,-1,37,289,290,-1,37,290,17,-1,17,290,291,-1,17,291,18,-1,18,291,292,-1,18,292,104,-1,104,292,293,-1,104,293,105,-1,105,293,294,-1,105,294,107,-1,107,294,295,-1,107,295,109,-1,109,295,296,-1,109,296,111,-1,111,296,297,-1,111,297,113,-1,113,297,298,-1,113,298,115,-1,115,298,299,-1,115,299,117,-1,117,299,300,-1,117,300,41,-1,41,300,301,-1,41,301,39,-1,39,301,302,-1,39,302,38,-1,38,302,303,-1,38,303,72,-1,72,303,304,-1,72,304,73,-1,73,304,305,-1,73,305,74,-1,74,305,306,-1,74,306,33,-1,33,306,307,-1,33,307,32,-1,32,307,308,-1,32,308,30,-1,30,308,309,-1,30,309,28,-1,28,309,310,-1,28,310,26,-1,26,310,311,-1,26,311,24,-1,24,311,286,-1,24,286,23,-1,
        ]
    }
}
Shape{
    appearance Appearance {
        material  Material 	{
            diffuseColor 0.5019607843137255 1.0 0.5019607843137255
            specularColor 0.25098039215686274 0.5019607843137255 0.25098039215686274
            ambientIntensity 0.7943
            transparency 0.0
            shininess 0.5
        }
    }
    geometry IndexedFaceSet {
        ccw TRUE
        solid FALSE
        coord DEF co Coordinate {
            point [
                3.226 -0.9802 0.118, 3.226 -1.0098 0.1955, 3.226 -1.0158 0.1891, 3.226 -0.9802 0.2068, 3.226 -0.9723 0.2061, 3.226 -0.9695 0.1193, 3.226 -0.9909 0.2055, 3.226 -1.0008 0.2017, 3.226 -0.9509 0.1291, 3.226 -0.9446 0.1889, 3.226 -0.9522 0.1968, 3.226 -1.0219 0.1469, 3.226 -1.017 0.1375, 3.226 -1.0097 0.1293, 3.226 -0.9596 0.1231, 3.226 -0.9616 0.2027, 3.226 -1.0006 0.123, 3.226 -0.9901 0.1191, 3.226 -1.0213 0.1794, 3.226 -1.0242 0.1685, 3.226 -1.0244 0.1574, 3.226 -0.9385 0.1473, 3.226 -0.936 0.1583, 3.226 -0.9436 0.1374, 3.226 -0.9364 0.1694, 3.226 -0.9393 0.1798
            ]
        }
        coordIndex [
            0,1,2,-1,3,0,4,-1,4,0,5,-1,3,6,0,-1,0,6,7,-1,0,7,1,-1,8,9,10,-1,11,12,2,-1,2,12,13,-1,5,14,4,-1,4,14,8,-1,4,8,15,-1,15,8,10,-1,13,16,2,-1,2,16,17,-1,2,17,0,-1,18,19,2,-1,2,19,20,-1,2,20,11,-1,21,22,23,-1,23,22,24,-1,23,24,8,-1,8,24,25,-1,8,25,9,-1,
        ]
    }
}