ISO-10303-21;
HEADER;
FILE_DESCRIPTION (( 'STEP AP214' ),
    '1' );
FILE_NAME ('RELAY-TH_JE-1XXD.STEP',
    '2021-07-28T12:14:59',
    ( '' ),
    ( '' ),
    'SwSTEP 2.0',
    'SolidWorks 2018',
    '' );
FILE_SCHEMA (( 'AUTOMOTIVE_DESIGN' ));
ENDSEC;

DATA;
#1 = FACE_OUTER_BOUND ( 'NONE', #2094, .T. ) ;
#2 = ORIENTED_EDGE ( 'NONE', *, *, #2112, .F. ) ;
#3 = ORIENTED_EDGE ( 'NONE', *, *, #3151, .F. ) ;
#4 = CARTESIAN_POINT ( 'NONE',  ( -1.192307692307692069, 0.2923076923076923239, 0.000000000000000000 ) ) ;
#5 = VERTEX_POINT ( 'NONE', #4200 ) ;
#6 = CARTESIAN_POINT ( 'NONE',  ( -9.115000000000005542, -4.035000000000000142, 0.000000000000000000 ) ) ;
#7 = ORIENTED_EDGE ( 'NONE', *, *, #695, .T. ) ;
#8 = LINE ( 'NONE', #872, #2304 ) ;
#9 =( NAMED_UNIT ( * ) SI_UNIT ( $, .STERADIAN. ) SOLID_ANGLE_UNIT ( ) );
#10 = CARTESIAN_POINT ( 'NONE',  ( -1.974668329018917756, 0.1411811192961053840, 0.1000000000000000056 ) ) ;
#11 = LINE ( 'NONE', #3087, #390 ) ;
#12 = CARTESIAN_POINT ( 'NONE',  ( -9.115000000000005542, 4.035000000000000142, 1.123652370631719412E-15 ) ) ;
#13 = ADVANCED_FACE ( 'NONE', ( #1837 ), #4509, .T. ) ;
#14 = SURFACE_SIDE_STYLE ('',( #4104 ) ) ;
#15 = CARTESIAN_POINT ( 'NONE',  ( -7.776154080446695538, -3.805571426637654575, 10.40000000000000213 ) ) ;
#16 = CARTESIAN_POINT ( 'NONE',  ( -0.4307692307692307931, 0.3034855769230768718, 0.000000000000000000 ) ) ;
#17 = LINE ( 'NONE', #3839, #3617 ) ;
#18 = CARTESIAN_POINT ( 'NONE',  ( -1.812187292728735688, 0.5320581671516576572, 0.1000000000000000056 ) ) ;
#19 = VECTOR ( 'NONE', #930, 1000.000000000000000 ) ;
#20 = EDGE_CURVE ( 'NONE', #2471, #3890, #2469, .T. ) ;
#21 = VECTOR ( 'NONE', #4437, 1000.000000000000000 ) ;
#22 = CARTESIAN_POINT ( 'NONE',  ( -0.8442356929910321828, 0.05966753802499027287, 0.000000000000000000 ) ) ;
#23 = LINE ( 'NONE', #3360, #1430 ) ;
#24 = CARTESIAN_POINT ( 'NONE',  ( -1.476923076923076783, 0.5384615384615384359, 0.000000000000000000 ) ) ;
#25 = EDGE_CURVE ( 'NONE', #1204, #3078, #359, .T. ) ;
#26 = CARTESIAN_POINT ( 'NONE',  ( -2.212620192307692246, 0.000000000000000000, 0.1000000000000000056 ) ) ;
#27 = LINE ( 'NONE', #1306, #1361 ) ;
#28 = PRESENTATION_STYLE_ASSIGNMENT (( #4783 ) ) ;
#29 = ORIENTED_EDGE ( 'NONE', *, *, #289, .T. ) ;
#30 = CARTESIAN_POINT ( 'NONE',  ( -0.5010250354689655961, 0.5027599357063354812, 0.1000000000000000056 ) ) ;
#31 = DIRECTION ( 'NONE',  ( -0.5773502691896323924, 0.5773502691896323924, 0.5773502691896122974 ) ) ;
#32 = CARTESIAN_POINT ( 'NONE',  ( -0.9662656478392515069, 0.5429463988281207909, 0.1000000000000000056 ) ) ;
#33 = FILL_AREA_STYLE_COLOUR ( '', #3049 ) ;
#34 = CARTESIAN_POINT ( 'NONE',  ( -10.00000000000000355, -4.800000000000000711, 10.30000000000000071 ) ) ;
#35 = MECHANICAL_DESIGN_GEOMETRIC_PRESENTATION_REPRESENTATION (  '', ( #4279 ), #3006 ) ;
#36 = CARTESIAN_POINT ( 'NONE',  ( -0.4732501380163957605, 0.1358947916165430536, 0.000000000000000000 ) ) ;
#37 = CARTESIAN_POINT ( 'NONE',  ( -2.723076923076923173, 0.000000000000000000, 0.1000000000000000056 ) ) ;
#38 = DIRECTION ( 'NONE',  ( -0.000000000000000000, -0.000000000000000000, -1.000000000000000000 ) ) ;
#39 = ORIENTED_EDGE ( 'NONE', *, *, #2035, .F. ) ;
#40 =( LENGTH_UNIT ( ) NAMED_UNIT ( * ) SI_UNIT ( .MILLI., .METRE. ) );
#41 = DIRECTION ( 'NONE',  ( 0.000000000000000000, 0.000000000000000000, 1.000000000000000000 ) ) ;
#42 = LINE ( 'NONE', #315, #2268 ) ;
#43 = AXIS2_PLACEMENT_3D ( 'NONE', #137, #3315, #2607 ) ;
#44 = DIRECTION ( 'NONE',  ( -0.000000000000000000, 0.000000000000000000, -1.000000000000000000 ) ) ;
#45 = CARTESIAN_POINT ( 'NONE',  ( -2.074165228689182960, 0.3425993294196470473, 0.000000000000000000 ) ) ;
#46 = CARTESIAN_POINT ( 'NONE',  ( -10.00000000000000355, -4.799999999999999822, 10.50000000000000000 ) ) ;
#47 = ORIENTED_EDGE ( 'NONE', *, *, #4029, .T. ) ;
#48 = CARTESIAN_POINT ( 'NONE',  ( -1.138461538461538414, 0.5999999999999999778, 0.1000000000000000056 ) ) ;
#49 = CARTESIAN_POINT ( 'NONE',  ( 1.669999999999997042, -3.959999999999999964, 3.875777422434217368E-17 ) ) ;
#50 = EDGE_LOOP ( 'NONE', ( #3204, #247, #3200, #4248 ) ) ;
#51 = EDGE_CURVE ( 'NONE', #4475, #2848, #3324, .T. ) ;
#52 = EDGE_LOOP ( 'NONE', ( #2674, #1774, #1966, #319 ) ) ;
#53 = ORIENTED_EDGE ( 'NONE', *, *, #2202, .T. ) ;
#54 = ORIENTED_EDGE ( 'NONE', *, *, #3449, .T. ) ;
#55 = CARTESIAN_POINT ( 'NONE',  ( -2.575841346153846079, 0.1923076923076923184, 0.000000000000000000 ) ) ;
#56 = ORIENTED_EDGE ( 'NONE', *, *, #237, .T. ) ;
#57 = CARTESIAN_POINT ( 'NONE',  ( -1.812187292728735688, 0.5320581671516576572, 0.1000000000000000056 ) ) ;
#58 = VECTOR ( 'NONE', #2248, 1000.000000000000000 ) ;
#59 = VERTEX_POINT ( 'NONE', #2182 ) ;
#60 = ORIENTED_EDGE ( 'NONE', *, *, #210, .F. ) ;
#61 = FILL_AREA_STYLE_COLOUR ( '', #4420 ) ;
#62 = ORIENTED_EDGE ( 'NONE', *, *, #3765, .T. ) ;
#63 = EDGE_LOOP ( 'NONE', ( #1442, #2349, #3785, #3834 ) ) ;
#64 = FILL_AREA_STYLE_COLOUR ( '', #4352 ) ;
#65 = FACE_BOUND ( 'NONE', #1783, .T. ) ;
#66 = PRESENTATION_LAYER_ASSIGNMENT (  '', '', ( #1694 ) ) ;
#67 = DIRECTION ( 'NONE',  ( -0.000000000000000000, -0.000000000000000000, -1.000000000000000000 ) ) ;
#68 = CARTESIAN_POINT ( 'NONE',  ( -8.665000000000004476, -3.585000000000000409, -3.400000000000002132 ) ) ;
#69 = ORIENTED_EDGE ( 'NONE', *, *, #1069, .T. ) ;
#70 = SURFACE_SIDE_STYLE ('',( #1740 ) ) ;
#71 = PRESENTATION_STYLE_ASSIGNMENT (( #1305 ) ) ;
#72 = VECTOR ( 'NONE', #2855, 1000.000000000000000 ) ;
#73 = CARTESIAN_POINT ( 'NONE',  ( -0.8442356929910321828, 0.05966753802499027287, 0.1000000000000000056 ) ) ;
#74 = CARTESIAN_POINT ( 'NONE',  ( -2.303846153846153655, 0.1923076923076923184, 0.1000000000000000056 ) ) ;
#75 = LINE ( 'NONE', #4, #1344 ) ;
#76 = DIRECTION ( 'NONE',  ( 0.000000000000000000, 0.000000000000000000, -1.000000000000000000 ) ) ;
#77 = AXIS2_PLACEMENT_3D ( 'NONE', #1291, #832, #2884 ) ;
#78 = CARTESIAN_POINT ( 'NONE',  ( -1.831835604059490530, 0.5292116816059116990, 0.000000000000000000 ) ) ;
#79 = DIRECTION ( 'NONE',  ( 1.000000000000000000, 0.000000000000000000, 0.000000000000000000 ) ) ;
#80 = LINE ( 'NONE', #1103, #971 ) ;
#81 = VECTOR ( 'NONE', #4460, 1000.000000000000000 ) ;
#82 =( NAMED_UNIT ( * ) SI_UNIT ( $, .STERADIAN. ) SOLID_ANGLE_UNIT ( ) );
#83 = EDGE_CURVE ( 'NONE', #1073, #4393, #2408, .T. ) ;
#84 = CARTESIAN_POINT ( 'NONE',  ( -0.4732501380163957605, 0.1358947916165430536, 0.000000000000000000 ) ) ;
#85 = CARTESIAN_POINT ( 'NONE',  ( -0.6561883263982041248, 0.6033402412884794064, 1.355252715606880543E-17 ) ) ;
#86 = LINE ( 'NONE', #2383, #21 ) ;
#87 = EDGE_CURVE ( 'NONE', #750, #4057, #4636, .T. ) ;
#88 = DIRECTION ( 'NONE',  ( -1.000000000000000000, 0.000000000000000000, -0.000000000000000000 ) ) ;
#89 = CARTESIAN_POINT ( 'NONE',  ( -0.7502403846153845590, 0.5538461538461537659, -1.355252715606880543E-17 ) ) ;
#90 = CARTESIAN_POINT ( 'NONE',  ( -1.896153846153846079, 0.5783653846153846700, 0.1000000000000000056 ) ) ;
#91 = CARTESIAN_POINT ( 'NONE',  ( -9.800000000000002487, -5.000000000000000000, 10.50000000000000000 ) ) ;
#92 = VECTOR ( 'NONE', #4375, 1000.000000000000000 ) ;
#93 = COLOUR_RGB ( '',0.7960784313725489669, 0.8235294117647058432, 0.9372549019607843146 ) ;
#94 = SURFACE_STYLE_USAGE ( .BOTH. , #2066 ) ;
#95 = DIRECTION ( 'NONE',  ( -1.000000000000000000, 0.000000000000000000, 0.000000000000000000 ) ) ;
#96 = CARTESIAN_POINT ( 'NONE',  ( -1.015384615384615330, 0.4899038461538460787, 0.000000000000000000 ) ) ;
#97 = CARTESIAN_POINT ( 'NONE',  ( -1.770552884615384626, 0.000000000000000000, 0.000000000000000000 ) ) ;
#98 = ORIENTED_EDGE ( 'NONE', *, *, #108, .T. ) ;
#99 = DIRECTION ( 'NONE',  ( 0.7071067811865352493, 0.000000000000000000, -0.7071067811865597852 ) ) ;
#100 = DIRECTION ( 'NONE',  ( 0.000000000000000000, -1.000000000000000000, 0.000000000000000000 ) ) ;
#101 = DIRECTION ( 'NONE',  ( 1.000000000000000000, 0.000000000000000000, 0.000000000000000000 ) ) ;
#102 = ORIENTED_EDGE ( 'NONE', *, *, #1447, .T. ) ;
#103 = CARTESIAN_POINT ( 'NONE',  ( 9.289999999999997371, 3.959999999999999964, 3.875777422434217368E-17 ) ) ;
#104 = CARTESIAN_POINT ( 'NONE',  ( -1.874494737926829746, 0.07553927692906248215, -0.000000000000000000 ) ) ;
#105 = PRESENTATION_STYLE_ASSIGNMENT (( #3287 ) ) ;
#106 = CARTESIAN_POINT ( 'NONE',  ( -0.6632266289637763768, 0.5406759111158384590, 0.000000000000000000 ) ) ;
#107 = DIRECTION ( 'NONE',  ( 1.000000000000000000, 0.000000000000000000, 0.000000000000000000 ) ) ;
#108 = EDGE_CURVE ( 'NONE', #4134, #4153, #1767, .T. ) ;
#109 = CARTESIAN_POINT ( 'NONE',  ( 8.489999999999998437, -3.660000000000000142, -3.400000000000003020 ) ) ;
#110 = STYLED_ITEM ( 'NONE', ( #4410 ), #5055 ) ;
#111 = CARTESIAN_POINT ( 'NONE',  ( -0.8718892792552758175, 0.07062146756542136972, 0.000000000000000000 ) ) ;
#112 = CARTESIAN_POINT ( 'NONE',  ( 9.999999999999996447, -4.799999999999998046, 0.000000000000000000 ) ) ;
#113 =( LENGTH_UNIT ( ) NAMED_UNIT ( * ) SI_UNIT ( .MILLI., .METRE. ) );
#114 = VECTOR ( 'NONE', #2346, 1000.000000000000000 ) ;
#115 = PRESENTATION_LAYER_ASSIGNMENT (  '', '', ( #3731 ) ) ;
#116 =( NAMED_UNIT ( * ) SI_UNIT ( $, .STERADIAN. ) SOLID_ANGLE_UNIT ( ) );
#117 = DIRECTION ( 'NONE',  ( 0.000000000000000000, -1.000000000000000000, 2.478176394252581634E-16 ) ) ;
#118 = CARTESIAN_POINT ( 'NONE',  ( -0.4351814401497979823, 0.2433172554974527280, 0.000000000000000000 ) ) ;
#119 = CARTESIAN_POINT ( 'NONE',  ( -0.5982448635566826045, 0.5806018483350003923, 0.1000000000000000056 ) ) ;
#120 = ORIENTED_EDGE ( 'NONE', *, *, #4436, .T. ) ;
#121 = ORIENTED_EDGE ( 'NONE', *, *, #3741, .F. ) ;
#122 = CARTESIAN_POINT ( 'NONE',  ( -1.831567575901209777, 0.06736670900023293551, 0.000000000000000000 ) ) ;
#123 = LINE ( 'NONE', #4838, #2997 ) ;
#124 = ORIENTED_EDGE ( 'NONE', *, *, #5183, .F. ) ;
#125 = ORIENTED_EDGE ( 'NONE', *, *, #3507, .F. ) ;
#126 = CARTESIAN_POINT ( 'NONE',  ( -0.5598815868659525741, 0.4800845659987598713, 0.000000000000000000 ) ) ;
#127 = EDGE_CURVE ( 'NONE', #2357, #5149, #2654, .T. ) ;
#128 = CARTESIAN_POINT ( 'NONE',  ( -2.007636772281487847, 0.08739450218649003066, 0.000000000000000000 ) ) ;
#129 = ORIENTED_EDGE ( 'NONE', *, *, #4176, .F. ) ;
#130 = DIRECTION ( 'NONE',  ( 1.000000000000000000, 0.000000000000000000, 0.000000000000000000 ) ) ;
#131 = ORIENTED_EDGE ( 'NONE', *, *, #871, .T. ) ;
#132 = ORIENTED_EDGE ( 'NONE', *, *, #160, .T. ) ;
#133 = CARTESIAN_POINT ( 'NONE',  ( 9.289999999999997371, 3.959999999999999964, 3.875777422434217368E-17 ) ) ;
#134 = VERTEX_POINT ( 'NONE', #3884 ) ;
#135 = CARTESIAN_POINT ( 'NONE',  ( -0.7539663461538461675, 0.04615384615384614947, 0.000000000000000000 ) ) ;
#136 = PLANE ( 'NONE',  #1746 ) ;
#137 = CARTESIAN_POINT ( 'NONE',  ( 0.000000000000000000, 0.000000000000000000, 0.000000000000000000 ) ) ;
#138 = PLANE ( 'NONE',  #4297 ) ;
#139 = LINE ( 'NONE', #91, #4353 ) ;
#140 = STYLED_ITEM ( 'NONE', ( #3291 ), #1790 ) ;
#141 = DIRECTION ( 'NONE',  ( 0.000000000000000000, 1.000000000000000000, 0.000000000000000000 ) ) ;
#142 = CARTESIAN_POINT ( 'NONE',  ( 9.289999999999997371, -3.660000000000000142, 0.000000000000000000 ) ) ;
#143 = CARTESIAN_POINT ( 'NONE',  ( -0.6467536457525259186, 0.5349458401574903599, -1.355252715606880543E-17 ) ) ;
#144 = DIRECTION ( 'NONE',  ( 1.000000000000000000, 0.000000000000000000, -0.000000000000000000 ) ) ;
#145 = DIRECTION ( 'NONE',  ( 0.7071067811865352493, -0.000000000000000000, -0.7071067811865597852 ) ) ;
#146 = FACE_OUTER_BOUND ( 'NONE', #4464, .T. ) ;
#147 = DIRECTION ( 'NONE',  ( 0.000000000000000000, 0.7071067811865352493, 0.7071067811865597852 ) ) ;
#148 = FACE_OUTER_BOUND ( 'NONE', #2223, .T. ) ;
#149 = EDGE_CURVE ( 'NONE', #4822, #2427, #3771, .T. ) ;
#150 = EDGE_CURVE ( 'NONE', #3263, #2163, #2595, .T. ) ;
#151 = FACE_OUTER_BOUND ( 'NONE', #5027, .T. ) ;
#152 = DIRECTION ( 'NONE',  ( 0.000000000000000000, 1.000000000000000000, 0.000000000000000000 ) ) ;
#153 = COLOUR_RGB ( '',0.7960784313725489669, 0.8235294117647058432, 0.9372549019607843146 ) ;
#154 = CARTESIAN_POINT ( 'NONE',  ( -0.4846153846153846145, 0.2993990384615384248, 0.1000000000000000056 ) ) ;
#155 = SURFACE_STYLE_FILL_AREA ( #4135 ) ;
#156 = SURFACE_STYLE_USAGE ( .BOTH. , #1754 ) ;
#157 = AXIS2_PLACEMENT_3D ( 'NONE', #5089, #4306, #3905 ) ;
#158 = MECHANICAL_DESIGN_GEOMETRIC_PRESENTATION_REPRESENTATION (  '', ( #3318 ), #4818 ) ;
#159 = CARTESIAN_POINT ( 'NONE',  ( -0.4846153846153846145, 0.2993990384615384248, 0.1000000000000000056 ) ) ;
#160 = EDGE_CURVE ( 'NONE', #317, #4457, #1250, .T. ) ;
#161 = CARTESIAN_POINT ( 'NONE',  ( -2.029259441291596300, 0.4723964312771717911, 0.1000000000000000056 ) ) ;
#162 = CARTESIAN_POINT ( 'NONE',  ( -0.4431857218755984040, 0.3965270163937824610, 0.1000000000000000056 ) ) ;
#163 = CARTESIAN_POINT ( 'NONE',  ( -1.015384615384615330, 0.1104567307692307654, 0.1000000000000000056 ) ) ;
#164 = DIRECTION ( 'NONE',  ( 0.000000000000000000, 0.000000000000000000, -1.000000000000000000 ) ) ;
#165 = ORIENTED_EDGE ( 'NONE', *, *, #4511, .T. ) ;
#166 = FILL_AREA_STYLE_COLOUR ( '', #4284 ) ;
#167 = CARTESIAN_POINT ( 'NONE',  ( -0.7539663461538461675, 0.04615384615384614947, 0.1000000000000000056 ) ) ;
#168 = DIRECTION ( 'NONE',  ( 0.000000000000000000, 0.000000000000000000, -1.000000000000000000 ) ) ;
#169 = MECHANICAL_DESIGN_GEOMETRIC_PRESENTATION_REPRESENTATION (  '', ( #2004 ), #4677 ) ;
#170 = CARTESIAN_POINT ( 'NONE',  ( -1.584615384615384537, 0.000000000000000000, 0.1000000000000000056 ) ) ;
#171 = UNCERTAINTY_MEASURE_WITH_UNIT (LENGTH_MEASURE( 1.000000000000000082E-05 ), #2397, 'distance_accuracy_value', 'NONE');
#172 =( NAMED_UNIT ( * ) PLANE_ANGLE_UNIT ( ) SI_UNIT ( $, .RADIAN. ) );
#173 = CARTESIAN_POINT ( 'NONE',  ( -2.058458665974264967, 0.4116413965962028021, 0.1000000000000000056 ) ) ;
#174 = CARTESIAN_POINT ( 'NONE',  ( -2.575841346153846079, 0.1923076923076923184, 0.000000000000000000 ) ) ;
#175 = CARTESIAN_POINT ( 'NONE',  ( -1.476923076923076783, 0.5384615384615384359, 0.1000000000000000056 ) ) ;
#176 = LINE ( 'NONE', #3060, #2837 ) ;
#177 = PLANE ( 'NONE',  #1906 ) ;
#178 = CARTESIAN_POINT ( 'NONE',  ( -8.665000000000004476, 4.035000000000000142, 1.123652370631719412E-15 ) ) ;
#179 = STYLED_ITEM ( 'NONE', ( #326 ), #5127 ) ;
#180 = VERTEX_POINT ( 'NONE', #4702 ) ;
#181 = ADVANCED_FACE ( 'NONE', ( #2715 ), #616, .F. ) ;
#182 = FILL_AREA_STYLE_COLOUR ( '', #1268 ) ;
#183 = ORIENTED_EDGE ( 'NONE', *, *, #786, .T. ) ;
#184 = ORIENTED_EDGE ( 'NONE', *, *, #4887, .F. ) ;
#185 = EDGE_LOOP ( 'NONE', ( #373, #4644, #5084, #880 ) ) ;
#186 = ORIENTED_EDGE ( 'NONE', *, *, #2705, .F. ) ;
#187 = CARTESIAN_POINT ( 'NONE',  ( -0.6970485303508436870, 0.5492641297960016988, 0.1000000000000000056 ) ) ;
#188 = ORIENTED_EDGE ( 'NONE', *, *, #2953, .T. ) ;
#189 = EDGE_LOOP ( 'NONE', ( #999, #1768, #816, #2229 ) ) ;
#190 = CARTESIAN_POINT ( 'NONE',  ( -9.115000000000005542, -4.035000000000000142, -3.499999999999998668 ) ) ;
#191 = SURFACE_STYLE_USAGE ( .BOTH. , #4214 ) ;
#192 = ORIENTED_EDGE ( 'NONE', *, *, #1191, .T. ) ;
#193 = CARTESIAN_POINT ( 'NONE',  ( -2.076923076923077094, 0.2924278846153846034, 0.1000000000000000056 ) ) ;
#194 = ORIENTED_EDGE ( 'NONE', *, *, #1336, .F. ) ;
#195 = CARTESIAN_POINT ( 'NONE',  ( -0.4977199703938277597, 0.3834179062996723175, -1.355252715606880543E-17 ) ) ;
#196 = CARTESIAN_POINT ( 'NONE',  ( -1.865024038461538192, 0.5216346153846153078, 0.000000000000000000 ) ) ;
#197 = VECTOR ( 'NONE', #822, 1000.000000000000000 ) ;
#198 = DIRECTION ( 'NONE',  ( -1.000000000000000000, 0.000000000000000000, 0.000000000000000000 ) ) ;
#199 = EDGE_CURVE ( 'NONE', #1083, #1493, #3585, .T. ) ;
#200 = ORIENTED_EDGE ( 'NONE', *, *, #199, .F. ) ;
#201 = DIRECTION ( 'NONE',  ( -0.000000000000000000, 0.000000000000000000, -1.000000000000000000 ) ) ;
#202 = ORIENTED_EDGE ( 'NONE', *, *, #907, .T. ) ;
#203 = DIRECTION ( 'NONE',  ( -1.000000000000000000, -0.000000000000000000, -0.000000000000000000 ) ) ;
#204 = LINE ( 'NONE', #4796, #3283 ) ;
#205 = LINE ( 'NONE', #2422, #3556 ) ;
#206 = CARTESIAN_POINT ( 'NONE',  ( -0.7943316472285284480, 0.6135430226476268345, -1.355252715606880543E-17 ) ) ;
#207 = VECTOR ( 'NONE', #3052, 1000.000000000000000 ) ;
#208 = VECTOR ( 'NONE', #3009, 1000.000000000000000 ) ;
#209 = CARTESIAN_POINT ( 'NONE',  ( -0.6014803986870020935, 0.08654628498638196332, 1.355252715606880543E-17 ) ) ;
#210 = EDGE_CURVE ( 'NONE', #1828, #3607, #1321, .T. ) ;
#211 = CARTESIAN_POINT ( 'NONE',  ( -0.5037208484862204516, 0.3988643239621413872, -1.355252715606880543E-17 ) ) ;
#212 = DIRECTION ( 'NONE',  ( 0.000000000000000000, 1.000000000000000000, 0.000000000000000000 ) ) ;
#213 = CARTESIAN_POINT ( 'NONE',  ( -0.3615384615384615308, 0.06153846153846153494, 0.000000000000000000 ) ) ;
#214 = VECTOR ( 'NONE', #5184, 1000.000000000000000 ) ;
#215 = FACE_OUTER_BOUND ( 'NONE', #1956, .T. ) ;
#216 = VECTOR ( 'NONE', #1587, 1000.000000000000000 ) ;
#217 = CARTESIAN_POINT ( 'NONE',  ( -0.7604996787072962894, 0.6153019631233237474, 0.1000000000000000056 ) ) ;
#218 = STYLED_ITEM ( 'NONE', ( #28 ), #3237 ) ;
#219 = EDGE_CURVE ( 'NONE', #59, #2550, #1504, .T. ) ;
#220 = CARTESIAN_POINT ( 'NONE',  ( -0.5804378995566160659, 0.1014178132454648801, 0.1000000000000000056 ) ) ;
#221 = CARTESIAN_POINT ( 'NONE',  ( -0.4846153846153846145, 0.2993990384615384248, 0.1000000000000000056 ) ) ;
#222 = CARTESIAN_POINT ( 'NONE',  ( -0.6801425261452223037, -0.008893972108629091822, 0.1000000000000000056 ) ) ;
#223 = CARTESIAN_POINT ( 'NONE',  ( -1.680649038461538458, 0.5384615384615384359, 0.1000000000000000056 ) ) ;
#224 = CARTESIAN_POINT ( 'NONE',  ( 9.289999999999997371, 3.959999999999999964, 0.000000000000000000 ) ) ;
#225 = LINE ( 'NONE', #5091, #5131 ) ;
#226 = VERTEX_POINT ( 'NONE', #5125 ) ;
#227 = CARTESIAN_POINT ( 'NONE',  ( -2.023076923076922995, 0.2925480769230768829, 0.1000000000000000056 ) ) ;
#228 = SURFACE_STYLE_FILL_AREA ( #4903 ) ;
#229 = MECHANICAL_DESIGN_GEOMETRIC_PRESENTATION_REPRESENTATION (  '', ( #1399 ), #1667 ) ;
#230 = ADVANCED_FACE ( 'NONE', ( #1190 ), #2728, .T. ) ;
#231 = CARTESIAN_POINT ( 'NONE',  ( -0.9211782148697409411, 0.5738677595927572650, -1.355252715606880543E-17 ) ) ;
#232 = VECTOR ( 'NONE', #3076, 1000.000000000000000 ) ;
#233 = CARTESIAN_POINT ( 'NONE',  ( -0.4846153846153846145, 0.2993990384615384248, 0.1000000000000000056 ) ) ;
#234 = CARTESIAN_POINT ( 'NONE',  ( -9.115000000000005542, 3.935000000000000941, -3.499999999999998668 ) ) ;
#235 = DIRECTION ( 'NONE',  ( 1.000000000000000000, 0.000000000000000000, -0.000000000000000000 ) ) ;
#236 = ORIENTED_EDGE ( 'NONE', *, *, #788, .T. ) ;
#237 = EDGE_CURVE ( 'NONE', #2734, #882, #4132, .T. ) ;
#238 = DIRECTION ( 'NONE',  ( -0.000000000000000000, -0.000000000000000000, -1.000000000000000000 ) ) ;
#239 = DIRECTION ( 'NONE',  ( 0.000000000000000000, 0.000000000000000000, 1.000000000000000000 ) ) ;
#240 =( NAMED_UNIT ( * ) SI_UNIT ( $, .STERADIAN. ) SOLID_ANGLE_UNIT ( ) );
#241 = DIRECTION ( 'NONE',  ( 1.000000000000000000, 0.000000000000000000, 0.000000000000000000 ) ) ;
#242 = ORIENTED_EDGE ( 'NONE', *, *, #3122, .T. ) ;
#243 =( NAMED_UNIT ( * ) PLANE_ANGLE_UNIT ( ) SI_UNIT ( $, .RADIAN. ) );
#244 = CIRCLE ( 'NONE', #1421, 0.2000000000000005107 ) ;
#245 = VERTEX_POINT ( 'NONE', #3161 ) ;
#246 = ORIENTED_EDGE ( 'NONE', *, *, #3866, .F. ) ;
#247 = ORIENTED_EDGE ( 'NONE', *, *, #237, .F. ) ;
#248 = ORIENTED_EDGE ( 'NONE', *, *, #2805, .T. ) ;
#249 = VERTEX_POINT ( 'NONE', #4384 ) ;
#250 = VECTOR ( 'NONE', #2886, 1000.000000000000000 ) ;
#251 = CARTESIAN_POINT ( 'NONE',  ( 0.000000000000000000, 0.000000000000000000, 0.1000000000000000056 ) ) ;
#252 = AXIS2_PLACEMENT_3D ( 'NONE', #2329, #703, #1167 ) ;
#253 = VERTEX_POINT ( 'NONE', #1535 ) ;
#254 = AXIS2_PLACEMENT_3D ( 'NONE', #3641, #2037, #3677 ) ;
#255 = EDGE_CURVE ( 'NONE', #3266, #2550, #5074, .T. ) ;
#256 = ORIENTED_EDGE ( 'NONE', *, *, #352, .F. ) ;
#257 = ORIENTED_EDGE ( 'NONE', *, *, #4567, .T. ) ;
#258 = ADVANCED_FACE ( 'NONE', ( #422 ), #293, .T. ) ;
#259 = CARTESIAN_POINT ( 'NONE',  ( -0.9925075374868955747, 0.5181584864962790471, 0.1000000000000000056 ) ) ;
#260 = CARTESIAN_POINT ( 'NONE',  ( -0.7257787694675613688, 0.04667990886927518568, 1.355252715606880543E-17 ) ) ;
#261 = CARTESIAN_POINT ( 'NONE',  ( -2.067628520235639922, 0.2077983655702145827, 0.1000000000000000056 ) ) ;
#262 = CARTESIAN_POINT ( 'NONE',  ( -0.6298039370202361820, 0.004505701595699446345, 0.1000000000000000056 ) ) ;
#263 = CARTESIAN_POINT ( 'NONE',  ( -0.8681544307997340892, 0.5307641247862313616, 0.1000000000000000056 ) ) ;
#264 = FILL_AREA_STYLE ('',( #2274 ) ) ;
#265 = SURFACE_SIDE_STYLE ('',( #2557 ) ) ;
#266 = UNCERTAINTY_MEASURE_WITH_UNIT (LENGTH_MEASURE( 1.000000000000000082E-05 ), #878, 'distance_accuracy_value', 'NONE');
#267 = FACE_OUTER_BOUND ( 'NONE', #1273, .T. ) ;
#268 = CARTESIAN_POINT ( 'NONE',  ( -1.476923076923076783, 0.06153846153846153494, 0.000000000000000000 ) ) ;
#269 = VECTOR ( 'NONE', #2197, 1000.000000000000000 ) ;
#270 = AXIS2_PLACEMENT_3D ( 'NONE', #2052, #4860, #1264 ) ;
#271 = DIRECTION ( 'NONE',  ( 0.000000000000000000, 0.000000000000000000, 1.000000000000000000 ) ) ;
#272 = VECTOR ( 'NONE', #79, 1000.000000000000000 ) ;
#273 = CARTESIAN_POINT ( 'NONE',  ( -1.004027749359492683, 0.09580324650680960286, 0.1000000000000000056 ) ) ;
#274 = B_SPLINE_SURFACE_WITH_KNOTS ( 'NONE', 3, 1, ( 
 ( #1742, #89 ),
 ( #2978, #4532 ),
 ( #4507, #2140 ),
 ( #2907, #2124 ),
 ( #2164, #4906 ),
 ( #4140, #488 ),
 ( #4551, #4941 ),
 ( #2577, #143 ),
 ( #2955, #4166 ),
 ( #2541, #1775 ),
 ( #4569, #3307 ),
 ( #2179, #908 ),
 ( #3716, #4609 ),
 ( #4992, #3472 ),
 ( #3822, #1450 ),
 ( #3808, #4219 ),
 ( #2658, #636 ),
 ( #3029, #589 ),
 ( #4649, #1404 ),
 ( #1010, #211 ),
 ( #2996, #195 ),
 ( #1425, #3871 ),
 ( #1059, #1029 ),
 ( #5048, #615 ),
 ( #3450, #996 ),
 ( #4252, #1473 ),
 ( #221, #5003 ) ),
 .UNSPECIFIED., .F., .F., .F.,
 ( 4, 1, 1, 1, 1, 1, 1, 1, 1, 1, 1, 1, 1, 1, 1, 1, 1, 1, 1, 1, 1, 1, 1, 1, 4 ),
 ( 2, 2 ),
 ( 0.000000000000000000, 0.04395490890619424551, 0.08750187479760458686, 0.1304626267314903665, 0.1727520205665173114, 0.2154030673796032969, 0.2576498297432395224, 0.3001527489572939356, 0.3431214895020866518, 0.3859251632064335524, 0.4276857274028015854, 0.4688179504865897518, 0.5094918001549958442, 0.5498830310733487936, 0.5899800229668862306, 0.6304052300068400116, 0.6708686260826384196, 0.7113839438381757141, 0.7516272580635841027, 0.7917755768651915105, 0.8324589188037422316, 0.8733190450172880759, 0.9145429556263491300, 0.9569235582098846171, 1.000000000000000000 ),
 ( 0.000000000000000000, 1.000000000000000000 ),
 .UNSPECIFIED. ) ;
#275 = CARTESIAN_POINT ( 'NONE',  ( -0.5033882250056970209, 0.1999756045064662036, 0.1000000000000000056 ) ) ;
#276 = VECTOR ( 'NONE', #377, 1000.000000000000000 ) ;
#277 = CARTESIAN_POINT ( 'NONE',  ( -2.076815253926656890, 0.2850116723033779831, 1.355252715606880543E-17 ) ) ;
#278 = SURFACE_SIDE_STYLE ('',( #2430 ) ) ;
#279 = ADVANCED_FACE ( 'NONE', ( #2143 ), #3114, .T. ) ;
#280 = ORIENTED_EDGE ( 'NONE', *, *, #3225, .F. ) ;
#281 = CARTESIAN_POINT ( 'NONE',  ( -1.916348214471061739, 0.4996560111588059794, 0.000000000000000000 ) ) ;
#282 = STYLED_ITEM ( 'NONE', ( #2252 ), #1161 ) ;
#283 = CARTESIAN_POINT ( 'NONE',  ( -0.07692307692307691347, 0.5999999999999999778, 0.000000000000000000 ) ) ;
#284 = ORIENTED_EDGE ( 'NONE', *, *, #4731, .T. ) ;
#285 = B_SPLINE_CURVE_WITH_KNOTS ( 'NONE', 3,
 ( #3644, #399, #2830, #1681, #3233, #4074, #1235, #2867, #2454, #5187, #3219, #3681, #4456, #4002, #2845, #45, #1277, #1599, #458 ),
 .UNSPECIFIED., .F., .F.,
 ( 4, 1, 1, 1, 1, 1, 1, 1, 1, 1, 1, 1, 1, 1, 1, 1, 4 ),
 ( 0.000000000000000000, 0.06154496601632365033, 0.1216942964020307216, 0.1811548554526329902, 0.2398753889119570326, 0.2987019424504284704, 0.3576474237092014397, 0.4176048428493669418, 0.4784940407282913255, 0.5404070506371326799, 0.6023449938728028252, 0.6650043279232334958, 0.7285593088233758285, 0.7936505420268854527, 0.8605342675902674099, 0.9292359605619636698, 0.9999999999999998890 ),
 .UNSPECIFIED. ) ;
#286 = CARTESIAN_POINT ( 'NONE',  ( -1.770552884615384626, 0.000000000000000000, 1.355252715606880543E-17 ) ) ;
#287 = CARTESIAN_POINT ( 'NONE',  ( -0.9652178594642416565, 0.05707695511526560822, 0.1000000000000000056 ) ) ;
#288 =( GEOMETRIC_REPRESENTATION_CONTEXT ( 3 ) GLOBAL_UNCERTAINTY_ASSIGNED_CONTEXT ( ( #3787 ) ) GLOBAL_UNIT_ASSIGNED_CONTEXT ( ( #1930, #3109, #4332 ) ) REPRESENTATION_CONTEXT ( 'NONE', 'WORKASPACE' ) );
#289 = EDGE_CURVE ( 'NONE', #2083, #2586, #492, .T. ) ;
#290 = EDGE_LOOP ( 'NONE', ( #2234, #1171, #4469, #2 ) ) ;
#291 = CARTESIAN_POINT ( 'NONE',  ( -1.770552884615384626, 0.000000000000000000, 0.1000000000000000056 ) ) ;
#292 = SURFACE_SIDE_STYLE ('',( #555 ) ) ;
#293 = PLANE ( 'NONE',  #5192 ) ;
#294 = CARTESIAN_POINT ( 'NONE',  ( -0.8442147996659569165, 0.5401491799311823883, 0.1000000000000000056 ) ) ;
#295 = DIRECTION ( 'NONE',  ( -0.4285842068721728571, 0.9035018415143106774, 0.000000000000000000 ) ) ;
#296 = LINE ( 'NONE', #1453, #868 ) ;
#297 = EDGE_CURVE ( 'NONE', #1126, #253, #1511, .T. ) ;
#298 = CARTESIAN_POINT ( 'NONE',  ( 1.669999999999997042, -3.959999999999999964, 3.875777422434217368E-17 ) ) ;
#299 = EDGE_LOOP ( 'NONE', ( #129, #1136, #963, #2086, #2664, #4193 ) ) ;
#300 = PLANE ( 'NONE',  #372 ) ;
#301 =( GEOMETRIC_REPRESENTATION_CONTEXT ( 3 ) GLOBAL_UNCERTAINTY_ASSIGNED_CONTEXT ( ( #1994 ) ) GLOBAL_UNIT_ASSIGNED_CONTEXT ( ( #1049, #243, #1833 ) ) REPRESENTATION_CONTEXT ( 'NONE', 'WORKASPACE' ) );
#302 = ORIENTED_EDGE ( 'NONE', *, *, #2565, .F. ) ;
#303 = DIRECTION ( 'NONE',  ( 0.000000000000000000, 1.000000000000000000, -1.224646799147355426E-16 ) ) ;
#304 = VERTEX_POINT ( 'NONE', #4800 ) ;
#305 = ADVANCED_FACE ( 'NONE', ( #808 ), #2796, .T. ) ;
#306 = CARTESIAN_POINT ( 'NONE',  ( 9.289999999999997371, -3.959999999999999964, -3.499999999999998668 ) ) ;
#307 = ORIENTED_EDGE ( 'NONE', *, *, #2443, .F. ) ;
#308 = CARTESIAN_POINT ( 'NONE',  ( -0.8876359077297247824, 0.5902263665661413583, 0.000000000000000000 ) ) ;
#309 = VERTEX_POINT ( 'NONE', #2398 ) ;
#310 = CARTESIAN_POINT ( 'NONE',  ( -1.924319472397161057, 0.02449217801007875367, 1.355252715606880543E-17 ) ) ;
#311 = LINE ( 'NONE', #3622, #2153 ) ;
#312 = CARTESIAN_POINT ( 'NONE',  ( -1.770552884615384626, 0.000000000000000000, 0.1000000000000000056 ) ) ;
#313 = CARTESIAN_POINT ( 'NONE',  ( -0.7826194960846151183, 0.5530276496999556590, 0.1000000000000000056 ) ) ;
#314 = ORIENTED_EDGE ( 'NONE', *, *, #3741, .T. ) ;
#315 = CARTESIAN_POINT ( 'NONE',  ( -2.303846153846153655, 0.1923076923076923184, 0.1000000000000000056 ) ) ;
#316 = VERTEX_POINT ( 'NONE', #3626 ) ;
#317 = VERTEX_POINT ( 'NONE', #5157 ) ;
#318 = ORIENTED_EDGE ( 'NONE', *, *, #797, .F. ) ;
#319 = ORIENTED_EDGE ( 'NONE', *, *, #2431, .T. ) ;
#320 = ORIENTED_EDGE ( 'NONE', *, *, #1931, .T. ) ;
#321 = CARTESIAN_POINT ( 'NONE',  ( -0.8139553730934118159, -0.01104756441982597884, 0.1000000000000000056 ) ) ;
#322 = VECTOR ( 'NONE', #347, 1000.000000000000000 ) ;
#323 = CARTESIAN_POINT ( 'NONE',  ( -0.6239005623071333106, 0.07414944799214541471, 0.000000000000000000 ) ) ;
#324 = ORIENTED_EDGE ( 'NONE', *, *, #1686, .F. ) ;
#325 = CARTESIAN_POINT ( 'NONE',  ( -1.871106147417207044, 0.5196414000471857308, 0.1000000000000000056 ) ) ;
#326 = PRESENTATION_STYLE_ASSIGNMENT (( #4863 ) ) ;
#327 = EDGE_CURVE ( 'NONE', #1839, #4890, #2946, .T. ) ;
#328 = FILL_AREA_STYLE ('',( #585 ) ) ;
#329 = FACE_OUTER_BOUND ( 'NONE', #2548, .T. ) ;
#330 = LINE ( 'NONE', #1980, #3342 ) ;
#331 = CARTESIAN_POINT ( 'NONE',  ( -1.638461538461538192, 0.5384615384615384359, 0.1000000000000000056 ) ) ;
#332 = DIRECTION ( 'NONE',  ( -0.000000000000000000, 0.000000000000000000, 1.000000000000000000 ) ) ;
#333 = SURFACE_STYLE_USAGE ( .BOTH. , #292 ) ;
#334 = CARTESIAN_POINT ( 'NONE',  ( -0.3615384615384615308, 0.000000000000000000, 0.1000000000000000056 ) ) ;
#335 =( LENGTH_UNIT ( ) NAMED_UNIT ( * ) SI_UNIT ( .MILLI., .METRE. ) );
#336 = DIRECTION ( 'NONE',  ( 0.000000000000000000, 0.000000000000000000, -1.000000000000000000 ) ) ;
#337 = ADVANCED_FACE ( 'NONE', ( #3388 ), #3835, .T. ) ;
#338 = CARTESIAN_POINT ( 'NONE',  ( -0.9509690951917236790, 0.04573618958300704890, 1.355252715606880543E-17 ) ) ;
#339 = CARTESIAN_POINT ( 'NONE',  ( -0.7444592380201361381, 0.04633127662885150322, 0.1000000000000000056 ) ) ;
#341 =( NAMED_UNIT ( * ) SI_UNIT ( $, .STERADIAN. ) SOLID_ANGLE_UNIT ( ) );
#340 = MECHANICAL_DESIGN_GEOMETRIC_PRESENTATION_REPRESENTATION (  '', ( #1694 ), #2629 ) ;
#342 = FACE_OUTER_BOUND ( 'NONE', #63, .T. ) ;
#343 = DIRECTION ( 'NONE',  ( 1.000000000000000000, 0.000000000000000000, 0.000000000000000000 ) ) ;
#344 = VERTEX_POINT ( 'NONE', #5086 ) ;
#345 = CARTESIAN_POINT ( 'NONE',  ( -1.716306771604603210, 0.5999241308578343590, 0.1000000000000000056 ) ) ;
#346 =( NAMED_UNIT ( * ) PLANE_ANGLE_UNIT ( ) SI_UNIT ( $, .RADIAN. ) );
#347 = DIRECTION ( 'NONE',  ( 0.000000000000000000, -1.000000000000000000, 0.000000000000000000 ) ) ;
#348 = CARTESIAN_POINT ( 'NONE',  ( -1.865024038461538192, 0.5216346153846153078, 0.000000000000000000 ) ) ;
#349 = DIRECTION ( 'NONE',  ( 0.000000000000000000, -1.000000000000000000, 0.000000000000000000 ) ) ;
#350 = CARTESIAN_POINT ( 'NONE',  ( -0.5608254739584609405, 0.1183058804394242491, 0.1000000000000000056 ) ) ;
#351 = ORIENTED_EDGE ( 'NONE', *, *, #2443, .T. ) ;
#352 = EDGE_CURVE ( 'NONE', #3607, #4019, #176, .T. ) ;
#353 = CIRCLE ( 'NONE', #1751, 0.2000000000000005107 ) ;
#354 = ADVANCED_FACE ( 'NONE', ( #2773 ), #5066, .F. ) ;
#355 = CARTESIAN_POINT ( 'NONE',  ( -0.8693624315064953922, 0.002949220173866397201, 0.1000000000000000056 ) ) ;
#356 = SURFACE_SIDE_STYLE ('',( #2743 ) ) ;
#357 = CARTESIAN_POINT ( 'NONE',  ( -1.884323015916508970, 0.07873172317128203368, -0.000000000000000000 ) ) ;
#358 = CARTESIAN_POINT ( 'NONE',  ( -2.023076923076922995, 0.2925480769230768829, 0.1000000000000000056 ) ) ;
#359 = CIRCLE ( 'NONE', #3599, 0.4950336815138468571 ) ;
#360 = CARTESIAN_POINT ( 'NONE',  ( -0.3615384615384615308, 0.000000000000000000, 0.1000000000000000056 ) ) ;
#361 = VERTEX_POINT ( 'NONE', #1426 ) ;
#362 = CARTESIAN_POINT ( 'NONE',  ( -0.9358709845040685815, 0.03539873279288730662, 0.1000000000000000056 ) ) ;
#363 = CARTESIAN_POINT ( 'NONE',  ( -0.07692307692307691347, 0.000000000000000000, 0.1000000000000000056 ) ) ;
#364 = EDGE_LOOP ( 'NONE', ( #1195, #183, #4470, #3600, #3542, #1575, #2484, #4895 ) ) ;
#365 = VECTOR ( 'NONE', #1525, 1000.000000000000000 ) ;
#366 = ORIENTED_EDGE ( 'NONE', *, *, #327, .T. ) ;
#367 = SURFACE_STYLE_USAGE ( .BOTH. , #2807 ) ;
#368 = VERTEX_POINT ( 'NONE', #3872 ) ;
#369 = ORIENTED_EDGE ( 'NONE', *, *, #799, .F. ) ;
#370 = EDGE_CURVE ( 'NONE', #4970, #4760, #1928, .T. ) ;
#371 = ORIENTED_EDGE ( 'NONE', *, *, #520, .F. ) ;
#372 = AXIS2_PLACEMENT_3D ( 'NONE', #5101, #663, #3520 ) ;
#373 = ORIENTED_EDGE ( 'NONE', *, *, #666, .F. ) ;
#374 = CARTESIAN_POINT ( 'NONE',  ( -0.9682692307692306599, 0.4538461538461537881, 0.000000000000000000 ) ) ;
#375 = LINE ( 'NONE', #3305, #250 ) ;
#376 = VERTEX_POINT ( 'NONE', #4735 ) ;
#377 = DIRECTION ( 'NONE',  ( 0.000000000000000000, 1.000000000000000000, 0.000000000000000000 ) ) ;
#378 = EDGE_LOOP ( 'NONE', ( #2011, #4531, #1584, #2851 ) ) ;
#379 = CARTESIAN_POINT ( 'NONE',  ( -2.017919680415599881, 0.2352065738386643623, 0.1000000000000000056 ) ) ;
#380 = VECTOR ( 'NONE', #2798, 1000.000000000000000 ) ;
#381 = AXIS2_PLACEMENT_3D ( 'NONE', #4939, #141, #3750 ) ;
#382 = CARTESIAN_POINT ( 'NONE',  ( -0.7543269230769229505, -0.01538461538461538373, 0.1000000000000000056 ) ) ;
#383 = ADVANCED_FACE ( 'NONE', ( #3523 ), #4687, .F. ) ;
#384 = CARTESIAN_POINT ( 'NONE',  ( -9.115000000000005542, -4.035000000000000142, -3.400000000000003020 ) ) ;
#385 = VECTOR ( 'NONE', #2473, 1000.000000000000000 ) ;
#386 = CARTESIAN_POINT ( 'NONE',  ( -1.865024038461538192, 0.5216346153846153078, 0.1000000000000000056 ) ) ;
#387 = VECTOR ( 'NONE', #1554, 1000.000000000000000 ) ;
#388 = CARTESIAN_POINT ( 'NONE',  ( -2.020643330730112819, 0.3335775100552593742, 0.000000000000000000 ) ) ;
#389 =( GEOMETRIC_REPRESENTATION_CONTEXT ( 3 ) GLOBAL_UNCERTAINTY_ASSIGNED_CONTEXT ( ( #3070 ) ) GLOBAL_UNIT_ASSIGNED_CONTEXT ( ( #3818, #3828, #2630 ) ) REPRESENTATION_CONTEXT ( 'NONE', 'WORKASPACE' ) );
#390 = VECTOR ( 'NONE', #3504, 1000.000000000000000 ) ;
#391 = EDGE_CURVE ( 'NONE', #4350, #4701, #934, .T. ) ;
#392 = LINE ( 'NONE', #1618, #1095 ) ;
#393 = DIRECTION ( 'NONE',  ( 0.000000000000000000, -0.000000000000000000, 1.000000000000000000 ) ) ;
#394 = DIRECTION ( 'NONE',  ( 0.000000000000000000, 1.000000000000000000, 0.000000000000000000 ) ) ;
#395 = EDGE_CURVE ( 'NONE', #494, #3890, #2081, .T. ) ;
#396 = FILL_AREA_STYLE_COLOUR ( '', #1926 ) ;
#397 = PRESENTATION_STYLE_ASSIGNMENT (( #4120 ) ) ;
#398 = CARTESIAN_POINT ( 'NONE',  ( -2.023076923076922995, 0.2925480769230768829, -1.355252715606880543E-17 ) ) ;
#399 = CARTESIAN_POINT ( 'NONE',  ( -1.903095801463686509, 0.5757201207907209906, -0.000000000000000000 ) ) ;
#400 = PRESENTATION_STYLE_ASSIGNMENT (( #2888 ) ) ;
#401 = CARTESIAN_POINT ( 'NONE',  ( -1.739634633038202205, 0.5374953114882161653, 0.000000000000000000 ) ) ;
#402 = CARTESIAN_POINT ( 'NONE',  ( -1.865078263022491356, 0.07280482674370078455, 0.1000000000000000056 ) ) ;
#403 = CARTESIAN_POINT ( 'NONE',  ( -1.849516790166800373, 0.06978812089980490629, 0.1000000000000000056 ) ) ;
#404 = CARTESIAN_POINT ( 'NONE',  ( -0.7945204346774339399, -0.01348522296464104916, 1.355252715606880543E-17 ) ) ;
#405 = FACE_OUTER_BOUND ( 'NONE', #4989, .T. ) ;
#406 = CARTESIAN_POINT ( 'NONE',  ( -1.831835604059490530, 0.5292116816059116990, 0.1000000000000000056 ) ) ;
#407 = ORIENTED_EDGE ( 'NONE', *, *, #2379, .T. ) ;
#408 =( NAMED_UNIT ( * ) SI_UNIT ( $, .STERADIAN. ) SOLID_ANGLE_UNIT ( ) );
#409 = ADVANCED_FACE ( 'NONE', ( #1187 ), #1111, .F. ) ;
#410 = EDGE_CURVE ( 'NONE', #4881, #2480, #1119, .T. ) ;
#411 = EDGE_CURVE ( 'NONE', #3707, #1967, #4810, .T. ) ;
#412 = PLANE ( 'NONE',  #254 ) ;
#413 = CARTESIAN_POINT ( 'NONE',  ( -1.895145925319476676, 0.08254333001389745073, -1.355252715606880543E-17 ) ) ;
#414 = CARTESIAN_POINT ( 'NONE',  ( -0.4307692307692307931, 0.3034855769230768718, 0.1000000000000000056 ) ) ;
#415 = CARTESIAN_POINT ( 'NONE',  ( -1.476923076923076783, 0.5999999999999999778, 0.1000000000000000056 ) ) ;
#416 = DIRECTION ( 'NONE',  ( 0.7970624896273533766, 0.6038968352533777839, 0.000000000000000000 ) ) ;
#417 = PLANE ( 'NONE',  #3739 ) ;
#418 = EDGE_CURVE ( 'NONE', #4462, #5, #1316, .T. ) ;
#419 = AXIS2_PLACEMENT_3D ( 'NONE', #3715, #511, #2905 ) ;
#420 = EDGE_CURVE ( 'NONE', #687, #2166, #2527, .T. ) ;
#421 = CARTESIAN_POINT ( 'NONE',  ( -8.665000000000004476, 4.035000000000000142, 1.123652370631719412E-15 ) ) ;
#422 = FACE_OUTER_BOUND ( 'NONE', #3844, .T. ) ;
#423 = DIRECTION ( 'NONE',  ( -0.000000000000000000, -0.000000000000000000, -1.000000000000000000 ) ) ;
#424 = ORIENTED_EDGE ( 'NONE', *, *, #4298, .T. ) ;
#425 = CARTESIAN_POINT ( 'NONE',  ( -0.4409725021634687270, 0.2147374530270481641, 0.1000000000000000056 ) ) ;
#426 = CARTESIAN_POINT ( 'NONE',  ( -0.4307692307692307931, 0.3034855769230768718, 0.000000000000000000 ) ) ;
#427 = VECTOR ( 'NONE', #3676, 1000.000000000000000 ) ;
#428 = ORIENTED_EDGE ( 'NONE', *, *, #683, .F. ) ;
#429 = DIRECTION ( 'NONE',  ( 1.000000000000000000, 0.000000000000000000, -0.000000000000000000 ) ) ;
#430 = EDGE_LOOP ( 'NONE', ( #2486, #3372, #257, #1017 ) ) ;
#431 = VERTEX_POINT ( 'NONE', #590 ) ;
#432 = PRESENTATION_LAYER_ASSIGNMENT (  '', '', ( #2278 ) ) ;
#433 = CARTESIAN_POINT ( 'NONE',  ( -0.4315603633047590537, 0.3355112417408045444, 0.1000000000000000056 ) ) ;
#434 = ORIENTED_EDGE ( 'NONE', *, *, #3317, .F. ) ;
#435 = CARTESIAN_POINT ( 'NONE',  ( -0.9682692307692306599, 0.1461538461538461620, -1.355252715606880543E-17 ) ) ;
#436 = SURFACE_SIDE_STYLE ('',( #1938 ) ) ;
#437 = CARTESIAN_POINT ( 'NONE',  ( 9.289999999999997371, 3.959999999999999964, -3.499999999999998668 ) ) ;
#438 = VECTOR ( 'NONE', #1973, 1000.000000000000227 ) ;
#439 = ORIENTED_EDGE ( 'NONE', *, *, #5105, .T. ) ;
#440 = VERTEX_POINT ( 'NONE', #2180 ) ;
#441 = CARTESIAN_POINT ( 'NONE',  ( -0.5068509615384614309, 0.08954326923076921796, 0.1000000000000000056 ) ) ;
#442 = ORIENTED_EDGE ( 'NONE', *, *, #4666, .T. ) ;
#443 = ORIENTED_EDGE ( 'NONE', *, *, #410, .F. ) ;
#444 = VERTEX_POINT ( 'NONE', #196 ) ;
#445 = CARTESIAN_POINT ( 'NONE',  ( -0.9917778035903997980, 0.08204238198268549997, 0.000000000000000000 ) ) ;
#446 = CARTESIAN_POINT ( 'NONE',  ( -9.800000000000002487, 4.800000000000000711, 10.30000000000000071 ) ) ;
#447 = VECTOR ( 'NONE', #1660, 1000.000000000000000 ) ;
#448 = DIRECTION ( 'NONE',  ( -0.000000000000000000, -0.000000000000000000, -1.000000000000000000 ) ) ;
#449 = AXIS2_PLACEMENT_3D ( 'NONE', #175, #212, #617 ) ;
#450 = ORIENTED_EDGE ( 'NONE', *, *, #1957, .F. ) ;
#451 = DIRECTION ( 'NONE',  ( -0.000000000000000000, -0.000000000000000000, -1.000000000000000000 ) ) ;
#452 = B_SPLINE_SURFACE_WITH_KNOTS ( 'NONE', 3, 1, ( 
 ( #911, #4115 ),
 ( #1732, #5012 ),
 ( #1537, #2561 ),
 ( #3683, #1220 ),
 ( #814, #2092 ),
 ( #1281, #3222 ),
 ( #3268, #4047 ),
 ( #2047, #4024 ),
 ( #402, #2880 ),
 ( #837, #3251 ),
 ( #5211, #3669 ) ),
 .UNSPECIFIED., .F., .F., .F.,
 ( 4, 1, 1, 1, 1, 1, 1, 1, 4 ),
 ( 2, 2 ),
 ( 0.000000000000000000, 0.1719006646132703042, 0.3306279320958812051, 0.4755488358809185634, 0.6067461903123636535, 0.7250238034674899579, 0.8297423869584560352, 0.9213228203439749464, 1.000000000000000000 ),
 ( 0.000000000000000000, 1.000000000000000000 ),
 .UNSPECIFIED. ) ;
#453 = COLOUR_RGB ( '',0.7960784313725489669, 0.8235294117647058432, 0.9372549019607843146 ) ;
#454 = VECTOR ( 'NONE', #2892, 1000.000000000000000 ) ;
#455 =( NAMED_UNIT ( * ) PLANE_ANGLE_UNIT ( ) SI_UNIT ( $, .RADIAN. ) );
#456 = PRESENTATION_STYLE_ASSIGNMENT (( #3361 ) ) ;
#457 =( GEOMETRIC_REPRESENTATION_CONTEXT ( 3 ) GLOBAL_UNCERTAINTY_ASSIGNED_CONTEXT ( ( #3537 ) ) GLOBAL_UNIT_ASSIGNED_CONTEXT ( ( #3306, #2521, #2107 ) ) REPRESENTATION_CONTEXT ( 'NONE', 'WORKASPACE' ) );
#458 = CARTESIAN_POINT ( 'NONE',  ( -2.076923076923077094, 0.2924278846153846034, 0.000000000000000000 ) ) ;
#459 = CARTESIAN_POINT ( 'NONE',  ( -0.8152924188832407770, 0.05184046639612936019, 0.1000000000000000056 ) ) ;
#460 = DIRECTION ( 'NONE',  ( 0.000000000000000000, 0.000000000000000000, -1.000000000000000000 ) ) ;
#461 = LINE ( 'NONE', #4658, #3867 ) ;
#462 = EDGE_CURVE ( 'NONE', #3085, #2427, #1763, .T. ) ;
#463 = CIRCLE ( 'NONE', #4233, 0.2000000000000005107 ) ;
#464 = FILL_AREA_STYLE_COLOUR ( '', #1205 ) ;
#465 = CARTESIAN_POINT ( 'NONE',  ( -1.831835604059490530, 0.5292116816059116990, 0.1000000000000000056 ) ) ;
#466 = B_SPLINE_SURFACE_WITH_KNOTS ( 'NONE', 3, 1, ( 
 ( #414, #864 ),
 ( #835, #4481 ),
 ( #433, #1636 ),
 ( #3628, #4790 ),
 ( #2020, #4441 ),
 ( #2417, #4802 ),
 ( #2814, #4835 ),
 ( #793, #2463 ),
 ( #30, #5208 ),
 ( #1218, #4020 ),
 ( #1251, #3248 ),
 ( #1616, #850 ),
 ( #4423, #3666 ),
 ( #4061, #1292 ),
 ( #4495, #85 ),
 ( #1695, #4864 ),
 ( #471, #484 ),
 ( #2520, #2106 ),
 ( #2903, #3696 ) ),
 .UNSPECIFIED., .F., .F., .F.,
 ( 4, 1, 1, 1, 1, 1, 1, 1, 1, 1, 1, 1, 1, 1, 1, 1, 4 ),
 ( 2, 2 ),
 ( 0.000000000000000000, 0.06455784592971904046, 0.1270135315497586959, 0.1879548102020904554, 0.2480139127896340001, 0.3077476818488372734, 0.3682345146974851935, 0.4294698439426692937, 0.4927434367465849951, 0.5562577687060832332, 0.6182167855431435211, 0.6796554755875550136, 0.7412455456206294979, 0.8034152647056966856, 0.8668154615439921384, 0.9323283119492651316, 1.000000000000000000 ),
 ( 0.000000000000000000, 1.000000000000000000 ),
 .UNSPECIFIED. ) ;
#467 = DIRECTION ( 'NONE',  ( 0.7071067811865475727, -0.000000000000000000, -0.7071067811865475727 ) ) ;
#468 = FACE_OUTER_BOUND ( 'NONE', #1626, .T. ) ;
#469 = SURFACE_SIDE_STYLE ('',( #2299 ) ) ;
#470 = VERTEX_POINT ( 'NONE', #2165 ) ;
#471 = CARTESIAN_POINT ( 'NONE',  ( -0.7200321464964938301, 0.6145637217989661227, 0.1000000000000000056 ) ) ;
#472 = CARTESIAN_POINT ( 'NONE',  ( -0.7604996787072962894, 0.6153019631233237474, 0.1000000000000000056 ) ) ;
#473 = CARTESIAN_POINT ( 'NONE',  ( -0.9682692307692306599, 0.1461538461538461620, 0.1000000000000000056 ) ) ;
#474 = CARTESIAN_POINT ( 'NONE',  ( -0.9231346460862220882, 0.1021237244757318557, -1.355252715606880543E-17 ) ) ;
#475 = EDGE_CURVE ( 'NONE', #1403, #3403, #3509, .T. ) ;
#476 = DIRECTION ( 'NONE',  ( -0.4285960263555440020, 0.9034962347415941286, 0.000000000000000000 ) ) ;
#477 = CARTESIAN_POINT ( 'NONE',  ( -1.940378237402650141, 0.03227852467035262352, 0.1000000000000000056 ) ) ;
#478 = CARTESIAN_POINT ( 'NONE',  ( -1.705769230769230704, 0.5999999999999999778, 0.1000000000000000056 ) ) ;
#479 = DIRECTION ( 'NONE',  ( 0.7941277684358851729, -0.6077508431907281405, 0.000000000000000000 ) ) ;
#480 = SURFACE_STYLE_USAGE ( .BOTH. , #2899 ) ;
#481 = ORIENTED_EDGE ( 'NONE', *, *, #1659, .F. ) ;
#482 = DIRECTION ( 'NONE',  ( 0.000000000000000000, -1.000000000000000000, 0.000000000000000000 ) ) ;
#483 = CARTESIAN_POINT ( 'NONE',  ( -1.878846153846153610, 0.07680288461538460620, 0.000000000000000000 ) ) ;
#484 = CARTESIAN_POINT ( 'NONE',  ( -0.7200321464964938301, 0.6145637217989661227, 1.355252715606880543E-17 ) ) ;
#485 = FILL_AREA_STYLE ('',( #760 ) ) ;
#486 = CARTESIAN_POINT ( 'NONE',  ( -1.138461538461538414, 0.5999999999999999778, 0.000000000000000000 ) ) ;
#487 = UNCERTAINTY_MEASURE_WITH_UNIT (LENGTH_MEASURE( 1.000000000000000082E-05 ), #335, 'distance_accuracy_value', 'NONE');
#488 = CARTESIAN_POINT ( 'NONE',  ( -0.6799551361419354789, 0.5454712172434104112, -1.355252715606880543E-17 ) ) ;
#489 = CARTESIAN_POINT ( 'NONE',  ( 9.799999999999991829, 4.800000000000000711, 0.000000000000000000 ) ) ;
#490 = DIRECTION ( 'NONE',  ( -0.000000000000000000, -1.000000000000000000, 0.000000000000000000 ) ) ;
#491 = AXIS2_PLACEMENT_3D ( 'NONE', #3705, #3693, #1709 ) ;
#492 = LINE ( 'NONE', #2772, #3192 ) ;
#493 = EDGE_CURVE ( 'NONE', #3064, #3266, #2885, .T. ) ;
#494 = VERTEX_POINT ( 'NONE', #977 ) ;
#495 = CARTESIAN_POINT ( 'NONE',  ( -1.011592939404994951, 0.1055644247252341822, -0.000000000000000000 ) ) ;
#496 = ORIENTED_EDGE ( 'NONE', *, *, #4754, .F. ) ;
#497 = CARTESIAN_POINT ( 'NONE',  ( -0.9682692307692306599, 0.1461538461538461620, 0.000000000000000000 ) ) ;
#498 = EDGE_LOOP ( 'NONE', ( #5075, #4315, #2780, #4638 ) ) ;
#499 = CARTESIAN_POINT ( 'NONE',  ( -0.4887002551965922703, 0.1118457662579516176, 0.1000000000000000056 ) ) ;
#500 = CYLINDRICAL_SURFACE ( 'NONE', #1211, 0.2000000000000005107 ) ;
#501 = EDGE_LOOP ( 'NONE', ( #3845, #3330, #3143, #1411 ) ) ;
#502 = CARTESIAN_POINT ( 'NONE',  ( -9.800000000000002487, -5.000000000000000000, 10.50000000000000000 ) ) ;
#503 = EDGE_LOOP ( 'NONE', ( #823, #2003, #4218, #5087, #2068, #3471, #1717, #1622, #2618, #4399, #2969 ) ) ;
#504 = ORIENTED_EDGE ( 'NONE', *, *, #4116, .F. ) ;
#505 = VERTEX_POINT ( 'NONE', #159 ) ;
#506 = SPHERICAL_SURFACE ( 'NONE', #1362, 0.2000000000000000111 ) ;
#507 = CARTESIAN_POINT ( 'NONE',  ( -1.974668329018917756, 0.1411811192961053840, 0.1000000000000000056 ) ) ;
#508 = PRESENTATION_LAYER_ASSIGNMENT (  '', '', ( #140 ) ) ;
#509 = CARTESIAN_POINT ( 'NONE',  ( -0.5007762797956386569, 0.09700747304513340774, -0.000000000000000000 ) ) ;
#510 = DIRECTION ( 'NONE',  ( -0.5773502691896323924, -0.5773502691896323924, -0.5773502691896122974 ) ) ;
#511 = DIRECTION ( 'NONE',  ( 0.000000000000000000, 1.000000000000000000, 0.000000000000000000 ) ) ;
#512 = EDGE_LOOP ( 'NONE', ( #4206, #629, #3996, #821 ) ) ;
#513 = CARTESIAN_POINT ( 'NONE',  ( -1.717228022896090112, 0.06158099234544454903, -0.000000000000000000 ) ) ;
#514 = CARTESIAN_POINT ( 'NONE',  ( -1.680649038461538680, 0.5384615384615385469, 0.1000000000000000056 ) ) ;
#515 = VECTOR ( 'NONE', #2275, 1000.000000000000000 ) ;
#516 = CARTESIAN_POINT ( 'NONE',  ( -2.664543269230768896, 0.000000000000000000, 0.000000000000000000 ) ) ;
#517 = FILL_AREA_STYLE_COLOUR ( '', #153 ) ;
#518 = EDGE_CURVE ( 'NONE', #2093, #2545, #3827, .T. ) ;
#519 = VECTOR ( 'NONE', #717, 1000.000000000000000 ) ;
#520 = EDGE_CURVE ( 'NONE', #3912, #1633, #1005, .T. ) ;
#521 = DIRECTION ( 'NONE',  ( 1.000000000000000000, 0.000000000000000000, 0.000000000000000000 ) ) ;
#522 = CARTESIAN_POINT ( 'NONE',  ( -0.9682692307692306599, 0.1461538461538461620, 0.1000000000000000056 ) ) ;
#523 = CIRCLE ( 'NONE', #4513, 0.2000000000000005107 ) ;
#524 = DIRECTION ( 'NONE',  ( -0.7071067811865352493, 0.000000000000000000, 0.7071067811865597852 ) ) ;
#525 = AXIS2_PLACEMENT_3D ( 'NONE', #3529, #3944, #4372 ) ;
#526 = PRESENTATION_LAYER_ASSIGNMENT (  '', '', ( #4756 ) ) ;
#527 = LINE ( 'NONE', #948, #272 ) ;
#528 = EDGE_CURVE ( 'NONE', #440, #4117, #4325, .T. ) ;
#529 = FACE_OUTER_BOUND ( 'NONE', #2972, .T. ) ;
#530 = CARTESIAN_POINT ( 'NONE',  ( -0.8864547281675227985, 0.5217704700234978565, 0.000000000000000000 ) ) ;
#531 = DIRECTION ( 'NONE',  ( -0.000000000000000000, -0.000000000000000000, 1.000000000000000000 ) ) ;
#532 = CARTESIAN_POINT ( 'NONE',  ( -9.800000000000002487, 5.000000000000000000, 10.50000000000000000 ) ) ;
#533 = B_SPLINE_SURFACE_WITH_KNOTS ( 'NONE', 3, 1, ( 
 ( #4719, #699 ),
 ( #2741, #1894 ),
 ( #2382, #3124 ),
 ( #3522, #1107 ),
 ( #3916, #2341 ),
 ( #4694, #3896 ),
 ( #5151, #2768 ),
 ( #3511, #1143 ),
 ( #3558, #5119 ),
 ( #1546, #679 ),
 ( #3940, #4354 ),
 ( #4684, #3545 ),
 ( #1118, #4301 ),
 ( #1531, #1914 ),
 ( #5107, #3071 ) ),
 .UNSPECIFIED., .F., .F., .F.,
 ( 4, 1, 1, 1, 1, 1, 1, 1, 1, 1, 1, 1, 4 ),
 ( 2, 2 ),
 ( 0.000000000000000000, 0.06316325936347030878, 0.1254749410306407742, 0.1871212198160328022, 0.2482943461142989305, 0.3092948562551207647, 0.3698500660670929197, 0.4309733755473815209, 0.4924559896728168407, 0.6161479662918551981, 0.7408436984673626435, 0.8681826486700430223, 1.000000000000000000 ),
 ( 0.000000000000000000, 1.000000000000000000 ),
 .UNSPECIFIED. ) ;
#534 = FILL_AREA_STYLE_COLOUR ( '', #734 ) ;
#535 = CARTESIAN_POINT ( 'NONE',  ( -0.4929715287973645554, 0.3674491358718945944, 0.000000000000000000 ) ) ;
#536 = DIRECTION ( 'NONE',  ( 0.000000000000000000, -1.000000000000000000, 0.000000000000000000 ) ) ;
#537 = VECTOR ( 'NONE', #1219, 1000.000000000000000 ) ;
#538 = CIRCLE ( 'NONE', #1955, 0.2000000000000005107 ) ;
#539 = DIRECTION ( 'NONE',  ( -0.7970624896273533766, -0.6038968352533777839, 0.000000000000000000 ) ) ;
#540 = CARTESIAN_POINT ( 'NONE',  ( -1.867264443638022575, 0.007889745843672675216, 0.1000000000000000056 ) ) ;
#541 = COLOUR_RGB ( '',0.7960784313725489669, 0.8235294117647058432, 0.9372549019607843146 ) ;
#542 = DIRECTION ( 'NONE',  ( -0.000000000000000000, -1.000000000000000000, 0.000000000000000000 ) ) ;
#543 = AXIS2_PLACEMENT_3D ( 'NONE', #1871, #1566, #1064 ) ;
#544 = FILL_AREA_STYLE_COLOUR ( '', #2167 ) ;
#545 = DIRECTION ( 'NONE',  ( 0.000000000000000000, -1.000000000000000000, 0.000000000000000000 ) ) ;
#546 = CARTESIAN_POINT ( 'NONE',  ( -0.8681544307997340892, 0.5307641247862313616, 0.000000000000000000 ) ) ;
#547 = DIRECTION ( 'NONE',  ( 0.000000000000000000, -1.000000000000000000, 0.000000000000000000 ) ) ;
#548 = CARTESIAN_POINT ( 'NONE',  ( -0.4431857218755984040, 0.3965270163937824610, 0.000000000000000000 ) ) ;
#549 = DIRECTION ( 'NONE',  ( 0.000000000000000000, -1.000000000000000000, 0.000000000000000000 ) ) ;
#550 = CARTESIAN_POINT ( 'NONE',  ( -1.766084522364050668, 0.5988481707315355118, 0.000000000000000000 ) ) ;
#551 = AXIS2_PLACEMENT_3D ( 'NONE', #1260, #1225, #1650 ) ;
#552 = ADVANCED_FACE ( 'NONE', ( #2769 ), #3764, .F. ) ;
#553 = CARTESIAN_POINT ( 'NONE',  ( -1.995606663782776069, 0.07415531155154807263, 0.1000000000000000056 ) ) ;
#554 = CARTESIAN_POINT ( 'NONE',  ( -0.5104973992389458815, 0.4139629074658842112, 0.1000000000000000056 ) ) ;
#555 = SURFACE_STYLE_FILL_AREA ( #4317 ) ;
#556 = PRESENTATION_LAYER_ASSIGNMENT (  '', '', ( #282 ) ) ;
#557 = VERTEX_POINT ( 'NONE', #3319 ) ;
#558 = B_SPLINE_CURVE_WITH_KNOTS ( 'NONE', 3,
 ( #2960, #4498, #2168, #1353, #548, #4146, #3770, #4884, #4112, #1730, #4907, #4508, #2125, #3824, #1427, #604, #1855, #1384, #1030 ),
 .UNSPECIFIED., .F., .F.,
 ( 4, 1, 1, 1, 1, 1, 1, 1, 1, 1, 1, 1, 1, 1, 1, 1, 4 ),
 ( 0.000000000000000000, 0.06455784592971904046, 0.1270135315497586959, 0.1879548102020904554, 0.2480139127896340001, 0.3077476818488372734, 0.3682345146974851935, 0.4294698439426692937, 0.4927434367465849951, 0.5562577687060832332, 0.6182167855431435211, 0.6796554755875550136, 0.7412455456206294979, 0.8034152647056966856, 0.8668154615439921384, 0.9323283119492651316, 1.000000000000000000 ),
 .UNSPECIFIED. ) ;
#559 = CARTESIAN_POINT ( 'NONE',  ( -2.001523273264580904, 0.1845931405890247901, 0.1000000000000000056 ) ) ;
#560 = FILL_AREA_STYLE_COLOUR ( '', #618 ) ;
#561 = ORIENTED_EDGE ( 'NONE', *, *, #630, .F. ) ;
#562 = CARTESIAN_POINT ( 'NONE',  ( -2.074165228689182960, 0.3425993294196470473, 0.1000000000000000056 ) ) ;
#563 = ORIENTED_EDGE ( 'NONE', *, *, #4628, .T. ) ;
#564 = DIRECTION ( 'NONE',  ( 0.000000000000000000, -0.000000000000000000, 1.000000000000000000 ) ) ;
#565 = DIRECTION ( 'NONE',  ( -0.4285842068721728571, 0.9035018415143106774, 0.000000000000000000 ) ) ;
#566 = ORIENTED_EDGE ( 'NONE', *, *, #255, .F. ) ;
#567 = CARTESIAN_POINT ( 'NONE',  ( -0.7502403846153845590, 0.5538461538461537659, 0.000000000000000000 ) ) ;
#568 =( NAMED_UNIT ( * ) PLANE_ANGLE_UNIT ( ) SI_UNIT ( $, .RADIAN. ) );
#569 = EDGE_CURVE ( 'NONE', #3776, #3707, #3129, .T. ) ;
#570 = VERTEX_POINT ( 'NONE', #1381 ) ;
#571 = DIRECTION ( 'NONE',  ( 1.000000000000000000, 0.000000000000000000, 0.000000000000000000 ) ) ;
#572 = ORIENTED_EDGE ( 'NONE', *, *, #3899, .T. ) ;
#573 = ORIENTED_EDGE ( 'NONE', *, *, #3898, .T. ) ;
#574 = EDGE_CURVE ( 'NONE', #4134, #1406, #4936, .T. ) ;
#575 = EDGE_LOOP ( 'NONE', ( #893, #202, #4326, #3694 ) ) ;
#576 = ORIENTED_EDGE ( 'NONE', *, *, #569, .F. ) ;
#577 = DIRECTION ( 'NONE',  ( -0.000000000000000000, -0.000000000000000000, -1.000000000000000000 ) ) ;
#578 = ORIENTED_EDGE ( 'NONE', *, *, #741, .T. ) ;
#579 = ORIENTED_EDGE ( 'NONE', *, *, #3095, .F. ) ;
#580 = PRESENTATION_STYLE_ASSIGNMENT (( #606 ) ) ;
#581 = CARTESIAN_POINT ( 'NONE',  ( -0.4977199703938277597, 0.3834179062996723175, 0.1000000000000000056 ) ) ;
#582 = DIRECTION ( 'NONE',  ( 0.000000000000000000, 1.000000000000000000, 0.000000000000000000 ) ) ;
#583 = ORIENTED_EDGE ( 'NONE', *, *, #3370, .F. ) ;
#584 = LINE ( 'NONE', #3565, #1791 ) ;
#585 = FILL_AREA_STYLE_COLOUR ( '', #3687 ) ;
#586 = LINE ( 'NONE', #781, #72 ) ;
#587 = AXIS2_PLACEMENT_3D ( 'NONE', #1259, #4910, #2498 ) ;
#588 = CARTESIAN_POINT ( 'NONE',  ( -2.058458665974264967, 0.4116413965962028021, 0.000000000000000000 ) ) ;
#589 = CARTESIAN_POINT ( 'NONE',  ( -0.5185910106711868472, 0.4284551003175791628, -1.355252715606880543E-17 ) ) ;
#590 = CARTESIAN_POINT ( 'NONE',  ( -8.665000000000004476, -3.584999999999999520, 0.000000000000000000 ) ) ;
#591 = CARTESIAN_POINT ( 'NONE',  ( -0.7162735330026537284, -0.01381223518987952786, 0.1000000000000000056 ) ) ;
#592 = SURFACE_STYLE_FILL_AREA ( #860 ) ;
#593 = CARTESIAN_POINT ( 'NONE',  ( -2.016760876257857493, 0.4905807149316575022, 0.1000000000000000056 ) ) ;
#594 = LINE ( 'NONE', #4158, #1804 ) ;
#595 = DIRECTION ( 'NONE',  ( 1.000000000000000000, 0.000000000000000000, 0.000000000000000000 ) ) ;
#596 = LINE ( 'NONE', #167, #658 ) ;
#597 = CARTESIAN_POINT ( 'NONE',  ( -0.5598815868659525741, 0.4800845659987598713, 0.1000000000000000056 ) ) ;
#598 = B_SPLINE_CURVE_WITH_KNOTS ( 'NONE', 3,
 ( #348, #1169, #3597, #3971, #1617, #1568, #2799, #401, #3220, #2006, #811 ),
 .UNSPECIFIED., .F., .F.,
 ( 4, 1, 1, 1, 1, 1, 1, 1, 4 ),
 ( 0.000000000000000000, 0.08431861695858144934, 0.1792845142139035675, 0.2865825276465601146, 0.4051114834342786075, 0.5355928734189734364, 0.6781902099934135064, 0.8329758397604886122, 0.9999999999999998890 ),
 .UNSPECIFIED. ) ;
#599 =( NAMED_UNIT ( * ) SI_UNIT ( $, .STERADIAN. ) SOLID_ANGLE_UNIT ( ) );
#600 = EDGE_CURVE ( 'NONE', #1912, #4216, #4005, .T. ) ;
#601 = CARTESIAN_POINT ( 'NONE',  ( -0.9682692307692306599, 0.4538461538461537881, 0.000000000000000000 ) ) ;
#602 = VECTOR ( 'NONE', #2831, 999.9999999999998863 ) ;
#603 = CARTESIAN_POINT ( 'NONE',  ( 9.289999999999997371, 3.959999999999999964, 3.875777422434217368E-17 ) ) ;
#604 = CARTESIAN_POINT ( 'NONE',  ( -0.6874026182482781966, 0.6102579304349847744, 0.000000000000000000 ) ) ;
#605 = EDGE_LOOP ( 'NONE', ( #696, #5140, #54, #2733 ) ) ;
#606 = SURFACE_STYLE_USAGE ( .BOTH. , #2634 ) ;
#607 = ADVANCED_FACE ( 'NONE', ( #5070 ), #2178, .F. ) ;
#608 = EDGE_LOOP ( 'NONE', ( #3774, #1523, #877, #98 ) ) ;
#609 = PLANE ( 'NONE',  #2407 ) ;
#610 = B_SPLINE_SURFACE_WITH_KNOTS ( 'NONE', 3, 1, ( 
 ( #4119, #2082 ),
 ( #2882, #2502 ),
 ( #4843, #1288 ),
 ( #465, #78 ),
 ( #57, #2898 ),
 ( #2861, #4861 ),
 ( #3278, #874 ),
 ( #4086, #2478 ),
 ( #1689, #2530 ),
 ( #4516, #3313 ),
 ( #4489, #2555 ) ),
 .UNSPECIFIED., .F., .F., .F.,
 ( 4, 1, 1, 1, 1, 1, 1, 1, 4 ),
 ( 2, 2 ),
 ( 0.000000000000000000, 0.08431861695858144934, 0.1792845142139035675, 0.2865825276465601146, 0.4051114834342786075, 0.5355928734189734364, 0.6781902099934135064, 0.8329758397604886122, 0.9999999999999998890 ),
 ( 0.000000000000000000, 1.000000000000000000 ),
 .UNSPECIFIED. ) ;
#611 = FACE_OUTER_BOUND ( 'NONE', #1333, .T. ) ;
#612 = DIRECTION ( 'NONE',  ( 1.000000000000000000, 0.000000000000000000, -0.000000000000000000 ) ) ;
#613 = ORIENTED_EDGE ( 'NONE', *, *, #3500, .T. ) ;
#614 = CARTESIAN_POINT ( 'NONE',  ( -0.6474508417676931860, 0.06383357144649136339, 0.1000000000000000056 ) ) ;
#615 = CARTESIAN_POINT ( 'NONE',  ( -0.4866197264936806266, 0.3342376695073426829, -1.355252715606880543E-17 ) ) ;
#616 = PLANE ( 'NONE',  #157 ) ;
#617 = DIRECTION ( 'NONE',  ( 0.000000000000000000, -0.000000000000000000, 1.000000000000000000 ) ) ;
#618 = COLOUR_RGB ( '',0.7960784313725489669, 0.8235294117647058432, 0.9372549019607843146 ) ;
#619 = CARTESIAN_POINT ( 'NONE',  ( -1.906810466764246925, 0.01790417632945757315, 0.000000000000000000 ) ) ;
#620 = EDGE_CURVE ( 'NONE', #884, #4398, #4071, .T. ) ;
#621 = DIRECTION ( 'NONE',  ( -1.000000000000000000, 0.000000000000000000, -0.000000000000000000 ) ) ;
#622 = CARTESIAN_POINT ( 'NONE',  ( -0.4846153846153846145, 0.2993990384615384248, 0.000000000000000000 ) ) ;
#623 = ORIENTED_EDGE ( 'NONE', *, *, #683, .T. ) ;
#624 = ORIENTED_EDGE ( 'NONE', *, *, #847, .F. ) ;
#625 = CARTESIAN_POINT ( 'NONE',  ( -0.7442261047284569608, 0.5537769031301812417, 0.1000000000000000056 ) ) ;
#626 = EDGE_LOOP ( 'NONE', ( #1578, #1462, #3790, #2221 ) ) ;
#627 = PRESENTATION_LAYER_ASSIGNMENT (  '', '', ( #4196 ) ) ;
#628 = MECHANICAL_DESIGN_GEOMETRIC_PRESENTATION_REPRESENTATION (  '', ( #3224 ), #1605 ) ;
#629 = ORIENTED_EDGE ( 'NONE', *, *, #4536, .T. ) ;
#630 = EDGE_CURVE ( 'NONE', #634, #4865, #225, .T. ) ;
#631 = VECTOR ( 'NONE', #3149, 1000.000000000000000 ) ;
#632 = ORIENTED_EDGE ( 'NONE', *, *, #1212, .T. ) ;
#633 = DIRECTION ( 'NONE',  ( 0.4283511191562797693, -0.9036123719369729690, 0.000000000000000000 ) ) ;
#634 = VERTEX_POINT ( 'NONE', #3874 ) ;
#635 = ORIENTED_EDGE ( 'NONE', *, *, #1162, .F. ) ;
#636 = CARTESIAN_POINT ( 'NONE',  ( -0.5276282149677710143, 0.4423945416132961661, -1.355252715606880543E-17 ) ) ;
#637 = CARTESIAN_POINT ( 'NONE',  ( -0.6140379357580436626, 0.01066084218051013659, 0.1000000000000000056 ) ) ;
#638 = EDGE_LOOP ( 'NONE', ( #4022, #3961, #481, #3399 ) ) ;
#639 = EDGE_LOOP ( 'NONE', ( #1021, #3648, #3261, #2991 ) ) ;
#640 = FACE_BOUND ( 'NONE', #4333, .T. ) ;
#641 = DIRECTION ( 'NONE',  ( 1.000000000000000000, 0.000000000000000000, 0.000000000000000000 ) ) ;
#642 = VECTOR ( 'NONE', #1556, 1000.000000000000000 ) ;
#643 = DIRECTION ( 'NONE',  ( 1.000000000000000000, 0.000000000000000000, 0.000000000000000000 ) ) ;
#644 = ORIENTED_EDGE ( 'NONE', *, *, #2644, .F. ) ;
#645 = CARTESIAN_POINT ( 'NONE',  ( -9.115000000000005542, -3.585000000000000409, -3.400000000000002132 ) ) ;
#646 = CARTESIAN_POINT ( 'NONE',  ( -2.023076923076922995, 0.2925480769230768829, 0.000000000000000000 ) ) ;
#647 = LINE ( 'NONE', #1122, #2682 ) ;
#648 = VECTOR ( 'NONE', #675, 1000.000000000000000 ) ;
#649 = FACE_OUTER_BOUND ( 'NONE', #2623, .T. ) ;
#650 = CARTESIAN_POINT ( 'NONE',  ( -0.4890361104529521996, 0.2476156929792425188, 0.1000000000000000056 ) ) ;
#651 = EDGE_CURVE ( 'NONE', #4960, #3778, #2651, .T. ) ;
#652 = SURFACE_STYLE_USAGE ( .BOTH. , #4630 ) ;
#653 = CARTESIAN_POINT ( 'NONE',  ( -0.5303793403109833271, 0.06484745124865408383, 0.1000000000000000056 ) ) ;
#654 = AXIS2_PLACEMENT_3D ( 'NONE', #1158, #3185, #782 ) ;
#655 = DIRECTION ( 'NONE',  ( -1.000000000000000000, 0.000000000000000000, 0.000000000000000000 ) ) ;
#656 = CARTESIAN_POINT ( 'NONE',  ( 9.289999999999997371, -3.660000000000000142, 3.875777422434217368E-17 ) ) ;
#657 = CARTESIAN_POINT ( 'NONE',  ( -1.138461538461538414, 0.000000000000000000, 0.1000000000000000056 ) ) ;
#658 = VECTOR ( 'NONE', #941, 1000.000000000000000 ) ;
#659 = ADVANCED_BREP_SHAPE_REPRESENTATION ( 'RELAY-TH_JE-1XXD', ( #1834, #43 ), #790 ) ;
#660 = ADVANCED_FACE ( 'NONE', ( #611 ), #4673, .F. ) ;
#661 = CARTESIAN_POINT ( 'NONE',  ( -9.015000000000005898, -3.935000000000000941, -3.499999999999998668 ) ) ;
#662 = PRESENTATION_LAYER_ASSIGNMENT (  '', '', ( #2378 ) ) ;
#663 = DIRECTION ( 'NONE',  ( 0.000000000000000000, 1.000000000000000000, 0.000000000000000000 ) ) ;
#664 = DIRECTION ( 'NONE',  ( 0.000000000000000000, 1.000000000000000000, 0.000000000000000000 ) ) ;
#665 = AXIS2_PLACEMENT_3D ( 'NONE', #4314, #1497, #1960 ) ;
#666 = EDGE_CURVE ( 'NONE', #4388, #2233, #296, .T. ) ;
#667 = CARTESIAN_POINT ( 'NONE',  ( -0.7444592380201361381, 0.04633127662885150322, 1.355252715606880543E-17 ) ) ;
#668 = CARTESIAN_POINT ( 'NONE',  ( -1.796617746508770930, 0.0002171810820796092969, 1.355252715606880543E-17 ) ) ;
#669 = CARTESIAN_POINT ( 'NONE',  ( -0.5068509615384614309, 0.08954326923076921796, 0.1000000000000000056 ) ) ;
#670 = CARTESIAN_POINT ( 'NONE',  ( -1.138461538461538414, 0.000000000000000000, 0.1000000000000000056 ) ) ;
#671 = CARTESIAN_POINT ( 'NONE',  ( -0.9582315161667508407, 0.4658089342269182143, 0.1000000000000000056 ) ) ;
#672 = CARTESIAN_POINT ( 'NONE',  ( 9.289999999999997371, 3.660000000000000142, 3.875777422434217368E-17 ) ) ;
#673 = EDGE_CURVE ( 'NONE', #959, #2480, #4996, .T. ) ;
#674 = CARTESIAN_POINT ( 'NONE',  ( -0.1307692307692307765, 0.06153846153846153494, 0.1000000000000000056 ) ) ;
#675 = DIRECTION ( 'NONE',  ( 0.000000000000000000, -1.000000000000000000, 0.000000000000000000 ) ) ;
#676 = VECTOR ( 'NONE', #3713, 1000.000000000000000 ) ;
#677 = MECHANICAL_DESIGN_GEOMETRIC_PRESENTATION_REPRESENTATION (  '', ( #3847 ), #4640 ) ;
#678 = ADVANCED_FACE ( 'NONE', ( #1002 ), #3531, .F. ) ;
#679 = CARTESIAN_POINT ( 'NONE',  ( -0.8681544307997340892, 0.5307641247862313616, 0.000000000000000000 ) ) ;
#680 = VECTOR ( 'NONE', #1854, 1000.000000000000000 ) ;
#681 = CARTESIAN_POINT ( 'NONE',  ( -0.6984407131389754886, 0.05032142553355253151, 1.355252715606880543E-17 ) ) ;
#682 = DIRECTION ( 'NONE',  ( 1.000000000000000000, 0.000000000000000000, 0.000000000000000000 ) ) ;
#683 = EDGE_CURVE ( 'NONE', #4226, #4138, #42, .T. ) ;
#684 = CARTESIAN_POINT ( 'NONE',  ( -1.970583391596514522, 0.4532413475454956653, 0.1000000000000000056 ) ) ;
#685 = EDGE_CURVE ( 'NONE', #1073, #1910, #2334, .T. ) ;
#686 = ORIENTED_EDGE ( 'NONE', *, *, #2030, .T. ) ;
#687 = VERTEX_POINT ( 'NONE', #718 ) ;
#688 = PRESENTATION_LAYER_ASSIGNMENT (  '', '', ( #4561 ) ) ;
#689 = VERTEX_POINT ( 'NONE', #1151 ) ;
#690 = CARTESIAN_POINT ( 'NONE',  ( -1.981454636172627293, 0.4386539574090297933, 0.000000000000000000 ) ) ;
#691 = ORIENTED_EDGE ( 'NONE', *, *, #4911, .F. ) ;
#692 = VECTOR ( 'NONE', #3067, 1000.000000000000000 ) ;
#693 = EDGE_CURVE ( 'NONE', #3403, #245, #2713, .T. ) ;
#694 = MECHANICAL_DESIGN_GEOMETRIC_PRESENTATION_REPRESENTATION (  '', ( #4494 ), #1446 ) ;
#695 = EDGE_CURVE ( 'NONE', #2218, #3962, #3761, .T. ) ;
#696 = ORIENTED_EDGE ( 'NONE', *, *, #5194, .F. ) ;
#697 = B_SPLINE_CURVE_WITH_KNOTS ( 'NONE', 3,
 ( #2592, #513, #3322, #3737, #957, #4127, #122, #1351, #981, #104, #1369 ),
 .UNSPECIFIED., .F., .F.,
 ( 4, 1, 1, 1, 1, 1, 1, 1, 4 ),
 ( 0.000000000000000000, 0.1719006646132703042, 0.3306279320958812051, 0.4755488358809185634, 0.6067461903123636535, 0.7250238034674899579, 0.8297423869584560352, 0.9213228203439749464, 1.000000000000000000 ),
 .UNSPECIFIED. ) ;
#698 = ORIENTED_EDGE ( 'NONE', *, *, #3500, .F. ) ;
#699 = CARTESIAN_POINT ( 'NONE',  ( -0.9682692307692306599, 0.4538461538461537881, 0.000000000000000000 ) ) ;
#700 = CARTESIAN_POINT ( 'NONE',  ( 8.489999999999998437, -3.660000000000000142, 3.875777422434217368E-17 ) ) ;
#701 = CARTESIAN_POINT ( 'NONE',  ( -2.076602777450413662, 0.2703972513408133271, 0.1000000000000000056 ) ) ;
#702 = VERTEX_POINT ( 'NONE', #3936 ) ;
#703 = DIRECTION ( 'NONE',  ( 1.000000000000000000, 0.000000000000000000, -0.000000000000000000 ) ) ;
#704 = CARTESIAN_POINT ( 'NONE',  ( -0.8140785415391361690, 0.5480183052969317403, 0.1000000000000000056 ) ) ;
#705 = DIRECTION ( 'NONE',  ( 0.5773502691896323924, 0.5773502691896323924, -0.5773502691896122974 ) ) ;
#706 = LINE ( 'NONE', #4006, #2104 ) ;
#707 = ADVANCED_FACE ( 'NONE', ( #1181, #1441 ), #3552, .T. ) ;
#708 = FACE_OUTER_BOUND ( 'NONE', #4779, .T. ) ;
#709 =( GEOMETRIC_REPRESENTATION_CONTEXT ( 3 ) GLOBAL_UNCERTAINTY_ASSIGNED_CONTEXT ( ( #4165 ) ) GLOBAL_UNIT_ASSIGNED_CONTEXT ( ( #40, #1244, #408 ) ) REPRESENTATION_CONTEXT ( 'NONE', 'WORKASPACE' ) );
#710 = PRESENTATION_STYLE_ASSIGNMENT (( #94 ) ) ;
#711 = SURFACE_STYLE_USAGE ( .BOTH. , #2307 ) ;
#712 = VECTOR ( 'NONE', #4303, 1000.000000000000114 ) ;
#713 = CARTESIAN_POINT ( 'NONE',  ( -2.076923076923077094, 0.2924278846153846034, 0.1000000000000000056 ) ) ;
#714 = SURFACE_STYLE_FILL_AREA ( #2989 ) ;
#715 = AXIS2_PLACEMENT_3D ( 'NONE', #3572, #2360, #3153 ) ;
#716 = UNCERTAINTY_MEASURE_WITH_UNIT (LENGTH_MEASURE( 1.000000000000000082E-05 ), #3893, 'distance_accuracy_value', 'NONE');
#717 = DIRECTION ( 'NONE',  ( -0.000000000000000000, -0.000000000000000000, 1.000000000000000000 ) ) ;
#718 = CARTESIAN_POINT ( 'NONE',  ( -2.153846153846153744, 0.000000000000000000, 0.000000000000000000 ) ) ;
#719 = SURFACE_STYLE_FILL_AREA ( #4184 ) ;
#720 = EDGE_LOOP ( 'NONE', ( #819, #2351, #3832, #5100 ) ) ;
#721 = CARTESIAN_POINT ( 'NONE',  ( -1.011592939404994951, 0.1055644247252341822, 0.1000000000000000056 ) ) ;
#722 = CARTESIAN_POINT ( 'NONE',  ( -0.7444592380201361381, 0.04633127662885150322, -0.000000000000000000 ) ) ;
#723 = MECHANICAL_DESIGN_GEOMETRIC_PRESENTATION_REPRESENTATION (  '', ( #2378 ), #4957 ) ;
#724 = CARTESIAN_POINT ( 'NONE',  ( 1.669999999999997042, -3.959999999999999964, 3.875777422434217368E-17 ) ) ;
#725 = B_SPLINE_SURFACE_WITH_KNOTS ( 'NONE', 3, 1, ( 
 ( #3987, #2797 ),
 ( #3969, #3608 ),
 ( #2452, #413 ),
 ( #4373, #5185 ),
 ( #4801, #1217 ),
 ( #1180, #1565 ),
 ( #3578, #1149 ),
 ( #3627, #3592 ),
 ( #10, #2812 ),
 ( #807, #3216 ),
 ( #1585, #4385 ),
 ( #4018, #1168 ),
 ( #1199, #1614 ),
 ( #2399, #2040 ),
 ( #379, #4812 ),
 ( #2017, #2002 ),
 ( #1984, #3191 ),
 ( #2844, #4769 ),
 ( #358, #398 ) ),
 .UNSPECIFIED., .F., .F., .F.,
 ( 4, 1, 1, 1, 1, 1, 1, 1, 1, 1, 1, 1, 1, 1, 1, 1, 4 ),
 ( 2, 2 ),
 ( 0.000000000000000000, 0.06241450026327793887, 0.1233382314733143803, 0.1831245376921939449, 0.2417829946389432882, 0.3005788825509778661, 0.3596800748966264560, 0.4188816408500465327, 0.4795306644577831401, 0.5408505357600388308, 0.6023033958983802227, 0.6644632119464733977, 0.7278057226670118229, 0.7928948147812348024, 0.8596723283028316898, 0.9284644007334887927, 1.000000000000000000 ),
 ( 0.000000000000000000, 1.000000000000000000 ),
 .UNSPECIFIED. ) ;
#726 = CARTESIAN_POINT ( 'NONE',  ( -1.883074038132662054, 0.5157193092881097174, 0.000000000000000000 ) ) ;
#727 = VERTEX_POINT ( 'NONE', #1551 ) ;
#728 = ADVANCED_FACE ( 'NONE', ( #1690 ), #4883, .F. ) ;
#729 = EDGE_CURVE ( 'NONE', #3948, #3270, #1312, .T. ) ;
#730 = CARTESIAN_POINT ( 'NONE',  ( -2.062416660789261780, 0.1881992425041194850, 0.1000000000000000056 ) ) ;
#731 = DIRECTION ( 'NONE',  ( -1.000000000000000000, 0.000000000000000000, 0.000000000000000000 ) ) ;
#732 = CARTESIAN_POINT ( 'NONE',  ( -1.680649038461538680, 0.5384615384615385469, 0.1000000000000000056 ) ) ;
#733 = DIRECTION ( 'NONE',  ( -1.000000000000000000, -0.000000000000000000, -0.000000000000000000 ) ) ;
#734 = COLOUR_RGB ( '',0.7960784313725489669, 0.8235294117647058432, 0.9372549019607843146 ) ;
#735 = DIRECTION ( 'NONE',  ( -1.000000000000000000, 0.000000000000000000, 0.000000000000000000 ) ) ;
#736 = CARTESIAN_POINT ( 'NONE',  ( -1.874494737926829746, 0.07553927692906248215, 0.1000000000000000056 ) ) ;
#737 = PRESENTATION_STYLE_ASSIGNMENT (( #191 ) ) ;
#738 = CARTESIAN_POINT ( 'NONE',  ( -2.007025710092936954, 0.3896598868713928576, 0.000000000000000000 ) ) ;
#739 = VECTOR ( 'NONE', #4240, 1000.000000000000000 ) ;
#740 = ORIENTED_EDGE ( 'NONE', *, *, #4628, .F. ) ;
#741 = EDGE_CURVE ( 'NONE', #557, #249, #353, .T. ) ;
#742 = ORIENTED_EDGE ( 'NONE', *, *, #979, .T. ) ;
#743 = DIRECTION ( 'NONE',  ( 0.000000000000000000, -0.000000000000000000, -1.000000000000000000 ) ) ;
#744 = ORIENTED_EDGE ( 'NONE', *, *, #4379, .T. ) ;
#745 = CARTESIAN_POINT ( 'NONE',  ( -1.766084522364050668, 0.5988481707315355118, 0.1000000000000000056 ) ) ;
#746 = EDGE_LOOP ( 'NONE', ( #3894, #2026, #4492, #1209 ) ) ;
#747 = CARTESIAN_POINT ( 'NONE',  ( -9.115000000000005542, 3.584999999999999520, 1.068543264670088319E-15 ) ) ;
#748 = PRESENTATION_STYLE_ASSIGNMENT (( #4259 ) ) ;
#749 = DIRECTION ( 'NONE',  ( -0.7071067811865352493, 0.000000000000000000, -0.7071067811865597852 ) ) ;
#750 = VERTEX_POINT ( 'NONE', #514 ) ;
#751 = EDGE_LOOP ( 'NONE', ( #3651, #5005, #4759, #2546 ) ) ;
#752 = DIRECTION ( 'NONE',  ( 0.000000000000000000, 0.000000000000000000, 1.000000000000000000 ) ) ;
#753 = EDGE_LOOP ( 'NONE', ( #1272, #4515, #635, #320 ) ) ;
#754 = ORIENTED_EDGE ( 'NONE', *, *, #2804, .F. ) ;
#755 = PLANE ( 'NONE',  #1241 ) ;
#756 = ORIENTED_EDGE ( 'NONE', *, *, #1759, .T. ) ;
#757 = ADVANCED_FACE ( 'NONE', ( #2588 ), #4926, .T. ) ;
#758 = DIRECTION ( 'NONE',  ( 1.000000000000000000, 0.000000000000000000, -0.000000000000000000 ) ) ;
#759 = DIRECTION ( 'NONE',  ( -0.000000000000000000, 0.000000000000000000, 1.000000000000000000 ) ) ;
#760 = FILL_AREA_STYLE_COLOUR ( '', #3479 ) ;
#761 = LINE ( 'NONE', #3543, #4404 ) ;
#762 = ORIENTED_EDGE ( 'NONE', *, *, #4466, .T. ) ;
#763 = CARTESIAN_POINT ( 'NONE',  ( -2.007025710092936954, 0.3896598868713928576, 0.1000000000000000056 ) ) ;
#764 = VECTOR ( 'NONE', #4672, 1000.000000000000000 ) ;
#765 = AXIS2_PLACEMENT_3D ( 'NONE', #4450, #2070, #41 ) ;
#766 = EDGE_CURVE ( 'NONE', #344, #4659, #4692, .T. ) ;
#767 = DIRECTION ( 'NONE',  ( 0.000000000000000000, 1.000000000000000000, 0.000000000000000000 ) ) ;
#768 = LINE ( 'NONE', #997, #3974 ) ;
#769 = SURFACE_STYLE_USAGE ( .BOTH. , #1981 ) ;
#770 = SURFACE_SIDE_STYLE ('',( #3158 ) ) ;
#771 = CARTESIAN_POINT ( 'NONE',  ( -1.878846153846153610, 0.07680288461538460620, 0.000000000000000000 ) ) ;
#772 = DIRECTION ( 'NONE',  ( 1.000000000000000000, 0.000000000000000000, 0.000000000000000000 ) ) ;
#773 = VECTOR ( 'NONE', #3017, 1000.000000000000000 ) ;
#774 = VECTOR ( 'NONE', #1311, 1000.000000000000000 ) ;
#775 =( NAMED_UNIT ( * ) PLANE_ANGLE_UNIT ( ) SI_UNIT ( $, .RADIAN. ) );
#776 = CARTESIAN_POINT ( 'NONE',  ( -0.07692307692307691347, 0.5999999999999999778, 0.000000000000000000 ) ) ;
#777 = CARTESIAN_POINT ( 'NONE',  ( -0.8329352171208824762, -0.007401092898661713361, 1.355252715606880543E-17 ) ) ;
#778 = CARTESIAN_POINT ( 'NONE',  ( -0.4852563960391603759, 0.2731192262148837702, 0.1000000000000000056 ) ) ;
#779 = AXIS2_PLACEMENT_3D ( 'NONE', #3767, #2940, #564 ) ;
#780 = PRESENTATION_STYLE_ASSIGNMENT (( #3332 ) ) ;
#781 = CARTESIAN_POINT ( 'NONE',  ( -1.638461538461538192, 0.5384615384615384359, 0.1000000000000000056 ) ) ;
#782 = DIRECTION ( 'NONE',  ( 0.000000000000000000, -0.000000000000000000, -1.000000000000000000 ) ) ;
#783 = VECTOR ( 'NONE', #2868, 1000.000000000000000 ) ;
#784 = SURFACE_STYLE_FILL_AREA ( #1025 ) ;
#785 = ADVANCED_FACE ( 'NONE', ( #4749 ), #2578, .F. ) ;
#786 = EDGE_CURVE ( 'NONE', #4393, #4822, #1620, .T. ) ;
#787 = DIRECTION ( 'NONE',  ( 1.000000000000000000, 0.000000000000000000, 0.000000000000000000 ) ) ;
#788 = EDGE_CURVE ( 'NONE', #2350, #4143, #1893, .T. ) ;
#789 = FILL_AREA_STYLE_COLOUR ( '', #4304 ) ;
#790 =( GEOMETRIC_REPRESENTATION_CONTEXT ( 3 ) GLOBAL_UNCERTAINTY_ASSIGNED_CONTEXT ( ( #3231 ) ) GLOBAL_UNIT_ASSIGNED_CONTEXT ( ( #1809, #4935, #3374 ) ) REPRESENTATION_CONTEXT ( 'NONE', 'WORKASPACE' ) );
#791 = CARTESIAN_POINT ( 'NONE',  ( -2.303846153846153655, 0.1923076923076923184, 0.000000000000000000 ) ) ;
#792 = VERTEX_POINT ( 'NONE', #2902 ) ;
#793 = CARTESIAN_POINT ( 'NONE',  ( -0.4822249539452948541, 0.4781570557652162212, 0.1000000000000000056 ) ) ;
#794 = DIRECTION ( 'NONE',  ( -0.000000000000000000, 0.000000000000000000, 1.000000000000000000 ) ) ;
#795 = CARTESIAN_POINT ( 'NONE',  ( -1.004027749359492683, 0.09580324650680960286, 0.1000000000000000056 ) ) ;
#796 = CARTESIAN_POINT ( 'NONE',  ( -2.153846153846153744, 0.000000000000000000, 0.1000000000000000056 ) ) ;
#797 = EDGE_CURVE ( 'NONE', #5180, #3263, #1380, .T. ) ;
#798 = AXIS2_PLACEMENT_3D ( 'NONE', #1792, #524, #545 ) ;
#799 = EDGE_CURVE ( 'NONE', #3778, #830, #3066, .T. ) ;
#800 = CARTESIAN_POINT ( 'NONE',  ( -0.5068509615384614309, 0.08954326923076921796, 0.000000000000000000 ) ) ;
#801 = CARTESIAN_POINT ( 'NONE',  ( -2.017468206930220553, 0.3530313358595831286, 0.000000000000000000 ) ) ;
#802 = CARTESIAN_POINT ( 'NONE',  ( -1.192307692307692069, 0.5384615384615384359, 0.1000000000000000056 ) ) ;
#803 = VECTOR ( 'NONE', #1308, 1000.000000000000000 ) ;
#804 = PLANE ( 'NONE',  #976 ) ;
#805 = B_SPLINE_SURFACE_WITH_KNOTS ( 'NONE', 3, 1, ( 
 ( #233, #1866 ),
 ( #1879, #3831 ),
 ( #3881, #1915 ),
 ( #650, #1896 ),
 ( #4670, #4267 ),
 ( #275, #3870 ),
 ( #3512, #2655 ),
 ( #3097, #1096 ),
 ( #3058, #3900 ),
 ( #2693, #1027 ),
 ( #220, #5001 ),
 ( #2646, #209 ),
 ( #3027, #2311 ),
 ( #614, #3072 ),
 ( #3470, #1057 ),
 ( #3855, #681 ),
 ( #4238, #260 ),
 ( #1471, #667 ),
 ( #3435, #3493 ) ),
 .UNSPECIFIED., .F., .F., .F.,
 ( 4, 1, 1, 1, 1, 1, 1, 1, 1, 1, 1, 1, 1, 1, 1, 1, 4 ),
 ( 2, 2 ),
 ( 0.000000000000000000, 0.06432321657984210739, 0.1262901037035558394, 0.1867264692161327844, 0.2461464323353445560, 0.3055756426461386233, 0.3654293856180518274, 0.4263263089482599022, 0.4888399064006411776, 0.5517249718140472270, 0.6139185964661588724, 0.6754837657683960828, 0.7373338970992854291, 0.8002290443945262455, 0.8645022981233226878, 0.9310407391556970724, 1.000000000000000000 ),
 ( 0.000000000000000000, 1.000000000000000000 ),
 .UNSPECIFIED. ) ;
#806 = CARTESIAN_POINT ( 'NONE',  ( -1.861374198076108488, 0.5881830113118070580, 0.000000000000000000 ) ) ;
#807 = CARTESIAN_POINT ( 'NONE',  ( -1.984726781817355734, 0.1547253755640231043, 0.1000000000000000056 ) ) ;
#808 = FACE_OUTER_BOUND ( 'NONE', #3541, .T. ) ;
#809 = AXIS2_PLACEMENT_3D ( 'NONE', #2945, #3348, #3294 ) ;
#810 = PLANE ( 'NONE',  #4934 ) ;
#811 = CARTESIAN_POINT ( 'NONE',  ( -1.680649038461538680, 0.5384615384615385469, 0.000000000000000000 ) ) ;
#812 = ORIENTED_EDGE ( 'NONE', *, *, #928, .T. ) ;
#813 = ADVANCED_FACE ( 'NONE', ( #4502 ), #4902, .F. ) ;
#814 = CARTESIAN_POINT ( 'NONE',  ( -1.788640055839978205, 0.06355350448646264472, 0.1000000000000000056 ) ) ;
#815 = PLANE ( 'NONE',  #869 ) ;
#816 = ORIENTED_EDGE ( 'NONE', *, *, #528, .T. ) ;
#817 = CARTESIAN_POINT ( 'NONE',  ( -0.4409725021634687270, 0.2147374530270481641, 0.000000000000000000 ) ) ;
#818 = VERTEX_POINT ( 'NONE', #4136 ) ;
#819 = ORIENTED_EDGE ( 'NONE', *, *, #2872, .F. ) ;
#820 = DIRECTION ( 'NONE',  ( -0.000000000000000000, -1.000000000000000000, 0.000000000000000000 ) ) ;
#821 = ORIENTED_EDGE ( 'NONE', *, *, #3899, .F. ) ;
#822 = DIRECTION ( 'NONE',  ( 0.000000000000000000, 1.000000000000000000, 0.000000000000000000 ) ) ;
#823 = ORIENTED_EDGE ( 'NONE', *, *, #3810, .F. ) ;
#824 = PRESENTATION_LAYER_ASSIGNMENT (  '', '', ( #110 ) ) ;
#825 = CARTESIAN_POINT ( 'NONE',  ( -0.9358709845040685815, 0.03539873279288730662, 0.1000000000000000056 ) ) ;
#826 = LINE ( 'NONE', #2879, #1335 ) ;
#827 = ORIENTED_EDGE ( 'NONE', *, *, #695, .F. ) ;
#828 = CARTESIAN_POINT ( 'NONE',  ( -9.800000000000002487, -5.000000000000000000, 10.30000000000000071 ) ) ;
#829 = VECTOR ( 'NONE', #4755, 1000.000000000000000 ) ;
#830 = VERTEX_POINT ( 'NONE', #3337 ) ;
#831 = EDGE_LOOP ( 'NONE', ( #4331, #1962, #2224, #2361, #2101, #4211, #5120 ) ) ;
#832 = DIRECTION ( 'NONE',  ( -0.7071067811865352493, 0.000000000000000000, -0.7071067811865597852 ) ) ;
#833 = PRESENTATION_STYLE_ASSIGNMENT (( #3353 ) ) ;
#834 = PRESENTATION_STYLE_ASSIGNMENT (( #3047 ) ) ;
#835 = CARTESIAN_POINT ( 'NONE',  ( -0.4310358353790144093, 0.3142779403872962285, 0.1000000000000000056 ) ) ;
#836 = ORIENTED_EDGE ( 'NONE', *, *, #3956, .T. ) ;
#837 = CARTESIAN_POINT ( 'NONE',  ( -1.874494737926829746, 0.07553927692906248215, 0.1000000000000000056 ) ) ;
#838 = FACE_OUTER_BOUND ( 'NONE', #2366, .T. ) ;
#839 = CARTESIAN_POINT ( 'NONE',  ( -9.800000000000002487, -4.800000000000000711, 0.000000000000000000 ) ) ;
#840 = CARTESIAN_POINT ( 'NONE',  ( -0.4351814401497979823, 0.2433172554974527280, 0.000000000000000000 ) ) ;
#841 =( GEOMETRIC_REPRESENTATION_CONTEXT ( 3 ) GLOBAL_UNCERTAINTY_ASSIGNED_CONTEXT ( ( #4323 ) ) GLOBAL_UNIT_ASSIGNED_CONTEXT ( ( #3445, #1051, #1875 ) ) REPRESENTATION_CONTEXT ( 'NONE', 'WORKASPACE' ) );
#842 = LINE ( 'NONE', #3461, #1035 ) ;
#843 = FACE_OUTER_BOUND ( 'NONE', #3410, .T. ) ;
#844 = EDGE_CURVE ( 'NONE', #2233, #431, #5095, .T. ) ;
#845 = CARTESIAN_POINT ( 'NONE',  ( -0.5840510481298417655, 0.02545645499853768645, 0.000000000000000000 ) ) ;
#846 = CARTESIAN_POINT ( 'NONE',  ( -0.4314183079536029197, 0.2730169027321137643, 0.1000000000000000056 ) ) ;
#847 = EDGE_CURVE ( 'NONE', #2716, #5149, #5026, .T. ) ;
#848 = CARTESIAN_POINT ( 'NONE',  ( -0.07692307692307691347, 0.000000000000000000, 0.1000000000000000056 ) ) ;
#849 = LINE ( 'NONE', #1649, #1224 ) ;
#850 = CARTESIAN_POINT ( 'NONE',  ( -0.5713679583613744395, 0.5652217027351573719, 1.355252715606880543E-17 ) ) ;
#851 = VECTOR ( 'NONE', #3794, 1000.000000000000000 ) ;
#852 =( LENGTH_UNIT ( ) NAMED_UNIT ( * ) SI_UNIT ( .MILLI., .METRE. ) );
#853 =( NAMED_UNIT ( * ) SI_UNIT ( $, .STERADIAN. ) SOLID_ANGLE_UNIT ( ) );
#854 =( LENGTH_UNIT ( ) NAMED_UNIT ( * ) SI_UNIT ( .MILLI., .METRE. ) );
#855 = PRESENTATION_LAYER_ASSIGNMENT (  '', '', ( #1399 ) ) ;
#856 = DIRECTION ( 'NONE',  ( -0.000000000000000000, -0.000000000000000000, -1.000000000000000000 ) ) ;
#857 = COLOUR_RGB ( '',0.7960784313725489669, 0.8235294117647058432, 0.9372549019607843146 ) ;
#858 = CARTESIAN_POINT ( 'NONE',  ( -1.004027749359492683, 0.09580324650680960286, 0.000000000000000000 ) ) ;
#859 = CARTESIAN_POINT ( 'NONE',  ( -1.739634633038202205, 0.5374953114882161653, 0.1000000000000000056 ) ) ;
#860 = FILL_AREA_STYLE ('',( #3241 ) ) ;
#861 = CARTESIAN_POINT ( 'NONE',  ( -0.7850579000818758146, 0.04701316654649512206, 0.1000000000000000056 ) ) ;
#862 = ORIENTED_EDGE ( 'NONE', *, *, #3588, .F. ) ;
#863 = DIRECTION ( 'NONE',  ( 0.000000000000000000, 1.000000000000000000, 0.000000000000000000 ) ) ;
#864 = CARTESIAN_POINT ( 'NONE',  ( -0.4307692307692307931, 0.3034855769230768718, 1.355252715606880543E-17 ) ) ;
#865 = CARTESIAN_POINT ( 'NONE',  ( -0.9682692307692306599, 0.1461538461538461620, 0.1000000000000000056 ) ) ;
#866 = DIRECTION ( 'NONE',  ( 0.000000000000000000, 0.000000000000000000, -1.000000000000000000 ) ) ;
#867 = CARTESIAN_POINT ( 'NONE',  ( 1.669999999999997042, -3.660000000000000142, 3.875777422434217368E-17 ) ) ;
#868 = VECTOR ( 'NONE', #4321, 1000.000000000000000 ) ;
#869 = AXIS2_PLACEMENT_3D ( 'NONE', #796, #5176, #1221 ) ;
#870 = CARTESIAN_POINT ( 'NONE',  ( -0.8152924188832407770, 0.05184046639612936019, -1.355252715606880543E-17 ) ) ;
#871 = EDGE_CURVE ( 'NONE', #3016, #2354, #1339, .T. ) ;
#872 = CARTESIAN_POINT ( 'NONE',  ( 9.289999999999997371, 3.860000000000000764, -3.499999999999998668 ) ) ;
#873 =( LENGTH_UNIT ( ) NAMED_UNIT ( * ) SI_UNIT ( .MILLI., .METRE. ) );
#874 = CARTESIAN_POINT ( 'NONE',  ( -1.766083608121416404, 0.5361973718412391676, 0.000000000000000000 ) ) ;
#875 = DIRECTION ( 'NONE',  ( 0.000000000000000000, -0.000000000000000000, 1.000000000000000000 ) ) ;
#876 = ORIENTED_EDGE ( 'NONE', *, *, #2804, .T. ) ;
#877 = ORIENTED_EDGE ( 'NONE', *, *, #3810, .T. ) ;
#878 =( LENGTH_UNIT ( ) NAMED_UNIT ( * ) SI_UNIT ( .MILLI., .METRE. ) );
#879 = VERTEX_POINT ( 'NONE', #1529 ) ;
#880 = ORIENTED_EDGE ( 'NONE', *, *, #844, .F. ) ;
#881 = STYLED_ITEM ( 'NONE', ( #1413 ), #2176 ) ;
#882 = VERTEX_POINT ( 'NONE', #286 ) ;
#883 = CARTESIAN_POINT ( 'NONE',  ( -0.4307692307692307931, 0.3034855769230768718, 0.1000000000000000056 ) ) ;
#884 = VERTEX_POINT ( 'NONE', #2306 ) ;
#885 = CARTESIAN_POINT ( 'NONE',  ( -0.8699618471243657503, 0.5969183433631014557, 0.1000000000000000056 ) ) ;
#886 = UNCERTAINTY_MEASURE_WITH_UNIT (LENGTH_MEASURE( 1.000000000000000082E-05 ), #4750, 'distance_accuracy_value', 'NONE');
#887 = FILL_AREA_STYLE ('',( #33 ) ) ;
#888 = LINE ( 'NONE', #3501, #4461 ) ;
#889 = VERTEX_POINT ( 'NONE', #4312 ) ;
#890 = VERTEX_POINT ( 'NONE', #1946 ) ;
#891 = ORIENTED_EDGE ( 'NONE', *, *, #3574, .F. ) ;
#892 = FILL_AREA_STYLE ('',( #3685 ) ) ;
#893 = ORIENTED_EDGE ( 'NONE', *, *, #4287, .T. ) ;
#894 = FILL_AREA_STYLE ('',( #517 ) ) ;
#895 = ORIENTED_EDGE ( 'NONE', *, *, #1745, .T. ) ;
#896 = LINE ( 'NONE', #1785, #3846 ) ;
#897 = CARTESIAN_POINT ( 'NONE',  ( -1.887776550538735831, 0.01244475655156214271, 0.1000000000000000056 ) ) ;
#898 = VECTOR ( 'NONE', #1092, 1000.000000000000114 ) ;
#899 = ORIENTED_EDGE ( 'NONE', *, *, #3026, .F. ) ;
#900 = DIRECTION ( 'NONE',  ( 0.000000000000000000, 0.000000000000000000, 1.000000000000000000 ) ) ;
#901 = CARTESIAN_POINT ( 'NONE',  ( -8.665000000000004476, -4.035000000000000142, -3.400000000000003020 ) ) ;
#902 = CARTESIAN_POINT ( 'NONE',  ( -1.138461538461538414, 0.000000000000000000, 0.000000000000000000 ) ) ;
#903 = CARTESIAN_POINT ( 'NONE',  ( -1.938988459344885840, 0.1068865308573577061, 0.1000000000000000056 ) ) ;
#904 = AXIS2_PLACEMENT_3D ( 'NONE', #1147, #1499, #1098 ) ;
#905 =( NAMED_UNIT ( * ) PLANE_ANGLE_UNIT ( ) SI_UNIT ( $, .RADIAN. ) );
#906 = CARTESIAN_POINT ( 'NONE',  ( -0.6874026182482781966, 0.6102579304349847744, 0.1000000000000000056 ) ) ;
#907 = EDGE_CURVE ( 'NONE', #226, #361, #2673, .T. ) ;
#908 = CARTESIAN_POINT ( 'NONE',  ( -0.5857828291609875615, 0.5015166007674874971, -1.355252715606880543E-17 ) ) ;
#909 =( NAMED_UNIT ( * ) PLANE_ANGLE_UNIT ( ) SI_UNIT ( $, .RADIAN. ) );
#910 = FACE_BOUND ( 'NONE', #3214, .T. ) ;
#911 = CARTESIAN_POINT ( 'NONE',  ( -1.707331730769230616, 0.06153846153846153494, 0.1000000000000000056 ) ) ;
#912 = FACE_OUTER_BOUND ( 'NONE', #4345, .T. ) ;
#913 = CARTESIAN_POINT ( 'NONE',  ( -2.074694894729960826, 0.2488588120937352821, 0.1000000000000000056 ) ) ;
#914 = CARTESIAN_POINT ( 'NONE',  ( -0.4732501380163957605, 0.1358947916165430536, 0.1000000000000000056 ) ) ;
#915 =( NAMED_UNIT ( * ) SI_UNIT ( $, .STERADIAN. ) SOLID_ANGLE_UNIT ( ) );
#916 = VECTOR ( 'NONE', #3297, 1000.000000000000000 ) ;
#917 = EDGE_LOOP ( 'NONE', ( #1818, #4027, #1656, #3593 ) ) ;
#918 = CARTESIAN_POINT ( 'NONE',  ( -2.017919680415599881, 0.2352065738386643623, 0.1000000000000000056 ) ) ;
#919 = CARTESIAN_POINT ( 'NONE',  ( -0.4307692307692307931, 0.3034855769230768718, 0.000000000000000000 ) ) ;
#920 = CARTESIAN_POINT ( 'NONE',  ( -0.7536057692307691624, 0.6153846153846153078, 0.1000000000000000056 ) ) ;
#921 = DIRECTION ( 'NONE',  ( 1.000000000000000000, 0.000000000000000000, 0.000000000000000000 ) ) ;
#922 = LINE ( 'NONE', #4525, #1368 ) ;
#923 = DIRECTION ( 'NONE',  ( -0.000000000000000000, -0.000000000000000000, 1.000000000000000000 ) ) ;
#924 = CARTESIAN_POINT ( 'NONE',  ( -1.818235943201547800, 0.5948093149630657717, 0.000000000000000000 ) ) ;
#925 = CARTESIAN_POINT ( 'NONE',  ( -0.5481949671513002276, 0.4683173727743822901, 0.000000000000000000 ) ) ;
#926 = EDGE_LOOP ( 'NONE', ( #3594, #318, #121, #1331 ) ) ;
#927 = CARTESIAN_POINT ( 'NONE',  ( 9.289999999999997371, 3.660000000000000142, 0.000000000000000000 ) ) ;
#928 = EDGE_CURVE ( 'NONE', #4865, #1680, #761, .T. ) ;
#929 = DIRECTION ( 'NONE',  ( 0.000000000000000000, -1.000000000000000000, 0.000000000000000000 ) ) ;
#930 = DIRECTION ( 'NONE',  ( 0.000000000000000000, 0.000000000000000000, -1.000000000000000000 ) ) ;
#931 = AXIS2_PLACEMENT_3D ( 'NONE', #4737, #336, #3947 ) ;
#932 = ORIENTED_EDGE ( 'NONE', *, *, #2953, .F. ) ;
#933 = B_SPLINE_CURVE_WITH_KNOTS ( 'NONE', 3,
 ( #2313, #1099, #3935, #4723, #3100, #4703, #5090, #3497, #3077, #1500, #684, #1113, #1488, #1518, #4289, #5138, #3142, #1536, #1901 ),
 .UNSPECIFIED., .F., .F.,
 ( 4, 1, 1, 1, 1, 1, 1, 1, 1, 1, 1, 1, 1, 1, 1, 1, 4 ),
 ( 0.000000000000000000, 0.07015117599727851982, 0.1378126061901916166, 0.2032262471813942040, 0.2671740552944739666, 0.3300240034081788343, 0.3917942717866855773, 0.4530843989971402586, 0.5143339076458773862, 0.5749999928182691900, 0.6348654826222128733, 0.6941163151896413419, 0.7534416217804381644, 0.8131258003036119231, 0.8740796856370746104, 0.9360070132744069404, 1.000000000000000000 ),
 .UNSPECIFIED. ) ;
#934 = LINE ( 'NONE', #3526, #2205 ) ;
#935 = CARTESIAN_POINT ( 'NONE',  ( -2.664543269230768896, 0.000000000000000000, 0.1000000000000000056 ) ) ;
#936 = DIRECTION ( 'NONE',  ( 0.000000000000000000, 1.000000000000000000, 0.000000000000000000 ) ) ;
#937 = CARTESIAN_POINT ( 'NONE',  ( -0.8140785415391361690, 0.5480183052969317403, 0.000000000000000000 ) ) ;
#938 = DIRECTION ( 'NONE',  ( -0.000000000000000000, -0.000000000000000000, -1.000000000000000000 ) ) ;
#939 = PRESENTATION_LAYER_ASSIGNMENT (  '', '', ( #2308 ) ) ;
#940 = EDGE_CURVE ( 'NONE', #1340, #4350, #2552, .T. ) ;
#941 = DIRECTION ( 'NONE',  ( -0.000000000000000000, -0.000000000000000000, -1.000000000000000000 ) ) ;
#942 = EDGE_CURVE ( 'NONE', #3649, #1647, #1208, .T. ) ;
#943 = CARTESIAN_POINT ( 'NONE',  ( -0.8981752186046765285, 0.08486123120589013358, 0.000000000000000000 ) ) ;
#944 = ORIENTED_EDGE ( 'NONE', *, *, #3225, .T. ) ;
#945 = ORIENTED_EDGE ( 'NONE', *, *, #1606, .T. ) ;
#946 = FILL_AREA_STYLE_COLOUR ( '', #4560 ) ;
#947 = ORIENTED_EDGE ( 'NONE', *, *, #3208, .T. ) ;
#948 = CARTESIAN_POINT ( 'NONE',  ( 9.289999999999997371, -3.759999999999999343, -3.499999999999998668 ) ) ;
#949 = EDGE_LOOP ( 'NONE', ( #4402, #3336, #2363, #7 ) ) ;
#950 = ORIENTED_EDGE ( 'NONE', *, *, #520, .T. ) ;
#951 = FACE_BOUND ( 'NONE', #2610, .T. ) ;
#952 = CARTESIAN_POINT ( 'NONE',  ( -2.022750436830391685, 0.2728384872874771716, 0.1000000000000000056 ) ) ;
#953 = ORIENTED_EDGE ( 'NONE', *, *, #3857, .F. ) ;
#954 = LINE ( 'NONE', #1173, #1725 ) ;
#955 = CARTESIAN_POINT ( 'NONE',  ( -1.936366369723895753, 0.5606227844340020416, 0.1000000000000000056 ) ) ;
#956 = ORIENTED_EDGE ( 'NONE', *, *, #940, .T. ) ;
#957 = CARTESIAN_POINT ( 'NONE',  ( -1.788640055839978205, 0.06355350448646264472, 0.000000000000000000 ) ) ;
#958 = CIRCLE ( 'NONE', #2151, 0.2000000000000005107 ) ;
#959 = VERTEX_POINT ( 'NONE', #1105 ) ;
#960 = VECTOR ( 'NONE', #3988, 1000.000000000000000 ) ;
#961 = CARTESIAN_POINT ( 'NONE',  ( -0.5276282149677710143, 0.4423945416132961661, 0.000000000000000000 ) ) ;
#962 = CARTESIAN_POINT ( 'NONE',  ( -1.972116856782124783, 0.5369366762439107266, 0.1000000000000000056 ) ) ;
#963 = ORIENTED_EDGE ( 'NONE', *, *, #1387, .F. ) ;
#964 = CARTESIAN_POINT ( 'NONE',  ( -10.00000000000000355, 5.000000000000000000, 0.000000000000000000 ) ) ;
#965 = EDGE_CURVE ( 'NONE', #1630, #5146, #3908, .T. ) ;
#966 = ORIENTED_EDGE ( 'NONE', *, *, #4463, .T. ) ;
#967 = SURFACE_STYLE_FILL_AREA ( #1679 ) ;
#968 = LINE ( 'NONE', #441, #3416 ) ;
#969 = CARTESIAN_POINT ( 'NONE',  ( -2.076602777450413662, 0.2703972513408133271, 0.1000000000000000056 ) ) ;
#970 = DIRECTION ( 'NONE',  ( -0.000000000000000000, -0.000000000000000000, -1.000000000000000000 ) ) ;
#971 = VECTOR ( 'NONE', #1090, 1000.000000000000000 ) ;
#972 = COLOUR_RGB ( '',0.7960784313725489669, 0.8235294117647058432, 0.9372549019607843146 ) ;
#973 = DIRECTION ( 'NONE',  ( 1.000000000000000000, -0.000000000000000000, 0.000000000000000000 ) ) ;
#974 =( NAMED_UNIT ( * ) SI_UNIT ( $, .STERADIAN. ) SOLID_ANGLE_UNIT ( ) );
#975 =( GEOMETRIC_REPRESENTATION_CONTEXT ( 3 ) GLOBAL_UNCERTAINTY_ASSIGNED_CONTEXT ( ( #4924 ) ) GLOBAL_UNIT_ASSIGNED_CONTEXT ( ( #1121, #3139, #1917 ) ) REPRESENTATION_CONTEXT ( 'NONE', 'WORKASPACE' ) );
#976 = AXIS2_PLACEMENT_3D ( 'NONE', #3660, #3190, #2863 ) ;
#977 = CARTESIAN_POINT ( 'NONE',  ( -0.9682692307692306599, 0.1461538461538461620, 0.000000000000000000 ) ) ;
#978 = CYLINDRICAL_SURFACE ( 'NONE', #2913, 0.4950336815138468571 ) ;
#979 = EDGE_CURVE ( 'NONE', #1505, #4014, #3661, .T. ) ;
#980 = CARTESIAN_POINT ( 'NONE',  ( -2.074165228689182960, 0.3425993294196470473, 0.000000000000000000 ) ) ;
#981 = CARTESIAN_POINT ( 'NONE',  ( -1.865078263022491356, 0.07280482674370078455, 0.000000000000000000 ) ) ;
#982 = CARTESIAN_POINT ( 'NONE',  ( -0.5106435983868072848, 0.08524622795043473866, 0.1000000000000000056 ) ) ;
#983 = LINE ( 'NONE', #2048, #1104 ) ;
#984 = VECTOR ( 'NONE', #1348, 1000.000000000000000 ) ;
#985 = DIRECTION ( 'NONE',  ( 0.4189977888269736939, 0.9079872537420923262, 0.000000000000000000 ) ) ;
#986 = DIRECTION ( 'NONE',  ( 1.000000000000000000, -0.000000000000000000, 0.000000000000000000 ) ) ;
#987 = LINE ( 'NONE', #3746, #19 ) ;
#988 = UNCERTAINTY_MEASURE_WITH_UNIT (LENGTH_MEASURE( 1.000000000000000082E-05 ), #854, 'distance_accuracy_value', 'NONE');
#989 = VECTOR ( 'NONE', #633, 1000.000000000000227 ) ;
#990 = CARTESIAN_POINT ( 'NONE',  ( -0.7322533631448764346, 0.5536390444102005093, 0.1000000000000000056 ) ) ;
#991 = ORIENTED_EDGE ( 'NONE', *, *, #4652, .T. ) ;
#992 = APPLICATION_PROTOCOL_DEFINITION ( 'draft international standard', 'automotive_design', 1998, #2973 ) ;
#993 = CARTESIAN_POINT ( 'NONE',  ( -1.705769230769230704, 0.5999999999999999778, 0.000000000000000000 ) ) ;
#994 = DIRECTION ( 'NONE',  ( 0.000000000000000000, 0.7071067811865352493, 0.7071067811865597852 ) ) ;
#995 = CARTESIAN_POINT ( 'NONE',  ( -2.065211790533655556, 0.3895553712263126189, 0.1000000000000000056 ) ) ;
#996 = CARTESIAN_POINT ( 'NONE',  ( -0.4848217028603703516, 0.3169861815763862500, -1.355252715606880543E-17 ) ) ;
#997 = CARTESIAN_POINT ( 'NONE',  ( -1.638461538461538192, 0.06153846153846153494, 0.000000000000000000 ) ) ;
#998 = CARTESIAN_POINT ( 'NONE',  ( -2.076800950035132320, 0.3009672745981760156, 0.1000000000000000056 ) ) ;
#999 = ORIENTED_EDGE ( 'NONE', *, *, #3634, .F. ) ;
#1000 = CARTESIAN_POINT ( 'NONE',  ( -0.07692307692307691347, 0.000000000000000000, 0.000000000000000000 ) ) ;
#1001 =( GEOMETRIC_REPRESENTATION_CONTEXT ( 3 ) GLOBAL_UNCERTAINTY_ASSIGNED_CONTEXT ( ( #4449 ) ) GLOBAL_UNIT_ASSIGNED_CONTEXT ( ( #3754, #909, #1372 ) ) REPRESENTATION_CONTEXT ( 'NONE', 'WORKASPACE' ) );
#1002 = FACE_OUTER_BOUND ( 'NONE', #4742, .T. ) ;
#1003 = CARTESIAN_POINT ( 'NONE',  ( 0.000000000000000000, 4.800000000000000711, 10.30000000000000071 ) ) ;
#1004 = CARTESIAN_POINT ( 'NONE',  ( -0.6150687020934397786, 0.5200207373317451420, 0.1000000000000000056 ) ) ;
#1005 = LINE ( 'NONE', #2590, #676 ) ;
#1006 = AXIS2_PLACEMENT_3D ( 'NONE', #2959, #571, #4202 ) ;
#1007 = CARTESIAN_POINT ( 'NONE',  ( -0.7536057692307691624, 0.6153846153846153078, 0.1000000000000000056 ) ) ;
#1008 = EDGE_LOOP ( 'NONE', ( #2393, #2739, #1711, #4824, #4598, #4764, #2581, #5098, #3218, #2029, #2156, #3968 ) ) ;
#1009 = CARTESIAN_POINT ( 'NONE',  ( -0.9362953712375989834, 0.4874509009522207115, 0.000000000000000000 ) ) ;
#1010 = CARTESIAN_POINT ( 'NONE',  ( -0.5037208484862204516, 0.3988643239621413872, 0.1000000000000000056 ) ) ;
#1011 = EDGE_LOOP ( 'NONE', ( #2957, #754, #4831, #3133 ) ) ;
#1012 = CARTESIAN_POINT ( 'NONE',  ( -0.6979324620080854524, -0.01184942314816713436, 0.1000000000000000056 ) ) ;
#1013 = CARTESIAN_POINT ( 'NONE',  ( -2.076560255524060761, 0.3177971826664568455, 0.1000000000000000056 ) ) ;
#1014 = ORIENTED_EDGE ( 'NONE', *, *, #1794, .F. ) ;
#1015 = VECTOR ( 'NONE', #1836, 1000.000000000000000 ) ;
#1016 = ORIENTED_EDGE ( 'NONE', *, *, #1423, .F. ) ;
#1017 = ORIENTED_EDGE ( 'NONE', *, *, #1069, .F. ) ;
#1018 = ORIENTED_EDGE ( 'NONE', *, *, #2657, .F. ) ;
#1019 = CARTESIAN_POINT ( 'NONE',  ( 9.189999999999997726, -3.959999999999999964, -3.499999999999998668 ) ) ;
#1020 = ORIENTED_EDGE ( 'NONE', *, *, #3073, .F. ) ;
#1021 = ORIENTED_EDGE ( 'NONE', *, *, #1931, .F. ) ;
#1022 = FACE_OUTER_BOUND ( 'NONE', #3409, .T. ) ;
#1023 = CARTESIAN_POINT ( 'NONE',  ( -0.7144850534019349109, 0.5518203372322124656, 0.1000000000000000056 ) ) ;
#1024 = ORIENTED_EDGE ( 'NONE', *, *, #2821, .F. ) ;
#1025 = FILL_AREA_STYLE ('',( #2269 ) ) ;
#1026 = COLOUR_RGB ( '',0.7960784313725489669, 0.8235294117647058432, 0.9372549019607843146 ) ;
#1027 = CARTESIAN_POINT ( 'NONE',  ( -0.5608254739584609405, 0.1183058804394242491, 1.355252715606880543E-17 ) ) ;
#1028 = EDGE_CURVE ( 'NONE', #3776, #2731, #4961, .T. ) ;
#1029 = CARTESIAN_POINT ( 'NONE',  ( -0.4892130401977036191, 0.3510703760130532980, -1.355252715606880543E-17 ) ) ;
#1030 = CARTESIAN_POINT ( 'NONE',  ( -0.7536057692307691624, 0.6153846153846153078, 0.000000000000000000 ) ) ;
#1031 = FACE_OUTER_BOUND ( 'NONE', #1519, .T. ) ;
#1032 = CARTESIAN_POINT ( 'NONE',  ( -2.050323695688066827, 0.4328569179779485077, 0.1000000000000000056 ) ) ;
#1033 = CARTESIAN_POINT ( 'NONE',  ( -10.00000000000000355, -5.000000000000000000, 0.000000000000000000 ) ) ;
#1034 = ADVANCED_FACE ( 'NONE', ( #1 ), #2782, .F. ) ;
#1035 = VECTOR ( 'NONE', #4691, 1000.000000000000000 ) ;
#1036 = DIRECTION ( 'NONE',  ( 0.000000000000000000, -1.000000000000000000, 0.000000000000000000 ) ) ;
#1037 = CARTESIAN_POINT ( 'NONE',  ( -8.665000000000004476, 3.585000000000000409, -3.400000000000002132 ) ) ;
#1038 = LINE ( 'NONE', #4000, #5168 ) ;
#1039 = LINE ( 'NONE', #178, #2988 ) ;
#1040 = CARTESIAN_POINT ( 'NONE',  ( -0.9047353777028271926, 0.5825192009767882206, -1.355252715606880543E-17 ) ) ;
#1041 = AXIS2_PLACEMENT_3D ( 'NONE', #4131, #4932, #1341 ) ;
#1042 = EDGE_CURVE ( 'NONE', #1629, #1784, #954, .T. ) ;
#1043 = CARTESIAN_POINT ( 'NONE',  ( -0.8331179287675415379, 0.6072636496121586180, 0.000000000000000000 ) ) ;
#1044 = FILL_AREA_STYLE ('',( #4583 ) ) ;
#1045 = CARTESIAN_POINT ( 'NONE',  ( -8.271187761960542062, -3.805571426637654575, 10.40000000000000213 ) ) ;
#1046 = CARTESIAN_POINT ( 'NONE',  ( -1.192307692307692069, 0.06153846153846153494, 0.1000000000000000056 ) ) ;
#1047 = ORIENTED_EDGE ( 'NONE', *, *, #1230, .F. ) ;
#1048 = SURFACE_STYLE_USAGE ( .BOTH. , #5171 ) ;
#1049 =( LENGTH_UNIT ( ) NAMED_UNIT ( * ) SI_UNIT ( .MILLI., .METRE. ) );
#1050 = UNCERTAINTY_MEASURE_WITH_UNIT (LENGTH_MEASURE( 1.000000000000000082E-05 ), #5031, 'distance_accuracy_value', 'NONE');
#1051 =( NAMED_UNIT ( * ) PLANE_ANGLE_UNIT ( ) SI_UNIT ( $, .RADIAN. ) );
#1052 = CARTESIAN_POINT ( 'NONE',  ( -1.705769230769230704, 0.5999999999999999778, 0.1000000000000000056 ) ) ;
#1053 = STYLED_ITEM ( 'NONE', ( #1160 ), #1601 ) ;
#1054 = ADVANCED_FACE ( 'NONE', ( #2297 ), #1309, .F. ) ;
#1055 = PRESENTATION_STYLE_ASSIGNMENT (( #2924 ) ) ;
#1056 = CARTESIAN_POINT ( 'NONE',  ( -0.8518246629737538100, 0.6027709659316595747, -1.355252715606880543E-17 ) ) ;
#1057 = CARTESIAN_POINT ( 'NONE',  ( -0.6723124612965978297, 0.05590384670553963375, 1.355252715606880543E-17 ) ) ;
#1058 = ORIENTED_EDGE ( 'NONE', *, *, #766, .F. ) ;
#1059 = CARTESIAN_POINT ( 'NONE',  ( -0.4892130401977036191, 0.3510703760130532980, 0.1000000000000000056 ) ) ;
#1060 = CARTESIAN_POINT ( 'NONE',  ( -0.5561366732862572659, 0.04347991929881141193, 0.1000000000000000056 ) ) ;
#1061 = EDGE_CURVE ( 'NONE', #5018, #5146, #3532, .T. ) ;
#1062 =( NAMED_UNIT ( * ) SI_UNIT ( $, .STERADIAN. ) SOLID_ANGLE_UNIT ( ) );
#1063 = VECTOR ( 'NONE', #101, 1000.000000000000000 ) ;
#1064 = DIRECTION ( 'NONE',  ( -1.000000000000000000, 0.000000000000000000, 0.000000000000000000 ) ) ;
#1065 = PLANE ( 'NONE',  #2495 ) ;
#1066 = PRODUCT_DEFINITION_FORMATION_WITH_SPECIFIED_SOURCE ( 'ÈÎºÎ', '', #4987, .NOT_KNOWN. ) ;
#1067 = CARTESIAN_POINT ( 'NONE',  ( -2.023076923076922995, 0.2925480769230768829, 0.000000000000000000 ) ) ;
#1068 = VECTOR ( 'NONE', #3452, 1000.000000000000000 ) ;
#1069 = EDGE_CURVE ( 'NONE', #1912, #3266, #3447, .T. ) ;
#1070 = AXIS2_PLACEMENT_3D ( 'NONE', #935, #1345, #1366 ) ;
#1071 = VERTEX_POINT ( 'NONE', #4182 ) ;
#1072 = EDGE_CURVE ( 'NONE', #4771, #344, #3885, .T. ) ;
#1073 = VERTEX_POINT ( 'NONE', #3782 ) ;
#1074 = VECTOR ( 'NONE', #4816, 1000.000000000000000 ) ;
#1075 = ORIENTED_EDGE ( 'NONE', *, *, #4754, .T. ) ;
#1076 = B_SPLINE_CURVE_WITH_KNOTS ( 'NONE', 3,
 ( #622, #1443, #1391, #1503, #4324, #3886, #3083, #2353, #1129, #1541, #4726, #2703, #323, #2737, #2750, #1100, #1492, #722, #2302 ),
 .UNSPECIFIED., .F., .F.,
 ( 4, 1, 1, 1, 1, 1, 1, 1, 1, 1, 1, 1, 1, 1, 1, 1, 4 ),
 ( 0.000000000000000000, 0.06432321657984210739, 0.1262901037035558394, 0.1867264692161327844, 0.2461464323353445560, 0.3055756426461386233, 0.3654293856180518274, 0.4263263089482599022, 0.4888399064006411776, 0.5517249718140472270, 0.6139185964661588724, 0.6754837657683960828, 0.7373338970992854291, 0.8002290443945262455, 0.8645022981233226878, 0.9310407391556970724, 1.000000000000000000 ),
 .UNSPECIFIED. ) ;
#1077 = CARTESIAN_POINT ( 'NONE',  ( -1.896153846153846079, 0.5783653846153846700, 0.1000000000000000056 ) ) ;
#1078 = VERTEX_POINT ( 'NONE', #4601 ) ;
#1079 = CARTESIAN_POINT ( 'NONE',  ( -2.076923076923077094, 0.2924278846153846034, 1.355252715606880543E-17 ) ) ;
#1080 = EDGE_LOOP ( 'NONE', ( #644, #3891 ) ) ;
#1081 = VECTOR ( 'NONE', #67, 1000.000000000000000 ) ;
#1082 = DIRECTION ( 'NONE',  ( -0.000000000000000000, -0.000000000000000000, 1.000000000000000000 ) ) ;
#1083 = VERTEX_POINT ( 'NONE', #3801 ) ;
#1084 = ORIENTED_EDGE ( 'NONE', *, *, #2148, .T. ) ;
#1085 = ADVANCED_FACE ( 'NONE', ( #5016 ), #3913, .T. ) ;
#1086 = SURFACE_STYLE_FILL_AREA ( #3970 ) ;
#1087 = CARTESIAN_POINT ( 'NONE',  ( -1.883074038132662054, 0.5157193092881097174, 0.000000000000000000 ) ) ;
#1088 = AXIS2_PLACEMENT_3D ( 'NONE', #5214, #2512, #3271 ) ;
#1089 = ORIENTED_EDGE ( 'NONE', *, *, #4116, .T. ) ;
#1090 = DIRECTION ( 'NONE',  ( 0.000000000000000000, -1.000000000000000000, 0.000000000000000000 ) ) ;
#1091 = VECTOR ( 'NONE', #3240, 1000.000000000000000 ) ;
#1092 = DIRECTION ( 'NONE',  ( -0.5773502691896323924, 0.5773502691896323924, 0.5773502691896122974 ) ) ;
#1093 = CARTESIAN_POINT ( 'NONE',  ( -0.9917778035903997980, 0.08204238198268549997, 0.1000000000000000056 ) ) ;
#1094 = VECTOR ( 'NONE', #4562, 1000.000000000000000 ) ;
#1095 = VECTOR ( 'NONE', #4852, 1000.000000000000000 ) ;
#1096 = CARTESIAN_POINT ( 'NONE',  ( -0.5274155956455490735, 0.1567503682554213518, 1.355252715606880543E-17 ) ) ;
#1097 = CARTESIAN_POINT ( 'NONE',  ( -1.845238704596825041, 0.004276493961685006069, 1.355252715606880543E-17 ) ) ;
#1098 = DIRECTION ( 'NONE',  ( 0.000000000000000000, 0.000000000000000000, 1.000000000000000000 ) ) ;
#1099 = CARTESIAN_POINT ( 'NONE',  ( -2.022988930957380305, 0.2995652449740840439, 0.1000000000000000056 ) ) ;
#1100 = CARTESIAN_POINT ( 'NONE',  ( -0.6984407131389754886, 0.05032142553355253151, 0.000000000000000000 ) ) ;
#1101 =( GEOMETRIC_REPRESENTATION_CONTEXT ( 3 ) GLOBAL_UNCERTAINTY_ASSIGNED_CONTEXT ( ( #4235 ) ) GLOBAL_UNIT_ASSIGNED_CONTEXT ( ( #3977, #4349, #341 ) ) REPRESENTATION_CONTEXT ( 'NONE', 'WORKASPACE' ) );
#1102 = VECTOR ( 'NONE', #4175, 1000.000000000000000 ) ;
#1103 = CARTESIAN_POINT ( 'NONE',  ( -1.476923076923076783, 0.3538461538461538103, 0.000000000000000000 ) ) ;
#1104 = VECTOR ( 'NONE', #451, 1000.000000000000000 ) ;
#1105 = CARTESIAN_POINT ( 'NONE',  ( 8.489999999999998437, -3.959999999999999964, -3.400000000000003020 ) ) ;
#1106 = ADVANCED_FACE ( 'NONE', ( #4982 ), #3249, .F. ) ;
#1107 = CARTESIAN_POINT ( 'NONE',  ( -0.9474899385912244343, 0.4769825704226118845, 0.000000000000000000 ) ) ;
#1108 = EDGE_CURVE ( 'NONE', #2354, #2795, #4244, .T. ) ;
#1109 =( LENGTH_UNIT ( ) NAMED_UNIT ( * ) SI_UNIT ( .MILLI., .METRE. ) );
#1110 = CARTESIAN_POINT ( 'NONE',  ( -1.955290932732961284, 0.04120431465055967440, 0.1000000000000000056 ) ) ;
#1111 = PLANE ( 'NONE',  #904 ) ;
#1112 = CARTESIAN_POINT ( 'NONE',  ( 9.799999999999995381, 5.000000000000000000, 10.50000000000000000 ) ) ;
#1113 = CARTESIAN_POINT ( 'NONE',  ( -1.958518612282073024, 0.4666050473598953863, 0.1000000000000000056 ) ) ;
#1114 = SURFACE_STYLE_USAGE ( .BOTH. , #3498 ) ;
#1115 = EDGE_CURVE ( 'NONE', #4646, #4475, #23, .T. ) ;
#1116 = ORIENTED_EDGE ( 'NONE', *, *, #4809, .T. ) ;
#1117 = CARTESIAN_POINT ( 'NONE',  ( -2.438461538461538236, 0.5999999999999999778, 0.1000000000000000056 ) ) ;
#1118 = CARTESIAN_POINT ( 'NONE',  ( -0.7826194960846151183, 0.5530276496999556590, 0.1000000000000000056 ) ) ;
#1119 = LINE ( 'NONE', #3340, #2834 ) ;
#1120 = CARTESIAN_POINT ( 'NONE',  ( -1.680649038461538680, 0.5384615384615385469, 0.000000000000000000 ) ) ;
#1121 =( LENGTH_UNIT ( ) NAMED_UNIT ( * ) SI_UNIT ( .MILLI., .METRE. ) );
#1122 = CARTESIAN_POINT ( 'NONE',  ( 8.489999999999998437, 3.660000000000000142, 3.875777422434217368E-17 ) ) ;
#1123 = CARTESIAN_POINT ( 'NONE',  ( -1.476923076923076783, 0.2923076923076923239, 0.1000000000000000056 ) ) ;
#1124 = VERTEX_POINT ( 'NONE', #3184 ) ;
#1125 = ORIENTED_EDGE ( 'NONE', *, *, #685, .F. ) ;
#1126 = VERTEX_POINT ( 'NONE', #483 ) ;
#1127 = ADVANCED_FACE ( 'NONE', ( #1229 ), #4305, .T. ) ;
#1128 = CARTESIAN_POINT ( 'NONE',  ( -0.9037755254050590104, 0.01724139414240828672, 1.355252715606880543E-17 ) ) ;
#1129 = CARTESIAN_POINT ( 'NONE',  ( -0.5429498591936984253, 0.1367932429105855052, 0.000000000000000000 ) ) ;
#1130 = ORIENTED_EDGE ( 'NONE', *, *, #4391, .F. ) ;
#1131 = FILL_AREA_STYLE ('',( #3557 ) ) ;
#1132 = VERTEX_POINT ( 'NONE', #1715 ) ;
#1133 = FACE_OUTER_BOUND ( 'NONE', #1969, .T. ) ;
#1134 = ORIENTED_EDGE ( 'NONE', *, *, #4391, .T. ) ;
#1135 =( LENGTH_UNIT ( ) NAMED_UNIT ( * ) SI_UNIT ( .MILLI., .METRE. ) );
#1136 = ORIENTED_EDGE ( 'NONE', *, *, #3765, .F. ) ;
#1137 = ORIENTED_EDGE ( 'NONE', *, *, #3223, .F. ) ;
#1138 = STYLED_ITEM ( 'NONE', ( #3567 ), #3108 ) ;
#1139 = EDGE_CURVE ( 'NONE', #368, #2731, #3621, .T. ) ;
#1140 = ORIENTED_EDGE ( 'NONE', *, *, #3898, .F. ) ;
#1141 = VERTEX_POINT ( 'NONE', #4580 ) ;
#1142 = ORIENTED_EDGE ( 'NONE', *, *, #2582, .F. ) ;
#1143 = CARTESIAN_POINT ( 'NONE',  ( -0.8996886787743655356, 0.5143531435190650258, 0.000000000000000000 ) ) ;
#1144 = FACE_BOUND ( 'NONE', #720, .T. ) ;
#1145 = FILL_AREA_STYLE_COLOUR ( '', #2506 ) ;
#1146 = CARTESIAN_POINT ( 'NONE',  ( -1.969492598579914544, 0.05100258119593960304, 0.1000000000000000056 ) ) ;
#1147 = CARTESIAN_POINT ( 'NONE',  ( 9.999999999999996447, 5.000000000000000000, 10.50000000000000000 ) ) ;
#1148 = ORIENTED_EDGE ( 'NONE', *, *, #1108, .F. ) ;
#1149 = CARTESIAN_POINT ( 'NONE',  ( -1.951730171704494810, 0.1172829883459740180, -1.355252715606880543E-17 ) ) ;
#1150 = FACE_OUTER_BOUND ( 'NONE', #1510, .T. ) ;
#1151 = CARTESIAN_POINT ( 'NONE',  ( -1.192307692307692069, 0.3538461538461538103, 0.000000000000000000 ) ) ;
#1152 = CARTESIAN_POINT ( 'NONE',  ( 0.3499999999999970357, -2.640000000000000124, -4.719999999999999751 ) ) ;
#1153 = CARTESIAN_POINT ( 'NONE',  ( -1.788640055839978205, 0.06355350448646264472, 0.1000000000000000056 ) ) ;
#1154 = LINE ( 'NONE', #2256, #4537 ) ;
#1156 = DIRECTION ( 'NONE',  ( 0.000000000000000000, -0.000000000000000000, 1.000000000000000000 ) ) ;
#1155 = PRESENTATION_LAYER_ASSIGNMENT (  '', '', ( #4480 ) ) ;
#1157 = ORIENTED_EDGE ( 'NONE', *, *, #3927, .T. ) ;
#1158 = CARTESIAN_POINT ( 'NONE',  ( -1.192307692307692069, 0.3538461538461538103, 0.1000000000000000056 ) ) ;
#1159 = VECTOR ( 'NONE', #1823, 1000.000000000000114 ) ;
#1160 = PRESENTATION_STYLE_ASSIGNMENT (( #3646 ) ) ;
#1161 = ADVANCED_FACE ( 'NONE', ( #3812 ), #2348, .T. ) ;
#1162 = EDGE_CURVE ( 'NONE', #3653, #2731, #1364, .T. ) ;
#1163 = CARTESIAN_POINT ( 'NONE',  ( -1.840947008113688055, 0.5918687949136952620, 0.1000000000000000056 ) ) ;
#1164 = VECTOR ( 'NONE', #2412, 1000.000000000000000 ) ;
#1165 = DIRECTION ( 'NONE',  ( 0.000000000000000000, 1.000000000000000000, 2.478176394252581634E-16 ) ) ;
#1166 = PRODUCT_DEFINITION_CONTEXT ( 'detailed design', #2947, 'design' ) ;
#1167 = DIRECTION ( 'NONE',  ( -0.000000000000000000, 0.000000000000000000, -1.000000000000000000 ) ) ;
#1168 = CARTESIAN_POINT ( 'NONE',  ( -2.001523273264580904, 0.1845931405890247901, -1.355252715606880543E-17 ) ) ;
#1169 = CARTESIAN_POINT ( 'NONE',  ( -1.859992413369252029, 0.5230260030196981491, -0.000000000000000000 ) ) ;
#1170 = CARTESIAN_POINT ( 'NONE',  ( -0.9201220075031661949, 0.02592029548733818314, 1.355252715606880543E-17 ) ) ;
#1171 = ORIENTED_EDGE ( 'NONE', *, *, #4536, .F. ) ;
#1172 = CARTESIAN_POINT ( 'NONE',  ( -0.5429498591936984253, 0.1367932429105855052, 0.1000000000000000056 ) ) ;
#1173 = CARTESIAN_POINT ( 'NONE',  ( -2.575841346153846079, 0.1923076923076923184, 0.1000000000000000056 ) ) ;
#1174 =( GEOMETRIC_REPRESENTATION_CONTEXT ( 3 ) GLOBAL_UNCERTAINTY_ASSIGNED_CONTEXT ( ( #1050 ) ) GLOBAL_UNIT_ASSIGNED_CONTEXT ( ( #5031, #1486, #4647 ) ) REPRESENTATION_CONTEXT ( 'NONE', 'WORKASPACE' ) );
#1175 = EDGE_CURVE ( 'NONE', #2280, #1196, #2185, .T. ) ;
#1176 = PLANE ( 'NONE',  #715 ) ;
#1177 = CARTESIAN_POINT ( 'NONE',  ( 1.669999999999997042, -3.959999999999999964, 0.000000000000000000 ) ) ;
#1178 = DIRECTION ( 'NONE',  ( -1.000000000000000000, -0.000000000000000000, -0.000000000000000000 ) ) ;
#1179 = CARTESIAN_POINT ( 'NONE',  ( -1.938988459344885840, 0.1068865308573577061, 0.000000000000000000 ) ) ;
#1180 = CARTESIAN_POINT ( 'NONE',  ( -1.938988459344885840, 0.1068865308573577061, 0.1000000000000000056 ) ) ;
#1181 = FACE_BOUND ( 'NONE', #5002, .T. ) ;
#1182 = CARTESIAN_POINT ( 'NONE',  ( -8.271187761960542062, -3.805571426637654575, 10.40000000000000213 ) ) ;
#1183 = DIRECTION ( 'NONE',  ( -0.000000000000000000, 1.000000000000000000, 1.224646799147355426E-16 ) ) ;
#1184 = ADVANCED_FACE ( 'NONE', ( #2636 ), #3383, .F. ) ;
#1185 = CARTESIAN_POINT ( 'NONE',  ( -1.192307692307692069, 0.5384615384615384359, 0.1000000000000000056 ) ) ;
#1186 = CARTESIAN_POINT ( 'NONE',  ( -0.4890361104529521996, 0.2476156929792425188, 0.1000000000000000056 ) ) ;
#1187 = FACE_OUTER_BOUND ( 'NONE', #4083, .T. ) ;
#1188 = CARTESIAN_POINT ( 'NONE',  ( 9.999999999999996447, -5.000000000000000000, 10.30000000000000071 ) ) ;
#1189 = CARTESIAN_POINT ( 'NONE',  ( -1.871106147417207044, 0.5196414000471857308, 0.000000000000000000 ) ) ;
#1190 = FACE_OUTER_BOUND ( 'NONE', #4648, .T. ) ;
#1191 = EDGE_CURVE ( 'NONE', #1557, #3838, #2115, .T. ) ;
#1192 = AXIS2_PLACEMENT_3D ( 'NONE', #1935, #1082, #2347 ) ;
#1193 = ORIENTED_EDGE ( 'NONE', *, *, #1606, .F. ) ;
#1194 = CARTESIAN_POINT ( 'NONE',  ( 9.289999999999997371, 0.000000000000000000, 0.000000000000000000 ) ) ;
#1195 = ORIENTED_EDGE ( 'NONE', *, *, #5194, .T. ) ;
#1196 = VERTEX_POINT ( 'NONE', #1000 ) ;
#1197 = VECTOR ( 'NONE', #577, 1000.000000000000000 ) ;
#1198 = CARTESIAN_POINT ( 'NONE',  ( -2.013717008843025180, 0.2175273066816399148, 0.000000000000000000 ) ) ;
#1199 = CARTESIAN_POINT ( 'NONE',  ( -2.008354964394539532, 0.2006057366267238740, 0.1000000000000000056 ) ) ;
#1200 = ORIENTED_EDGE ( 'NONE', *, *, #965, .F. ) ;
#1201 = ORIENTED_EDGE ( 'NONE', *, *, #4176, .T. ) ;
#1202 = MECHANICAL_DESIGN_GEOMETRIC_PRESENTATION_REPRESENTATION (  '', ( #4520 ), #2643 ) ;
#1203 = CARTESIAN_POINT ( 'NONE',  ( -2.446153846153846345, 0.5999999999999999778, 0.1000000000000000056 ) ) ;
#1204 = VERTEX_POINT ( 'NONE', #1820 ) ;
#1205 = COLOUR_RGB ( '',0.7960784313725489669, 0.8235294117647058432, 0.9372549019607843146 ) ;
#1206 = ORIENTED_EDGE ( 'NONE', *, *, #3468, .F. ) ;
#1207 = CARTESIAN_POINT ( 'NONE',  ( -0.4307692307692307931, 0.3034855769230768718, 0.1000000000000000056 ) ) ;
#1208 = LINE ( 'NONE', #2707, #1911 ) ;
#1209 = ORIENTED_EDGE ( 'NONE', *, *, #3366, .F. ) ;
#1210 =( NAMED_UNIT ( * ) SI_UNIT ( $, .STERADIAN. ) SOLID_ANGLE_UNIT ( ) );
#1211 = AXIS2_PLACEMENT_3D ( 'NONE', #1003, #3863, #2625 ) ;
#1212 = EDGE_CURVE ( 'NONE', #889, #5018, #1039, .T. ) ;
#1213 = CARTESIAN_POINT ( 'NONE',  ( -1.476923076923076783, 0.000000000000000000, 0.1000000000000000056 ) ) ;
#1214 = ADVANCED_FACE ( 'NONE', ( #215 ), #1761, .T. ) ;
#1215 = DIRECTION ( 'NONE',  ( 0.000000000000000000, 0.000000000000000000, -1.000000000000000000 ) ) ;
#1216 = EDGE_CURVE ( 'NONE', #1141, #818, #5169, .T. ) ;
#1217 = CARTESIAN_POINT ( 'NONE',  ( -1.925255312152975185, 0.09773185531739661536, -1.355252715606880543E-17 ) ) ;
#1218 = CARTESIAN_POINT ( 'NONE',  ( -0.5225303327861570146, 0.5257338930716274339, 0.1000000000000000056 ) ) ;
#1219 = DIRECTION ( 'NONE',  ( 1.000000000000000000, -0.000000000000000000, -0.000000000000000000 ) ) ;
#1220 = CARTESIAN_POINT ( 'NONE',  ( -1.763632159302119584, 0.06238060091446685079, 0.000000000000000000 ) ) ;
#1221 = DIRECTION ( 'NONE',  ( 0.4285842068721728571, -0.9035018415143106774, 0.000000000000000000 ) ) ;
#1222 = FACE_OUTER_BOUND ( 'NONE', #3394, .T. ) ;
#1223 = DIRECTION ( 'NONE',  ( 1.000000000000000000, 0.000000000000000000, -0.000000000000000000 ) ) ;
#1224 = VECTOR ( 'NONE', #2893, 1000.000000000000000 ) ;
#1225 = DIRECTION ( 'NONE',  ( 0.000000000000000000, -1.000000000000000000, 0.000000000000000000 ) ) ;
#1226 = FACE_OUTER_BOUND ( 'NONE', #2894, .T. ) ;
#1227 = PRESENTATION_STYLE_ASSIGNMENT (( #4013 ) ) ;
#1228 = FILL_AREA_STYLE ('',( #464 ) ) ;
#1229 = FACE_OUTER_BOUND ( 'NONE', #2072, .T. ) ;
#1230 = EDGE_CURVE ( 'NONE', #3137, #3697, #4693, .T. ) ;
#1231 = DIRECTION ( 'NONE',  ( 0.000000000000000000, 1.000000000000000000, 0.000000000000000000 ) ) ;
#1232 = EDGE_CURVE ( 'NONE', #3550, #3327, #4616, .T. ) ;
#1233 = CARTESIAN_POINT ( 'NONE',  ( -0.7644410928384609560, 0.04644335125400157055, 0.1000000000000000056 ) ) ;
#1234 = CARTESIAN_POINT ( 'NONE',  ( -2.022750436830391685, 0.2728384872874771716, 0.000000000000000000 ) ) ;
#1235 = CARTESIAN_POINT ( 'NONE',  ( -1.988025569879804388, 0.5227485022185869301, 0.000000000000000000 ) ) ;
#1236 = CARTESIAN_POINT ( 'NONE',  ( -2.438461538461538236, 0.5999999999999999778, 0.1000000000000000056 ) ) ;
#1237 = ADVANCED_FACE ( 'NONE', ( #3235 ), #1375, .T. ) ;
#1238 = FILL_AREA_STYLE_COLOUR ( '', #5165 ) ;
#1239 = DIRECTION ( 'NONE',  ( 1.000000000000000000, 0.000000000000000000, 0.000000000000000000 ) ) ;
#1240 = AXIS2_PLACEMENT_3D ( 'NONE', #2726, #1950, #4700 ) ;
#1241 = AXIS2_PLACEMENT_3D ( 'NONE', #4408, #4803, #2816 ) ;
#1242 = EDGE_CURVE ( 'NONE', #557, #4462, #4364, .T. ) ;
#1243 = CARTESIAN_POINT ( 'NONE',  ( -1.680649038461538680, 0.5384615384615385469, 0.1000000000000000056 ) ) ;
#1244 =( NAMED_UNIT ( * ) PLANE_ANGLE_UNIT ( ) SI_UNIT ( $, .RADIAN. ) );
#1245 = CARTESIAN_POINT ( 'NONE',  ( -0.4307692307692307931, 0.3034855769230768718, 0.1000000000000000056 ) ) ;
#1246 = CARTESIAN_POINT ( 'NONE',  ( 9.999999999999996447, 5.000000000000000000, 0.000000000000000000 ) ) ;
#1247 = ORIENTED_EDGE ( 'NONE', *, *, #4728, .F. ) ;
#1248 = CARTESIAN_POINT ( 'NONE',  ( -1.963631448785753797, 0.1286951578552254227, 0.000000000000000000 ) ) ;
#1249 =( NAMED_UNIT ( * ) SI_UNIT ( $, .STERADIAN. ) SOLID_ANGLE_UNIT ( ) );
#1250 = LINE ( 'NONE', #2680, #3643 ) ;
#1251 = CARTESIAN_POINT ( 'NONE',  ( -0.5461133045518291595, 0.5467406392354440259, 0.1000000000000000056 ) ) ;
#1252 = FILL_AREA_STYLE ('',( #4062 ) ) ;
#1253 = CARTESIAN_POINT ( 'NONE',  ( -0.9925075374868955747, 0.5181584864962790471, 0.1000000000000000056 ) ) ;
#1254 = ORIENTED_EDGE ( 'NONE', *, *, #3633, .T. ) ;
#1255 = SURFACE_STYLE_USAGE ( .BOTH. , #70 ) ;
#1256 = VERTEX_POINT ( 'NONE', #3423 ) ;
#1257 = DIRECTION ( 'NONE',  ( 0.000000000000000000, -0.000000000000000000, 1.000000000000000000 ) ) ;
#1258 = EDGE_LOOP ( 'NONE', ( #307, #1859, #4212, #1902 ) ) ;
#1259 = CARTESIAN_POINT ( 'NONE',  ( 8.589999999999996305, -3.959999999999999964, -3.499999999999998668 ) ) ;
#1260 = CARTESIAN_POINT ( 'NONE',  ( -1.638461538461538192, 0.06153846153846153494, 0.1000000000000000056 ) ) ;
#1261 = ORIENTED_EDGE ( 'NONE', *, *, #3187, .T. ) ;
#1262 = VERTEX_POINT ( 'NONE', #3404 ) ;
#1263 = ORIENTED_EDGE ( 'NONE', *, *, #160, .F. ) ;
#1264 = DIRECTION ( 'NONE',  ( 0.000000000000000000, 1.000000000000000000, -0.000000000000000000 ) ) ;
#1265 = EDGE_LOOP ( 'NONE', ( #561, #4188, #2420, #3018 ) ) ;
#1266 = STYLED_ITEM ( 'NONE', ( #3678 ), #4417 ) ;
#1267 = DIRECTION ( 'NONE',  ( -0.000000000000000000, -1.000000000000000000, -0.000000000000000000 ) ) ;
#1268 = COLOUR_RGB ( '',0.7960784313725489669, 0.8235294117647058432, 0.9372549019607843146 ) ;
#1269 = ORIENTED_EDGE ( 'NONE', *, *, #3954, .T. ) ;
#1270 = ORIENTED_EDGE ( 'NONE', *, *, #3000, .F. ) ;
#1271 = CARTESIAN_POINT ( 'NONE',  ( -0.8442356929910321828, 0.05966753802499027287, 0.1000000000000000056 ) ) ;
#1272 = ORIENTED_EDGE ( 'NONE', *, *, #1865, .T. ) ;
#1273 = EDGE_LOOP ( 'NONE', ( #2718, #3333, #3088, #4578 ) ) ;
#1274 = ORIENTED_EDGE ( 'NONE', *, *, #2428, .T. ) ;
#1275 = CARTESIAN_POINT ( 'NONE',  ( -9.800000000000002487, 4.800000000000000711, 10.50000000000000000 ) ) ;
#1276 = FACE_BOUND ( 'NONE', #364, .T. ) ;
#1277 = CARTESIAN_POINT ( 'NONE',  ( -2.076560255524060761, 0.3177971826664568455, 0.000000000000000000 ) ) ;
#1278 = CARTESIAN_POINT ( 'NONE',  ( -1.004380865171741855, 0.5044212594978787489, 0.1000000000000000056 ) ) ;
#1279 = UNCERTAINTY_MEASURE_WITH_UNIT (LENGTH_MEASURE( 1.000000000000000082E-05 ), #4268, 'distance_accuracy_value', 'NONE');
#1280 = VERTEX_POINT ( 'NONE', #2145 ) ;
#1281 = CARTESIAN_POINT ( 'NONE',  ( -1.811289457450238727, 0.06519494639651757240, 0.1000000000000000056 ) ) ;
#1282 = VECTOR ( 'NONE', #4787, 1000.000000000000000 ) ;
#1283 = SURFACE_STYLE_FILL_AREA ( #892 ) ;
#1284 = CARTESIAN_POINT ( 'NONE',  ( -1.192307692307692069, 0.5384615384615384359, 0.000000000000000000 ) ) ;
#1285 =( NAMED_UNIT ( * ) SI_UNIT ( $, .STERADIAN. ) SOLID_ANGLE_UNIT ( ) );
#1286 = COLOUR_RGB ( '',0.7960784313725489669, 0.8235294117647058432, 0.9372549019607843146 ) ;
#1287 = FACE_OUTER_BOUND ( 'NONE', #3478, .T. ) ;
#1288 = CARTESIAN_POINT ( 'NONE',  ( -1.849293797892433977, 0.5259844748879166643, 0.000000000000000000 ) ) ;
#1289 = PLANE ( 'NONE',  #3173 ) ;
#1290 = LINE ( 'NONE', #1867, #208 ) ;
#1291 = CARTESIAN_POINT ( 'NONE',  ( -9.115000000000005542, 0.000000000000000000, -3.400000000000003020 ) ) ;
#1292 = CARTESIAN_POINT ( 'NONE',  ( -0.6264479238439252251, 0.5934583333223349966, 1.355252715606880543E-17 ) ) ;
#1293 = VECTOR ( 'NONE', #985, 1000.000000000000000 ) ;
#1294 = CARTESIAN_POINT ( 'NONE',  ( -0.9211782148697409411, 0.5738677595927572650, 0.1000000000000000056 ) ) ;
#1295 =( LENGTH_UNIT ( ) NAMED_UNIT ( * ) SI_UNIT ( .MILLI., .METRE. ) );
#1296 = CARTESIAN_POINT ( 'NONE',  ( -9.015000000000005898, 3.685000000000000053, -3.499999999999998668 ) ) ;
#1297 = CARTESIAN_POINT ( 'NONE',  ( -2.055737091996137966, 0.1693708577592524522, 0.000000000000000000 ) ) ;
#1298 = VECTOR ( 'NONE', #2437, 1000.000000000000000 ) ;
#1299 = EDGE_CURVE ( 'NONE', #1280, #1459, #3113, .T. ) ;
#1300 = ORIENTED_EDGE ( 'NONE', *, *, #4968, .T. ) ;
#1301 = CARTESIAN_POINT ( 'NONE',  ( -0.9231346460862220882, 0.1021237244757318557, 0.000000000000000000 ) ) ;
#1302 = CARTESIAN_POINT ( 'NONE',  ( -0.5007762797956386569, 0.09700747304513340774, 0.1000000000000000056 ) ) ;
#1303 = CARTESIAN_POINT ( 'NONE',  ( -8.271187761960542062, -3.805571426637654575, 10.40000000000000213 ) ) ;
#1304 = EDGE_LOOP ( 'NONE', ( #1569, #5156, #1853, #2219 ) ) ;
#1305 = SURFACE_STYLE_USAGE ( .BOTH. , #2922 ) ;
#1306 = CARTESIAN_POINT ( 'NONE',  ( -2.212620192307692246, 0.000000000000000000, 0.1000000000000000056 ) ) ;
#1307 = CARTESIAN_POINT ( 'NONE',  ( -0.5068509615384614309, 0.08954326923076921796, 0.000000000000000000 ) ) ;
#1308 = DIRECTION ( 'NONE',  ( -1.000000000000000000, 0.000000000000000000, 0.000000000000000000 ) ) ;
#1309 = PLANE ( 'NONE',  #4422 ) ;
#1310 = CARTESIAN_POINT ( 'NONE',  ( -1.015384615384615330, 0.4899038461538460787, 0.1000000000000000056 ) ) ;
#1311 = DIRECTION ( 'NONE',  ( -0.000000000000000000, -1.000000000000000000, -0.000000000000000000 ) ) ;
#1312 = LINE ( 'NONE', #49, #3579 ) ;
#1313 = CARTESIAN_POINT ( 'NONE',  ( -9.115000000000005542, -4.035000000000000142, -3.400000000000003020 ) ) ;
#1314 = EDGE_CURVE ( 'NONE', #3483, #2471, #5116, .T. ) ;
#1315 = CARTESIAN_POINT ( 'NONE',  ( -0.1307692307692307765, 0.5999999999999999778, 0.1000000000000000056 ) ) ;
#1316 = LINE ( 'NONE', #532, #3189 ) ;
#1317 = CARTESIAN_POINT ( 'NONE',  ( -1.845238704596825041, 0.004276493961685006069, 0.1000000000000000056 ) ) ;
#1318 = ORIENTED_EDGE ( 'NONE', *, *, #4234, .T. ) ;
#1319 = CARTESIAN_POINT ( 'NONE',  ( 9.799999999999995381, 4.800000000000000711, 10.30000000000000071 ) ) ;
#1320 = CARTESIAN_POINT ( 'NONE',  ( -0.9610122779845655661, 0.1381874035073555052, 0.1000000000000000056 ) ) ;
#1321 = LINE ( 'NONE', #5006, #1624 ) ;
#1322 = ORIENTED_EDGE ( 'NONE', *, *, #3095, .T. ) ;
#1323 = AXIS2_PLACEMENT_3D ( 'NONE', #2632, #3437, #2271 ) ;
#1324 = CARTESIAN_POINT ( 'NONE',  ( -0.6264479238439252251, 0.5934583333223349966, 0.1000000000000000056 ) ) ;
#1325 = ORIENTED_EDGE ( 'NONE', *, *, #4780, .T. ) ;
#1326 = CARTESIAN_POINT ( 'NONE',  ( -2.441706730769230838, 0.4830528846153845923, -0.000000000000000000 ) ) ;
#1327 = VECTOR ( 'NONE', #3571, 1000.000000000000000 ) ;
#1328 = ORIENTED_EDGE ( 'NONE', *, *, #5134, .T. ) ;
#1329 = CARTESIAN_POINT ( 'NONE',  ( -0.5037208484862204516, 0.3988643239621413872, 0.000000000000000000 ) ) ;
#1330 = CARTESIAN_POINT ( 'NONE',  ( -2.071921811293421012, 0.2279593427203968070, 0.000000000000000000 ) ) ;
#1331 = ORIENTED_EDGE ( 'NONE', *, *, #4698, .F. ) ;
#1332 = VERTEX_POINT ( 'NONE', #3346 ) ;
#1333 = EDGE_LOOP ( 'NONE', ( #1781, #895, #442, #3659 ) ) ;
#1334 = EDGE_CURVE ( 'NONE', #4226, #5094, #4849, .T. ) ;
#1335 = VECTOR ( 'NONE', #4848, 1000.000000000000000 ) ;
#1336 = EDGE_CURVE ( 'NONE', #1516, #3474, #596, .T. ) ;
#1337 = ORIENTED_EDGE ( 'NONE', *, *, #2239, .F. ) ;
#1338 = CARTESIAN_POINT ( 'NONE',  ( -0.9467886296011843728, 0.1225731529489805238, 0.000000000000000000 ) ) ;
#1339 = LINE ( 'NONE', #2325, #2732 ) ;
#1340 = VERTEX_POINT ( 'NONE', #3876 ) ;
#1341 = DIRECTION ( 'NONE',  ( 0.000000000000000000, -0.000000000000000000, 1.000000000000000000 ) ) ;
#1342 = FACE_OUTER_BOUND ( 'NONE', #3194, .T. ) ;
#1343 = CARTESIAN_POINT ( 'NONE',  ( -2.438461538461538236, 0.5999999999999999778, 0.1000000000000000056 ) ) ;
#1344 = VECTOR ( 'NONE', #4823, 1000.000000000000000 ) ;
#1345 = DIRECTION ( 'NONE',  ( -0.9080590238365501277, 0.4188422247446068614, 0.000000000000000000 ) ) ;
#1346 = LINE ( 'NONE', #1188, #2862 ) ;
#1347 = AXIS2_PLACEMENT_3D ( 'NONE', #3343, #4944, #4993 ) ;
#1348 = DIRECTION ( 'NONE',  ( -0.000000000000000000, -0.000000000000000000, -1.000000000000000000 ) ) ;
#1349 = EDGE_CURVE ( 'NONE', #1557, #2415, #17, .T. ) ;
#1350 = CARTESIAN_POINT ( 'NONE',  ( -0.7502403846153845590, 0.5538461538461537659, 0.000000000000000000 ) ) ;
#1351 = CARTESIAN_POINT ( 'NONE',  ( -1.849516790166800373, 0.06978812089980490629, 0.000000000000000000 ) ) ;
#1352 = DIRECTION ( 'NONE',  ( 1.000000000000000000, 0.000000000000000000, 0.000000000000000000 ) ) ;
#1353 = CARTESIAN_POINT ( 'NONE',  ( -0.4360167853856298237, 0.3666724908760816137, 0.000000000000000000 ) ) ;
#1354 = COLOUR_RGB ( '',0.7960784313725489669, 0.8235294117647058432, 0.9372549019607843146 ) ;
#1355 = CARTESIAN_POINT ( 'NONE',  ( -2.048085292651681488, 0.1511404904450915077, 0.000000000000000000 ) ) ;
#1356 = LINE ( 'NONE', #1757, #2920 ) ;
#1357 = CARTESIAN_POINT ( 'NONE',  ( -1.818235943201547800, 0.5948093149630657717, 0.000000000000000000 ) ) ;
#1358 = FACE_OUTER_BOUND ( 'NONE', #3378, .T. ) ;
#1359 = DIRECTION ( 'NONE',  ( -0.4189977888269736939, -0.9079872537420922152, 0.000000000000000000 ) ) ;
#1360 = DIRECTION ( 'NONE',  ( -0.000000000000000000, 0.000000000000000000, -1.000000000000000000 ) ) ;
#1361 = VECTOR ( 'NONE', #4505, 1000.000000000000000 ) ;
#1362 = AXIS2_PLACEMENT_3D ( 'NONE', #4538, #152, #521 ) ;
#1363 = VECTOR ( 'NONE', #3918, 1000.000000000000000 ) ;
#1364 = LINE ( 'NONE', #3813, #851 ) ;
#1365 = ADVANCED_FACE ( 'NONE', ( #2984 ), #3862, .T. ) ;
#1366 = DIRECTION ( 'NONE',  ( -0.4188422247446068614, -0.9080590238365501277, 0.000000000000000000 ) ) ;
#1367 = CARTESIAN_POINT ( 'NONE',  ( -1.954765003375321886, 0.5494433955626837340, 0.1000000000000000056 ) ) ;
#1368 = VECTOR ( 'NONE', #2935, 1000.000000000000000 ) ;
#1369 = CARTESIAN_POINT ( 'NONE',  ( -1.878846153846153610, 0.07680288461538460620, 0.000000000000000000 ) ) ;
#1370 =( NAMED_UNIT ( * ) SI_UNIT ( $, .STERADIAN. ) SOLID_ANGLE_UNIT ( ) );
#1371 = DIRECTION ( 'NONE',  ( 0.000000000000000000, -0.000000000000000000, -1.000000000000000000 ) ) ;
#1372 =( NAMED_UNIT ( * ) SI_UNIT ( $, .STERADIAN. ) SOLID_ANGLE_UNIT ( ) );
#1373 = ORIENTED_EDGE ( 'NONE', *, *, #1509, .T. ) ;
#1374 = CARTESIAN_POINT ( 'NONE',  ( -2.003112637891618419, 0.5074815732541329005, 0.1000000000000000056 ) ) ;
#1375 = PLANE ( 'NONE',  #1770 ) ;
#1376 = CARTESIAN_POINT ( 'NONE',  ( -2.055737091996137966, 0.1693708577592524522, 0.1000000000000000056 ) ) ;
#1377 = CARTESIAN_POINT ( 'NONE',  ( -0.6467536457525259186, 0.5349458401574903599, 0.1000000000000000056 ) ) ;
#1378 = AXIS2_PLACEMENT_3D ( 'NONE', #5177, #4904, #4094 ) ;
#1379 = EDGE_LOOP ( 'NONE', ( #248, #4091, #3709, #1134 ) ) ;
#1380 = LINE ( 'NONE', #2937, #2400 ) ;
#1381 = CARTESIAN_POINT ( 'NONE',  ( -0.3615384615384615308, 0.06153846153846153494, 0.1000000000000000056 ) ) ;
#1382 = CARTESIAN_POINT ( 'NONE',  ( -0.9474899385912244343, 0.4769825704226118845, 0.000000000000000000 ) ) ;
#1383 = CARTESIAN_POINT ( 'NONE',  ( -9.115000000000005542, 3.585000000000000409, -3.400000000000003020 ) ) ;
#1384 = CARTESIAN_POINT ( 'NONE',  ( -0.7422942766078075572, 0.6151080431537363502, -0.000000000000000000 ) ) ;
#1385 = VECTOR ( 'NONE', #4255, 1000.000000000000000 ) ;
#1386 = PLANE ( 'NONE',  #2250 ) ;
#1387 = EDGE_CURVE ( 'NONE', #570, #304, #3358, .T. ) ;
#1388 = DIRECTION ( 'NONE',  ( 1.000000000000000000, 0.000000000000000000, 0.000000000000000000 ) ) ;
#1389 = ORIENTED_EDGE ( 'NONE', *, *, #255, .T. ) ;
#1390 = EDGE_CURVE ( 'NONE', #4881, #5081, #461, .T. ) ;
#1391 = CARTESIAN_POINT ( 'NONE',  ( -0.4852563960391603759, 0.2731192262148837702, 0.000000000000000000 ) ) ;
#1392 = EDGE_LOOP ( 'NONE', ( #4400, #3206, #1714, #5198 ) ) ;
#1393 = ORIENTED_EDGE ( 'NONE', *, *, #2287, .T. ) ;
#1394 = CARTESIAN_POINT ( 'NONE',  ( -0.5185910106711868472, 0.4284551003175791628, 0.1000000000000000056 ) ) ;
#1395 = EDGE_LOOP ( 'NONE', ( #1024, #891, #4953, #2119 ) ) ;
#1396 = CARTESIAN_POINT ( 'NONE',  ( -0.7539663461538461675, 0.04615384615384614947, 0.1000000000000000056 ) ) ;
#1397 = ORIENTED_EDGE ( 'NONE', *, *, #2950, .F. ) ;
#1398 = CARTESIAN_POINT ( 'NONE',  ( -0.7741454782435522874, 0.6151383612958494229, -1.355252715606880543E-17 ) ) ;
#1399 = STYLED_ITEM ( 'NONE', ( #2874 ), #1553 ) ;
#1400 = VERTEX_POINT ( 'NONE', #1439 ) ;
#1401 = ORIENTED_EDGE ( 'NONE', *, *, #149, .F. ) ;
#1402 = CARTESIAN_POINT ( 'NONE',  ( -2.076560255524060761, 0.3177971826664568455, 0.000000000000000000 ) ) ;
#1403 = VERTEX_POINT ( 'NONE', #4245 ) ;
#1404 = CARTESIAN_POINT ( 'NONE',  ( -0.5104973992389458815, 0.4139629074658842112, -1.355252715606880543E-17 ) ) ;
#1405 = CARTESIAN_POINT ( 'NONE',  ( -0.4310358353790144093, 0.3142779403872962285, 0.1000000000000000056 ) ) ;
#1406 = VERTEX_POINT ( 'NONE', #1456 ) ;
#1407 = VECTOR ( 'NONE', #1586, 1000.000000000000000 ) ;
#1408 = CARTESIAN_POINT ( 'NONE',  ( -0.6628066447086864432, -0.005406370956534480715, -1.355252715606880543E-17 ) ) ;
#1409 = CARTESIAN_POINT ( 'NONE',  ( -1.896153846153846079, 0.5783653846153846700, 0.1000000000000000056 ) ) ;
#1410 = ORIENTED_EDGE ( 'NONE', *, *, #1212, .F. ) ;
#1411 = ORIENTED_EDGE ( 'NONE', *, *, #2929, .T. ) ;
#1412 = SURFACE_STYLE_FILL_AREA ( #4491 ) ;
#1413 = PRESENTATION_STYLE_ASSIGNMENT (( #2620 ) ) ;
#1414 = SURFACE_SIDE_STYLE ('',( #4210 ) ) ;
#1415 = CARTESIAN_POINT ( 'NONE',  ( -1.736665245658764345, 0.5997775520700107110, 0.000000000000000000 ) ) ;
#1416 = CARTESIAN_POINT ( 'NONE',  ( 0.8699999999999968869, -3.660000000000000142, 3.875777422434217368E-17 ) ) ;
#1417 = LINE ( 'NONE', #421, #4099 ) ;
#1418 = FACE_OUTER_BOUND ( 'NONE', #3668, .T. ) ;
#1419 = B_SPLINE_CURVE_WITH_KNOTS ( 'NONE', 3,
 ( #2198, #2294, #671, #4736, #2712, #5126, #2330, #5112, #2729, #263, #294, #704, #313, #3530, #4320 ),
 .UNSPECIFIED., .F., .F.,
 ( 4, 1, 1, 1, 1, 1, 1, 1, 1, 1, 1, 1, 4 ),
 ( 0.000000000000000000, 0.06316325936347030878, 0.1254749410306407742, 0.1871212198160328022, 0.2482943461142989305, 0.3092948562551207647, 0.3698500660670929197, 0.4309733755473815209, 0.4924559896728168407, 0.6161479662918551981, 0.7408436984673626435, 0.8681826486700430223, 1.000000000000000000 ),
 .UNSPECIFIED. ) ;
#1420 = CARTESIAN_POINT ( 'NONE',  ( -0.7943316472285284480, 0.6135430226476268345, 0.1000000000000000056 ) ) ;
#1421 = AXIS2_PLACEMENT_3D ( 'NONE', #839, #2870, #1239 ) ;
#1422 = FACE_OUTER_BOUND ( 'NONE', #3711, .T. ) ;
#1423 = EDGE_CURVE ( 'NONE', #2225, #1644, #5042, .T. ) ;
#1424 = CARTESIAN_POINT ( 'NONE',  ( -0.9123505299742371566, 0.5060780973002776406, 0.000000000000000000 ) ) ;
#1425 = CARTESIAN_POINT ( 'NONE',  ( -0.4929715287973645554, 0.3674491358718945944, 0.1000000000000000056 ) ) ;
#1426 = CARTESIAN_POINT ( 'NONE',  ( -10.00000000000000355, 4.800000000000000711, 0.000000000000000000 ) ) ;
#1427 = CARTESIAN_POINT ( 'NONE',  ( -0.6561883263982041248, 0.6033402412884794064, 0.000000000000000000 ) ) ;
#1428 = CARTESIAN_POINT ( 'NONE',  ( -2.040528411483576221, 0.4531429366112042501, 0.1000000000000000056 ) ) ;
#1429 = LINE ( 'NONE', #1077, #4424 ) ;
#1430 = VECTOR ( 'NONE', #4552, 1000.000000000000000 ) ;
#1431 = CARTESIAN_POINT ( 'NONE',  ( -0.6000208373513866711, 0.5111703182328923845, 0.1000000000000000056 ) ) ;
#1432 =( GEOMETRIC_REPRESENTATION_CONTEXT ( 3 ) GLOBAL_UNCERTAINTY_ASSIGNED_CONTEXT ( ( #2765 ) ) GLOBAL_UNIT_ASSIGNED_CONTEXT ( ( #3825, #3382, #4223 ) ) REPRESENTATION_CONTEXT ( 'NONE', 'WORKASPACE' ) );
#1433 = ADVANCED_FACE ( 'NONE', ( #3230, #4548 ), #1065, .T. ) ;
#1434 = CARTESIAN_POINT ( 'NONE',  ( -0.8518246629737538100, 0.6027709659316595747, 0.1000000000000000056 ) ) ;
#1435 =( NAMED_UNIT ( * ) PLANE_ANGLE_UNIT ( ) SI_UNIT ( $, .RADIAN. ) );
#1436 = CARTESIAN_POINT ( 'NONE',  ( -2.446153846153846345, 0.5999999999999999778, 0.1000000000000000056 ) ) ;
#1437 = DIRECTION ( 'NONE',  ( 0.000000000000000000, -1.000000000000000000, 0.000000000000000000 ) ) ;
#1438 = CARTESIAN_POINT ( 'NONE',  ( -2.076923076923077094, 0.2924278846153846034, 0.1000000000000000056 ) ) ;
#1439 = CARTESIAN_POINT ( 'NONE',  ( -0.7502403846153845590, 0.5538461538461537659, 0.1000000000000000056 ) ) ;
#1440 = UNCERTAINTY_MEASURE_WITH_UNIT (LENGTH_MEASURE( 1.000000000000000082E-05 ), #3350, 'distance_accuracy_value', 'NONE');
#1441 = FACE_OUTER_BOUND ( 'NONE', #4518, .T. ) ;
#1442 = ORIENTED_EDGE ( 'NONE', *, *, #965, .T. ) ;
#1443 = CARTESIAN_POINT ( 'NONE',  ( -0.4848316964480539615, 0.2905308121890727291, -0.000000000000000000 ) ) ;
#1444 = VECTOR ( 'NONE', #3934, 1000.000000000000000 ) ;
#1445 = MECHANICAL_DESIGN_GEOMETRIC_PRESENTATION_REPRESENTATION (  '', ( #3695 ), #1721 ) ;
#1446 =( GEOMETRIC_REPRESENTATION_CONTEXT ( 3 ) GLOBAL_UNCERTAINTY_ASSIGNED_CONTEXT ( ( #2391 ) ) GLOBAL_UNIT_ASSIGNED_CONTEXT ( ( #2139, #3250, #853 ) ) REPRESENTATION_CONTEXT ( 'NONE', 'WORKASPACE' ) );
#1447 = EDGE_CURVE ( 'NONE', #3890, #4705, #3930, .T. ) ;
#1448 = CARTESIAN_POINT ( 'NONE',  ( -0.8699618471243657503, 0.5969183433631014557, 0.1000000000000000056 ) ) ;
#1449 = VECTOR ( 'NONE', #3034, 1000.000000000000000 ) ;
#1450 = CARTESIAN_POINT ( 'NONE',  ( -0.5481949671513002276, 0.4683173727743822901, -1.355252715606880543E-17 ) ) ;
#1451 = ORIENTED_EDGE ( 'NONE', *, *, #4432, .F. ) ;
#1452 = CARTESIAN_POINT ( 'NONE',  ( -0.5698861740043015267, 0.03414477465475800055, -1.355252715606880543E-17 ) ) ;
#1453 = CARTESIAN_POINT ( 'NONE',  ( -8.665000000000004476, -4.035000000000000142, 1.123652370631719412E-15 ) ) ;
#1454 = CARTESIAN_POINT ( 'NONE',  ( -8.766221443474387698, -3.805571426637654575, 10.50000000000000000 ) ) ;
#1455 = ORIENTED_EDGE ( 'NONE', *, *, #3722, .T. ) ;
#1456 = CARTESIAN_POINT ( 'NONE',  ( -0.9682692307692306599, 0.4538461538461537881, 0.1000000000000000056 ) ) ;
#1457 = LINE ( 'NONE', #1019, #2609 ) ;
#1458 = ORIENTED_EDGE ( 'NONE', *, *, #3000, .T. ) ;
#1459 = VERTEX_POINT ( 'NONE', #2547 ) ;
#1460 = ADVANCED_FACE ( 'NONE', ( #2810 ), #1858, .T. ) ;
#1461 = DIRECTION ( 'NONE',  ( -1.000000000000000000, 0.000000000000000000, 0.000000000000000000 ) ) ;
#1462 = ORIENTED_EDGE ( 'NONE', *, *, #2266, .F. ) ;
#1463 = ORIENTED_EDGE ( 'NONE', *, *, #4612, .T. ) ;
#1464 = FACE_OUTER_BOUND ( 'NONE', #498, .T. ) ;
#1465 = CARTESIAN_POINT ( 'NONE',  ( -2.023076923076922995, 0.2925480769230768829, 0.1000000000000000056 ) ) ;
#1466 = ORIENTED_EDGE ( 'NONE', *, *, #1577, .F. ) ;
#1467 = VECTOR ( 'NONE', #303, 1000.000000000000000 ) ;
#1468 = EDGE_LOOP ( 'NONE', ( #60, #4746, #3402, #2758 ) ) ;
#1469 = CARTESIAN_POINT ( 'NONE',  ( -0.9796569983094327583, 0.5308780743774792477, -1.355252715606880543E-17 ) ) ;
#1470 = LINE ( 'NONE', #4271, #3910 ) ;
#1471 = CARTESIAN_POINT ( 'NONE',  ( -0.7444592380201361381, 0.04633127662885150322, 0.1000000000000000056 ) ) ;
#1472 = EDGE_CURVE ( 'NONE', #3444, #1141, #849, .T. ) ;
#1473 = CARTESIAN_POINT ( 'NONE',  ( -0.4846845296773885092, 0.3052931565567709726, -1.355252715606880543E-17 ) ) ;
#1474 =( GEOMETRIC_REPRESENTATION_CONTEXT ( 3 ) GLOBAL_UNCERTAINTY_ASSIGNED_CONTEXT ( ( #487 ) ) GLOBAL_UNIT_ASSIGNED_CONTEXT ( ( #335, #3477, #1062 ) ) REPRESENTATION_CONTEXT ( 'NONE', 'WORKASPACE' ) );
#1475 = CYLINDRICAL_SURFACE ( 'NONE', #1192, 0.4950336815138468571 ) ;
#1476 = CYLINDRICAL_SURFACE ( 'NONE', #2355, 0.2000000000000005107 ) ;
#1477 = CARTESIAN_POINT ( 'NONE',  ( -2.303846153846153655, 0.1923076923076923184, 0.1000000000000000056 ) ) ;
#1478 = FACE_OUTER_BOUND ( 'NONE', #4015, .T. ) ;
#1479 = AXIS2_PLACEMENT_3D ( 'NONE', #3719, #2493, #4065 ) ;
#1480 = DIRECTION ( 'NONE',  ( 1.000000000000000000, 0.000000000000000000, 0.000000000000000000 ) ) ;
#1481 = VECTOR ( 'NONE', #4503, 1000.000000000000000 ) ;
#1482 = ADVANCED_FACE ( 'NONE', ( #4299 ), #4870, .F. ) ;
#1483 = FILL_AREA_STYLE_COLOUR ( '', #93 ) ;
#1484 = AXIS2_PLACEMENT_3D ( 'NONE', #674, #3937, #5073 ) ;
#1485 = EDGE_CURVE ( 'NONE', #1919, #1332, #4795, .T. ) ;
#1486 =( NAMED_UNIT ( * ) PLANE_ANGLE_UNIT ( ) SI_UNIT ( $, .RADIAN. ) );
#1487 = CARTESIAN_POINT ( 'NONE',  ( -2.007636772281487847, 0.08739450218649003066, 1.355252715606880543E-17 ) ) ;
#1488 = CARTESIAN_POINT ( 'NONE',  ( -1.945451977105734365, 0.4787754988360474195, 0.1000000000000000056 ) ) ;
#1489 = DIRECTION ( 'NONE',  ( -0.4190581774617470057, -0.9079593845004516606, 0.000000000000000000 ) ) ;
#1490 = EDGE_CURVE ( 'NONE', #1910, #4822, #4845, .T. ) ;
#1491 = FACE_OUTER_BOUND ( 'NONE', #2418, .T. ) ;
#1492 = CARTESIAN_POINT ( 'NONE',  ( -0.7257787694675613688, 0.04667990886927518568, 0.000000000000000000 ) ) ;
#1493 = VERTEX_POINT ( 'NONE', #3744 ) ;
#1494 = MECHANICAL_DESIGN_GEOMETRIC_PRESENTATION_REPRESENTATION (  '', ( #140 ), #1590 ) ;
#1495 = ORIENTED_EDGE ( 'NONE', *, *, #1560, .F. ) ;
#1496 = DIRECTION ( 'NONE',  ( 1.000000000000000000, 0.000000000000000000, 0.000000000000000000 ) ) ;
#1497 = DIRECTION ( 'NONE',  ( 0.000000000000000000, 0.000000000000000000, 1.000000000000000000 ) ) ;
#1498 = CARTESIAN_POINT ( 'NONE',  ( -1.779409872467486053, 7.379936304874525771E-05, 0.1000000000000000056 ) ) ;
#1499 = DIRECTION ( 'NONE',  ( -1.000000000000000000, 0.000000000000000000, 0.000000000000000000 ) ) ;
#1500 = CARTESIAN_POINT ( 'NONE',  ( -1.981454636172627293, 0.4386539574090297933, 0.1000000000000000056 ) ) ;
#1501 = COLOUR_RGB ( '',0.7960784313725489669, 0.8235294117647058432, 0.9372549019607843146 ) ;
#1502 = ADVANCED_FACE ( 'NONE', ( #1358 ), #2526, .T. ) ;
#1503 = CARTESIAN_POINT ( 'NONE',  ( -0.4890361104529521996, 0.2476156929792425188, 0.000000000000000000 ) ) ;
#1504 = CIRCLE ( 'NONE', #1506, 0.2000000000000005107 ) ;
#1505 = VERTEX_POINT ( 'NONE', #109 ) ;
#1506 = AXIS2_PLACEMENT_3D ( 'NONE', #2761, #4748, #3564 ) ;
#1507 = STYLED_ITEM ( 'NONE', ( #1227 ), #4292 ) ;
#1508 = ORIENTED_EDGE ( 'NONE', *, *, #3370, .T. ) ;
#1509 = EDGE_CURVE ( 'NONE', #4117, #2475, #3986, .T. ) ;
#1510 = EDGE_LOOP ( 'NONE', ( #1020, #3953, #1786, #1522 ) ) ;
#1511 = B_SPLINE_CURVE_WITH_KNOTS ( 'NONE', 3,
 ( #771, #357, #1549, #3126, #3177, #1179, #2001, #1248, #2451, #3262, #1678, #1598, #2811, #1198, #4406, #2039, #1234, #1631, #2016 ),
 .UNSPECIFIED., .F., .F.,
 ( 4, 1, 1, 1, 1, 1, 1, 1, 1, 1, 1, 1, 1, 1, 1, 1, 4 ),
 ( 0.000000000000000000, 0.06241450026327793887, 0.1233382314733143803, 0.1831245376921939449, 0.2417829946389432882, 0.3005788825509778661, 0.3596800748966264560, 0.4188816408500465327, 0.4795306644577831401, 0.5408505357600388308, 0.6023033958983802227, 0.6644632119464733977, 0.7278057226670118229, 0.7928948147812348024, 0.8596723283028316898, 0.9284644007334887927, 1.000000000000000000 ),
 .UNSPECIFIED. ) ;
#1512 = DIRECTION ( 'NONE',  ( 0.000000000000000000, 0.000000000000000000, -1.000000000000000000 ) ) ;
#1513 = ORIENTED_EDGE ( 'NONE', *, *, #4394, .F. ) ;
#1514 = VERTEX_POINT ( 'NONE', #2912 ) ;
#1515 = CARTESIAN_POINT ( 'NONE',  ( -1.796617746508770930, 0.0002171810820796092969, 0.1000000000000000056 ) ) ;
#1516 = VERTEX_POINT ( 'NONE', #3703 ) ;
#1517 = VECTOR ( 'NONE', #2652, 1000.000000000000000 ) ;
#1518 = CARTESIAN_POINT ( 'NONE',  ( -1.931526002913523943, 0.4899422381493160894, 0.1000000000000000056 ) ) ;
#1519 = EDGE_LOOP ( 'NONE', ( #280, #3536, #1137, #4100 ) ) ;
#1520 = CARTESIAN_POINT ( 'NONE',  ( -10.00000000000000355, -5.000000000000000000, 10.50000000000000000 ) ) ;
#1521 = EDGE_LOOP ( 'NONE', ( #827, #1547, #572, #2783 ) ) ;
#1522 = ORIENTED_EDGE ( 'NONE', *, *, #3906, .F. ) ;
#1523 = ORIENTED_EDGE ( 'NONE', *, *, #693, .F. ) ;
#1524 = CIRCLE ( 'NONE', #1615, 0.2000000000000005107 ) ;
#1525 = DIRECTION ( 'NONE',  ( -0.000000000000000000, -0.000000000000000000, -1.000000000000000000 ) ) ;
#1526 = ORIENTED_EDGE ( 'NONE', *, *, #2161, .T. ) ;
#1527 = CARTESIAN_POINT ( 'NONE',  ( 0.8699999999999968869, 0.000000000000000000, -3.399999999999999467 ) ) ;
#1528 = FACE_OUTER_BOUND ( 'NONE', #299, .T. ) ;
#1529 = CARTESIAN_POINT ( 'NONE',  ( -1.476923076923076783, 0.06153846153846153494, 0.1000000000000000056 ) ) ;
#1530 = ADVANCED_FACE ( 'NONE', ( #1993 ), #452, .T. ) ;
#1531 = CARTESIAN_POINT ( 'NONE',  ( -0.7611570504342737298, 0.5535701939500979885, 0.1000000000000000056 ) ) ;
#1532 = CARTESIAN_POINT ( 'NONE',  ( 9.189999999999997726, 3.660000000000000142, -3.499999999999998668 ) ) ;
#1533 = CARTESIAN_POINT ( 'NONE',  ( -1.982919626677182023, 0.06205835525544827619, 1.355252715606880543E-17 ) ) ;
#1534 = MECHANICAL_DESIGN_GEOMETRIC_PRESENTATION_REPRESENTATION (  '', ( #179 ), #3691 ) ;
#1535 = CARTESIAN_POINT ( 'NONE',  ( -2.023076923076922995, 0.2925480769230768829, 0.000000000000000000 ) ) ;
#1536 = CARTESIAN_POINT ( 'NONE',  ( -1.871106147417207044, 0.5196414000471857308, 0.1000000000000000056 ) ) ;
#1537 = CARTESIAN_POINT ( 'NONE',  ( -1.736262216909717271, 0.06166279466304934453, 0.1000000000000000056 ) ) ;
#1538 = LINE ( 'NONE', #502, #4844 ) ;
#1539 = COLOUR_RGB ( '',0.7960784313725489669, 0.8235294117647058432, 0.9372549019607843146 ) ;
#1540 = CARTESIAN_POINT ( 'NONE',  ( 9.799999999999995381, 0.000000000000000000, 10.30000000000000071 ) ) ;
#1541 = CARTESIAN_POINT ( 'NONE',  ( -0.5608254739584609405, 0.1183058804394242491, 0.000000000000000000 ) ) ;
#1542 = MECHANICAL_DESIGN_GEOMETRIC_PRESENTATION_REPRESENTATION (  '', ( #282 ), #1635 ) ;
#1543 = VECTOR ( 'NONE', #1178, 1000.000000000000000 ) ;
#1544 = CARTESIAN_POINT ( 'NONE',  ( -2.022816069659676863, 0.3133505337227910914, 0.000000000000000000 ) ) ;
#1545 = FACE_OUTER_BOUND ( 'NONE', #3777, .T. ) ;
#1546 = CARTESIAN_POINT ( 'NONE',  ( -0.8681544307997340892, 0.5307641247862313616, 0.1000000000000000056 ) ) ;
#1547 = ORIENTED_EDGE ( 'NONE', *, *, #4487, .F. ) ;
#1548 = CARTESIAN_POINT ( 'NONE',  ( -2.076602777450413662, 0.2703972513408133271, 1.355252715606880543E-17 ) ) ;
#1549 = CARTESIAN_POINT ( 'NONE',  ( -1.895145925319476676, 0.08254333001389745073, 0.000000000000000000 ) ) ;
#1550 = SURFACE_STYLE_USAGE ( .BOTH. , #3946 ) ;
#1551 = CARTESIAN_POINT ( 'NONE',  ( -2.212620192307692246, 0.000000000000000000, 0.000000000000000000 ) ) ;
#1552 = PLANE ( 'NONE',  #2559 ) ;
#1553 = ADVANCED_FACE ( 'NONE', ( #529 ), #2508, .F. ) ;
#1554 = DIRECTION ( 'NONE',  ( -0.000000000000000000, -0.000000000000000000, -1.000000000000000000 ) ) ;
#1555 = CARTESIAN_POINT ( 'NONE',  ( -2.441706730769230838, 0.4830528846153845923, 0.1000000000000000056 ) ) ;
#1556 = DIRECTION ( 'NONE',  ( -1.000000000000000000, 0.000000000000000000, 0.000000000000000000 ) ) ;
#1557 = VERTEX_POINT ( 'NONE', #48 ) ;
#1558 = CARTESIAN_POINT ( 'NONE',  ( -1.900276153192751227, 0.5083451564871769301, 0.000000000000000000 ) ) ;
#1559 = SURFACE_STYLE_FILL_AREA ( #2077 ) ;
#1560 = EDGE_CURVE ( 'NONE', #4889, #1630, #4789, .T. ) ;
#1561 = VECTOR ( 'NONE', #938, 1000.000000000000000 ) ;
#1562 = CARTESIAN_POINT ( 'NONE',  ( -1.011709984313590382, 0.4947518422563462193, -0.000000000000000000 ) ) ;
#1563 = DIRECTION ( 'NONE',  ( 0.000000000000000000, -2.478176394252581634E-16, 1.000000000000000000 ) ) ;
#1564 = DIRECTION ( 'NONE',  ( 0.000000000000000000, 1.000000000000000000, 0.000000000000000000 ) ) ;
#1565 = CARTESIAN_POINT ( 'NONE',  ( -1.938988459344885840, 0.1068865308573577061, -1.355252715606880543E-17 ) ) ;
#1566 = DIRECTION ( 'NONE',  ( 0.000000000000000000, -0.7071067811865352493, 0.7071067811865597852 ) ) ;
#1567 = EDGE_LOOP ( 'NONE', ( #4955, #3021, #1463, #1639 ) ) ;
#1568 = CARTESIAN_POINT ( 'NONE',  ( -1.790261629680673927, 0.5344681167540439315, 0.000000000000000000 ) ) ;
#1569 = ORIENTED_EDGE ( 'NONE', *, *, #4011, .T. ) ;
#1570 = CARTESIAN_POINT ( 'NONE',  ( -0.8868489060679795033, 0.009541294652496897302, 0.1000000000000000056 ) ) ;
#1571 = CARTESIAN_POINT ( 'NONE',  ( -1.736262216909717271, 0.06166279466304934453, 0.1000000000000000056 ) ) ;
#1572 = ORIENTED_EDGE ( 'NONE', *, *, #1890, .F. ) ;
#1573 = VERTEX_POINT ( 'NONE', #4076 ) ;
#1574 = VECTOR ( 'NONE', #5212, 1000.000000000000000 ) ;
#1575 = ORIENTED_EDGE ( 'NONE', *, *, #4334, .T. ) ;
#1576 = CARTESIAN_POINT ( 'NONE',  ( -1.981454636172627293, 0.4386539574090297933, 0.1000000000000000056 ) ) ;
#1577 = EDGE_CURVE ( 'NONE', #2093, #3539, #392, .T. ) ;
#1578 = ORIENTED_EDGE ( 'NONE', *, *, #741, .F. ) ;
#1579 = ORIENTED_EDGE ( 'NONE', *, *, #1764, .T. ) ;
#1580 = ADVANCED_FACE ( 'NONE', ( #4237 ), #1640, .T. ) ;
#1581 = DIRECTION ( 'NONE',  ( 0.000000000000000000, -0.000000000000000000, 1.000000000000000000 ) ) ;
#1582 = CARTESIAN_POINT ( 'NONE',  ( -0.1307692307692307765, 0.5999999999999999778, 0.1000000000000000056 ) ) ;
#1583 = VECTOR ( 'NONE', #973, 1000.000000000000000 ) ;
#1584 = ORIENTED_EDGE ( 'NONE', *, *, #51, .T. ) ;
#1585 = CARTESIAN_POINT ( 'NONE',  ( -1.993728205365918882, 0.1692436262452402251, 0.1000000000000000056 ) ) ;
#1586 = DIRECTION ( 'NONE',  ( -1.000000000000000000, 0.000000000000000000, 0.000000000000000000 ) ) ;
#1587 = DIRECTION ( 'NONE',  ( -0.000000000000000000, -0.000000000000000000, -1.000000000000000000 ) ) ;
#1588 = CARTESIAN_POINT ( 'NONE',  ( -1.476923076923076783, 0.3538461538461538103, 0.1000000000000000056 ) ) ;
#1589 = LINE ( 'NONE', #4689, #519 ) ;
#1590 =( GEOMETRIC_REPRESENTATION_CONTEXT ( 3 ) GLOBAL_UNCERTAINTY_ASSIGNED_CONTEXT ( ( #4617 ) ) GLOBAL_UNIT_ASSIGNED_CONTEXT ( ( #5032, #2678, #3398 ) ) REPRESENTATION_CONTEXT ( 'NONE', 'WORKASPACE' ) );
#1591 = DIRECTION ( 'NONE',  ( -0.000000000000000000, -1.000000000000000000, -0.000000000000000000 ) ) ;
#1592 = UNCERTAINTY_MEASURE_WITH_UNIT (LENGTH_MEASURE( 1.000000000000000082E-05 ), #4504, 'distance_accuracy_value', 'NONE');
#1593 = CARTESIAN_POINT ( 'NONE',  ( -1.865024038461538192, 0.5216346153846153078, 0.1000000000000000056 ) ) ;
#1594 = VECTOR ( 'NONE', #4576, 1000.000000000000000 ) ;
#1595 = PRESENTATION_STYLE_ASSIGNMENT (( #4979 ) ) ;
#1596 = EDGE_CURVE ( 'NONE', #1332, #5146, #3980, .T. ) ;
#1597 = CARTESIAN_POINT ( 'NONE',  ( -0.7539663461538461675, 0.04615384615384614947, 0.1000000000000000056 ) ) ;
#1598 = CARTESIAN_POINT ( 'NONE',  ( -2.001523273264580904, 0.1845931405890247901, 0.000000000000000000 ) ) ;
#1599 = CARTESIAN_POINT ( 'NONE',  ( -2.076800950035132320, 0.3009672745981760156, -0.000000000000000000 ) ) ;
#1600 = LINE ( 'NONE', #46, #4857 ) ;
#1601 = ADVANCED_FACE ( 'NONE', ( #649 ), #2455, .F. ) ;
#1602 = CARTESIAN_POINT ( 'NONE',  ( -0.9917778035903997980, 0.08204238198268549997, 0.1000000000000000056 ) ) ;
#1603 = CARTESIAN_POINT ( 'NONE',  ( -1.763632159302119584, 0.06238060091446685079, 0.1000000000000000056 ) ) ;
#1604 = EDGE_CURVE ( 'NONE', #4388, #3776, #1985, .T. ) ;
#1605 =( GEOMETRIC_REPRESENTATION_CONTEXT ( 3 ) GLOBAL_UNCERTAINTY_ASSIGNED_CONTEXT ( ( #2324 ) ) GLOBAL_UNIT_ASSIGNED_CONTEXT ( ( #4814, #2402, #4003 ) ) REPRESENTATION_CONTEXT ( 'NONE', 'WORKASPACE' ) );
#1606 = EDGE_CURVE ( 'NONE', #2550, #5148, #5039, .T. ) ;
#1607 = CARTESIAN_POINT ( 'NONE',  ( -0.7611413553040454749, -0.01530747957953692076, 1.355252715606880543E-17 ) ) ;
#1608 = DIRECTION ( 'NONE',  ( 0.000000000000000000, 0.000000000000000000, -1.000000000000000000 ) ) ;
#1609 = ORIENTED_EDGE ( 'NONE', *, *, #620, .T. ) ;
#1610 = CARTESIAN_POINT ( 'NONE',  ( -2.076815253926656890, 0.2850116723033779831, 0.1000000000000000056 ) ) ;
#1611 = CARTESIAN_POINT ( 'NONE',  ( -0.7945204346774339399, -0.01348522296464104916, 0.1000000000000000056 ) ) ;
#1612 = DIRECTION ( 'NONE',  ( 0.000000000000000000, -1.000000000000000000, 0.000000000000000000 ) ) ;
#1613 = ORIENTED_EDGE ( 'NONE', *, *, #4558, .T. ) ;
#1614 = CARTESIAN_POINT ( 'NONE',  ( -2.008354964394539532, 0.2006057366267238740, -1.355252715606880543E-17 ) ) ;
#1615 = AXIS2_PLACEMENT_3D ( 'NONE', #1986, #4770, #241 ) ;
#1616 = CARTESIAN_POINT ( 'NONE',  ( -0.5713679583613744395, 0.5652217027351573719, 0.1000000000000000056 ) ) ;
#1617 = CARTESIAN_POINT ( 'NONE',  ( -1.812187292728735688, 0.5320581671516576572, 0.000000000000000000 ) ) ;
#1618 = CARTESIAN_POINT ( 'NONE',  ( -1.476923076923076783, 0.5384615384615384359, 0.1000000000000000056 ) ) ;
#1619 = PLANE ( 'NONE',  #4170 ) ;
#1620 = LINE ( 'NONE', #3769, #3639 ) ;
#1621 = CARTESIAN_POINT ( 'NONE',  ( -0.7543269230769229505, -0.01538461538461538373, 1.355252715606880543E-17 ) ) ;
#1622 = ORIENTED_EDGE ( 'NONE', *, *, #3048, .F. ) ;
#1623 = DIRECTION ( 'NONE',  ( 0.000000000000000000, 0.000000000000000000, 1.000000000000000000 ) ) ;
#1624 = VECTOR ( 'NONE', #4631, 1000.000000000000000 ) ;
#1625 = SURFACE_STYLE_USAGE ( .BOTH. , #2501 ) ;
#1626 = EDGE_LOOP ( 'NONE', ( #3907, #2028, #2600, #3215 ) ) ;
#1627 = ADVANCED_FACE ( 'NONE', ( #3610 ), #4880, .T. ) ;
#1628 = CARTESIAN_POINT ( 'NONE',  ( -0.8139553730934118159, -0.01104756441982597884, 0.1000000000000000056 ) ) ;
#1629 = VERTEX_POINT ( 'NONE', #3753 ) ;
#1630 = VERTEX_POINT ( 'NONE', #4186 ) ;
#1631 = CARTESIAN_POINT ( 'NONE',  ( -2.022966685048444901, 0.2858931371618506079, -0.000000000000000000 ) ) ;
#1632 = DIRECTION ( 'NONE',  ( -0.000000000000000000, -0.000000000000000000, 1.000000000000000000 ) ) ;
#1633 = VERTEX_POINT ( 'NONE', #1729 ) ;
#1634 = ORIENTED_EDGE ( 'NONE', *, *, #3757, .F. ) ;
#1635 =( GEOMETRIC_REPRESENTATION_CONTEXT ( 3 ) GLOBAL_UNCERTAINTY_ASSIGNED_CONTEXT ( ( #716 ) ) GLOBAL_UNIT_ASSIGNED_CONTEXT ( ( #3893, #3301, #1370 ) ) REPRESENTATION_CONTEXT ( 'NONE', 'WORKASPACE' ) );
#1636 = CARTESIAN_POINT ( 'NONE',  ( -0.4315603633047590537, 0.3355112417408045444, 1.355252715606880543E-17 ) ) ;
#1637 = ORIENTED_EDGE ( 'NONE', *, *, #3320, .T. ) ;
#1638 = CARTESIAN_POINT ( 'NONE',  ( -9.115000000000005542, -3.584999999999999520, 0.000000000000000000 ) ) ;
#1639 = ORIENTED_EDGE ( 'NONE', *, *, #4493, .T. ) ;
#1640 = PLANE ( 'NONE',  #2690 ) ;
#1641 = FACE_OUTER_BOUND ( 'NONE', #1777, .T. ) ;
#1642 = CARTESIAN_POINT ( 'NONE',  ( -2.664543269230768896, 0.000000000000000000, 0.1000000000000000056 ) ) ;
#1643 = VERTEX_POINT ( 'NONE', #4925 ) ;
#1644 = VERTEX_POINT ( 'NONE', #3380 ) ;
#1645 = CARTESIAN_POINT ( 'NONE',  ( -0.4887002551965922703, 0.1118457662579516176, 0.1000000000000000056 ) ) ;
#1646 = VECTOR ( 'NONE', #4717, 1000.000000000000000 ) ;
#1647 = VERTEX_POINT ( 'NONE', #3339 ) ;
#1648 = EDGE_LOOP ( 'NONE', ( #1047, #2787, #1846, #1269 ) ) ;
#1649 = CARTESIAN_POINT ( 'NONE',  ( -2.333052884615384404, 0.2538461538461538325, 0.1000000000000000056 ) ) ;
#1650 = DIRECTION ( 'NONE',  ( 0.000000000000000000, -0.000000000000000000, -1.000000000000000000 ) ) ;
#1651 = LINE ( 'NONE', #3499, #960 ) ;
#1652 = MECHANICAL_DESIGN_GEOMETRIC_PRESENTATION_REPRESENTATION (  '', ( #4627 ), #841 ) ;
#1653 = EDGE_CURVE ( 'NONE', #4457, #1124, #4415, .T. ) ;
#1654 = ORIENTED_EDGE ( 'NONE', *, *, #942, .F. ) ;
#1655 = CARTESIAN_POINT ( 'NONE',  ( -0.5303793403109833271, 0.06484745124865408383, 0.000000000000000000 ) ) ;
#1656 = ORIENTED_EDGE ( 'NONE', *, *, #673, .F. ) ;
#1657 = DIRECTION ( 'NONE',  ( -1.000000000000000000, 0.000000000000000000, 0.000000000000000000 ) ) ;
#1658 = LINE ( 'NONE', #3178, #4096 ) ;
#1659 = EDGE_CURVE ( 'NONE', #4889, #4646, #4043, .T. ) ;
#1660 = DIRECTION ( 'NONE',  ( -1.000000000000000000, 0.000000000000000000, 0.000000000000000000 ) ) ;
#1661 = LINE ( 'NONE', #1152, #3487 ) ;
#1662 = DIRECTION ( 'NONE',  ( 0.6077508431907281405, 0.7941277684358852840, -0.000000000000000000 ) ) ;
#1663 =( NAMED_UNIT ( * ) PLANE_ANGLE_UNIT ( ) SI_UNIT ( $, .RADIAN. ) );
#1664 = CARTESIAN_POINT ( 'NONE',  ( -9.115000000000005542, 3.935000000000000941, -3.499999999999998668 ) ) ;
#1665 = UNCERTAINTY_MEASURE_WITH_UNIT (LENGTH_MEASURE( 1.000000000000000082E-05 ), #3304, 'distance_accuracy_value', 'NONE');
#1666 = DIRECTION ( 'NONE',  ( 1.000000000000000000, 0.000000000000000000, 0.000000000000000000 ) ) ;
#1667 =( GEOMETRIC_REPRESENTATION_CONTEXT ( 3 ) GLOBAL_UNCERTAINTY_ASSIGNED_CONTEXT ( ( #2220 ) ) GLOBAL_UNIT_ASSIGNED_CONTEXT ( ( #1295, #2869, #4427 ) ) REPRESENTATION_CONTEXT ( 'NONE', 'WORKASPACE' ) );
#1668 = PLANE ( 'NONE',  #3068 ) ;
#1669 =( NAMED_UNIT ( * ) PLANE_ANGLE_UNIT ( ) SI_UNIT ( $, .RADIAN. ) );
#1670 = CARTESIAN_POINT ( 'NONE',  ( -1.476923076923076783, 0.2923076923076923239, 0.000000000000000000 ) ) ;
#1671 = PRESENTATION_STYLE_ASSIGNMENT (( #769 ) ) ;
#1672 = CARTESIAN_POINT ( 'NONE',  ( -0.6298039370202361820, 0.004505701595699446345, 0.000000000000000000 ) ) ;
#1673 = VECTOR ( 'NONE', #2665, 1000.000000000000000 ) ;
#1674 = ORIENTED_EDGE ( 'NONE', *, *, #4809, .F. ) ;
#1675 = CARTESIAN_POINT ( 'NONE',  ( -0.07692307692307691347, 0.000000000000000000, 0.1000000000000000056 ) ) ;
#1676 = CARTESIAN_POINT ( 'NONE',  ( -0.8152924188832407770, 0.05184046639612936019, 0.1000000000000000056 ) ) ;
#1677 = VECTOR ( 'NONE', #4111, 1000.000000000000000 ) ;
#1678 = CARTESIAN_POINT ( 'NONE',  ( -1.993728205365918882, 0.1692436262452402251, 0.000000000000000000 ) ) ;
#1679 = FILL_AREA_STYLE ('',( #64 ) ) ;
#1680 = VERTEX_POINT ( 'NONE', #1326 ) ;
#1681 = CARTESIAN_POINT ( 'NONE',  ( -1.936366369723895753, 0.5606227844340020416, 0.000000000000000000 ) ) ;
#1682 = CARTESIAN_POINT ( 'NONE',  ( -1.011709984313590382, 0.4947518422563462193, 0.1000000000000000056 ) ) ;
#1683 = CARTESIAN_POINT ( 'NONE',  ( -10.00000000000000355, 4.800000000000000711, 10.50000000000000000 ) ) ;
#1684 = AXIS2_PLACEMENT_3D ( 'NONE', #306, #3880, #5132 ) ;
#1685 = CARTESIAN_POINT ( 'NONE',  ( -0.8981752186046765285, 0.08486123120589013358, 0.1000000000000000056 ) ) ;
#1686 = EDGE_CURVE ( 'NONE', #830, #1126, #697, .T. ) ;
#1687 = CARTESIAN_POINT ( 'NONE',  ( 1.569999999999997620, -3.759999999999999343, -3.499999999999998668 ) ) ;
#1688 = CARTESIAN_POINT ( 'NONE',  ( -1.015384615384615330, 0.1104567307692307654, 0.1000000000000000056 ) ) ;
#1689 = CARTESIAN_POINT ( 'NONE',  ( -1.710903272255180019, 0.5383707341994808937, 0.1000000000000000056 ) ) ;
#1690 = FACE_OUTER_BOUND ( 'NONE', #3032, .T. ) ;
#1691 = FILL_AREA_STYLE ('',( #396 ) ) ;
#1692 = CARTESIAN_POINT ( 'NONE',  ( -9.115000000000005542, 4.035000000000000142, -3.400000000000003020 ) ) ;
#1693 = VECTOR ( 'NONE', #1771, 1000.000000000000227 ) ;
#1694 = STYLED_ITEM ( 'NONE', ( #2908 ), #2045 ) ;
#1695 = CARTESIAN_POINT ( 'NONE',  ( -0.6874026182482781966, 0.6102579304349847744, 0.1000000000000000056 ) ) ;
#1696 = DIRECTION ( 'NONE',  ( -0.5773502691896323924, 0.5773502691896323924, -0.5773502691896122974 ) ) ;
#1697 = FILL_AREA_STYLE ('',( #1238 ) ) ;
#1698 =( NAMED_UNIT ( * ) SI_UNIT ( $, .STERADIAN. ) SOLID_ANGLE_UNIT ( ) );
#1699 = CARTESIAN_POINT ( 'NONE',  ( -0.4846845296773885092, 0.3052931565567709726, -0.000000000000000000 ) ) ;
#1700 = VECTOR ( 'NONE', #641, 1000.000000000000000 ) ;
#1701 = CARTESIAN_POINT ( 'NONE',  ( -1.192307692307692069, 0.06153846153846153494, 0.1000000000000000056 ) ) ;
#1702 = ORIENTED_EDGE ( 'NONE', *, *, #3073, .T. ) ;
#1703 = CARTESIAN_POINT ( 'NONE',  ( -0.9509690951917236790, 0.04573618958300704890, 0.000000000000000000 ) ) ;
#1704 = ORIENTED_EDGE ( 'NONE', *, *, #2147, .T. ) ;
#1705 = ORIENTED_EDGE ( 'NONE', *, *, #395, .F. ) ;
#1706 = CARTESIAN_POINT ( 'NONE',  ( -1.779409872467486053, 7.379936304874525771E-05, 0.1000000000000000056 ) ) ;
#1707 = ORIENTED_EDGE ( 'NONE', *, *, #4496, .T. ) ;
#1708 =( GEOMETRIC_REPRESENTATION_CONTEXT ( 3 ) GLOBAL_UNCERTAINTY_ASSIGNED_CONTEXT ( ( #4550 ) ) GLOBAL_UNIT_ASSIGNED_CONTEXT ( ( #2135, #3732, #116 ) ) REPRESENTATION_CONTEXT ( 'NONE', 'WORKASPACE' ) );
#1709 = DIRECTION ( 'NONE',  ( 0.000000000000000000, -0.000000000000000000, -1.000000000000000000 ) ) ;
#1710 = LINE ( 'NONE', #2332, #4338 ) ;
#1711 = ORIENTED_EDGE ( 'NONE', *, *, #4174, .F. ) ;
#1712 = ORIENTED_EDGE ( 'NONE', *, *, #1882, .F. ) ;
#1713 = DIRECTION ( 'NONE',  ( -0.000000000000000000, -0.000000000000000000, 1.000000000000000000 ) ) ;
#1714 = ORIENTED_EDGE ( 'NONE', *, *, #1349, .T. ) ;
#1715 = CARTESIAN_POINT ( 'NONE',  ( -8.765000000000004121, 3.935000000000000941, -3.499999999999998668 ) ) ;
#1716 =( NAMED_UNIT ( * ) PLANE_ANGLE_UNIT ( ) SI_UNIT ( $, .RADIAN. ) );
#1717 = ORIENTED_EDGE ( 'NONE', *, *, #4298, .F. ) ;
#1718 = CIRCLE ( 'NONE', #2813, 0.2000000000000005107 ) ;
#1719 = B_SPLINE_CURVE_WITH_KNOTS ( 'NONE', 3,
 ( #567, #4554, #3381, #1743, #2142, #3323, #106, #1779, #2909, #3720, #2941, #3344, #2928, #126, #925, #4945, #961, #4097, #4129, #1329, #4534, #535, #4927, #2579, #2183, #1699, #2563 ),
 .UNSPECIFIED., .F., .F.,
 ( 4, 1, 1, 1, 1, 1, 1, 1, 1, 1, 1, 1, 1, 1, 1, 1, 1, 1, 1, 1, 1, 1, 1, 1, 4 ),
 ( 0.000000000000000000, 0.04395490890619424551, 0.08750187479760458686, 0.1304626267314903665, 0.1727520205665173114, 0.2154030673796032969, 0.2576498297432395224, 0.3001527489572939356, 0.3431214895020866518, 0.3859251632064335524, 0.4276857274028015854, 0.4688179504865897518, 0.5094918001549958442, 0.5498830310733487936, 0.5899800229668862306, 0.6304052300068400116, 0.6708686260826384196, 0.7113839438381757141, 0.7516272580635841027, 0.7917755768651915105, 0.8324589188037422316, 0.8733190450172880759, 0.9145429556263491300, 0.9569235582098846171, 1.000000000000000000 ),
 .UNSPECIFIED. ) ;
#1720 =( NAMED_UNIT ( * ) SI_UNIT ( $, .STERADIAN. ) SOLID_ANGLE_UNIT ( ) );
#1721 =( GEOMETRIC_REPRESENTATION_CONTEXT ( 3 ) GLOBAL_UNCERTAINTY_ASSIGNED_CONTEXT ( ( #2152 ) ) GLOBAL_UNIT_ASSIGNED_CONTEXT ( ( #4528, #2121, #4976 ) ) REPRESENTATION_CONTEXT ( 'NONE', 'WORKASPACE' ) );
#1722 = AXIS2_PLACEMENT_3D ( 'NONE', #2137, #2560, #3804 ) ;
#1723 = SURFACE_SIDE_STYLE ('',( #228 ) ) ;
#1724 = EDGE_CURVE ( 'NONE', #1204, #2283, #1356, .T. ) ;
#1725 = VECTOR ( 'NONE', #4776, 1000.000000000000000 ) ;
#1726 = DIRECTION ( 'NONE',  ( -0.000000000000000000, 0.000000000000000000, 1.000000000000000000 ) ) ;
#1727 = CARTESIAN_POINT ( 'NONE',  ( -0.7536057692307691624, 0.6153846153846153078, 0.1000000000000000056 ) ) ;
#1728 = ORIENTED_EDGE ( 'NONE', *, *, #940, .F. ) ;
#1729 = CARTESIAN_POINT ( 'NONE',  ( 9.289999999999997371, -3.959999999999999964, 0.000000000000000000 ) ) ;
#1730 = CARTESIAN_POINT ( 'NONE',  ( -0.5225303327861570146, 0.5257338930716274339, 0.000000000000000000 ) ) ;
#1731 = DIRECTION ( 'NONE',  ( 0.000000000000000000, -1.000000000000000000, 0.000000000000000000 ) ) ;
#1732 = CARTESIAN_POINT ( 'NONE',  ( -1.717228022896090112, 0.06158099234544454903, 0.1000000000000000056 ) ) ;
#1733 = LINE ( 'NONE', #1046, #4784 ) ;
#1734 = LINE ( 'NONE', #384, #3735 ) ;
#1735 = DIRECTION ( 'NONE',  ( 1.000000000000000000, 0.000000000000000000, 0.000000000000000000 ) ) ;
#1736 = CARTESIAN_POINT ( 'NONE',  ( -0.5068509615384614309, 0.08954326923076921796, 0.1000000000000000056 ) ) ;
#1737 = CARTESIAN_POINT ( 'NONE',  ( -0.9467886296011843728, 0.1225731529489805238, 0.1000000000000000056 ) ) ;
#1738 = CARTESIAN_POINT ( 'NONE',  ( -9.115000000000005542, -3.584999999999999520, 1.068543264670088319E-15 ) ) ;
#1739 = DIRECTION ( 'NONE',  ( 0.000000000000000000, 0.000000000000000000, -1.000000000000000000 ) ) ;
#1740 = SURFACE_STYLE_FILL_AREA ( #887 ) ;
#1741 = CARTESIAN_POINT ( 'NONE',  ( -8.881666666666673038, 3.801666666666669414, -3.616666666666664476 ) ) ;
#1742 = CARTESIAN_POINT ( 'NONE',  ( -0.7502403846153845590, 0.5538461538461537659, 0.1000000000000000056 ) ) ;
#1743 = CARTESIAN_POINT ( 'NONE',  ( -0.7144850534019349109, 0.5518203372322124656, 0.000000000000000000 ) ) ;
#1744 = CARTESIAN_POINT ( 'NONE',  ( -1.940378237402650141, 0.03227852467035262352, 0.000000000000000000 ) ) ;
#1745 = EDGE_CURVE ( 'NONE', #1644, #316, #2051, .T. ) ;
#1746 = AXIS2_PLACEMENT_3D ( 'NONE', #2516, #467, #542 ) ;
#1747 = CARTESIAN_POINT ( 'NONE',  ( -1.770552884615384626, 0.000000000000000000, 0.1000000000000000056 ) ) ;
#1748 = CARTESIAN_POINT ( 'NONE',  ( -2.547475961538461231, 0.2538461538461538325, 0.1000000000000000056 ) ) ;
#1749 =( NAMED_UNIT ( * ) SI_UNIT ( $, .STERADIAN. ) SOLID_ANGLE_UNIT ( ) );
#1750 = ORIENTED_EDGE ( 'NONE', *, *, #87, .F. ) ;
#1751 = AXIS2_PLACEMENT_3D ( 'NONE', #489, #1371, #1352 ) ;
#1752 = FILL_AREA_STYLE ('',( #544 ) ) ;
#1753 = ADVANCED_FACE ( 'NONE', ( #148 ), #274, .T. ) ;
#1754 = SURFACE_SIDE_STYLE ('',( #3508 ) ) ;
#1755 = CARTESIAN_POINT ( 'NONE',  ( -0.4887002551965922703, 0.1118457662579516176, 0.000000000000000000 ) ) ;
#1756 = CARTESIAN_POINT ( 'NONE',  ( -0.8442147996659569165, 0.5401491799311823883, 0.000000000000000000 ) ) ;
#1757 = CARTESIAN_POINT ( 'NONE',  ( -8.766221443474387698, -3.805571426637654575, 10.40000000000000213 ) ) ;
#1758 = PLANE ( 'NONE',  #2638 ) ;
#1759 = EDGE_CURVE ( 'NONE', #1630, #1132, #2111, .T. ) ;
#1760 = CARTESIAN_POINT ( 'NONE',  ( -2.076602777450413662, 0.2703972513408133271, 0.000000000000000000 ) ) ;
#1761 = PLANE ( 'NONE',  #1877 ) ;
#1762 = ADVANCED_FACE ( 'NONE', ( #4541 ), #1829, .F. ) ;
#1763 = LINE ( 'NONE', #4167, #1561 ) ;
#1764 = EDGE_CURVE ( 'NONE', #702, #1514, #1290, .T. ) ;
#1765 = CARTESIAN_POINT ( 'NONE',  ( -0.3615384615384615308, 0.000000000000000000, 0.1000000000000000056 ) ) ;
#1766 = SURFACE_SIDE_STYLE ('',( #4730 ) ) ;
#1767 = LINE ( 'NONE', #3873, #1385 ) ;
#1768 = ORIENTED_EDGE ( 'NONE', *, *, #4511, .F. ) ;
#1769 = CARTESIAN_POINT ( 'NONE',  ( -1.951730171704494810, 0.1172829883459740180, 0.1000000000000000056 ) ) ;
#1770 = AXIS2_PLACEMENT_3D ( 'NONE', #2170, #4969, #201 ) ;
#1771 = DIRECTION ( 'NONE',  ( 0.7941277684358851729, -0.6077508431907281405, 0.000000000000000000 ) ) ;
#1772 = ORIENTED_EDGE ( 'NONE', *, *, #219, .T. ) ;
#1773 = CARTESIAN_POINT ( 'NONE',  ( -1.896153846153846079, 0.5783653846153846700, 0.000000000000000000 ) ) ;
#1774 = ORIENTED_EDGE ( 'NONE', *, *, #1992, .F. ) ;
#1775 = CARTESIAN_POINT ( 'NONE',  ( -0.6150687020934397786, 0.5200207373317451420, -1.355252715606880543E-17 ) ) ;
#1776 = CARTESIAN_POINT ( 'NONE',  ( -0.4315603633047590537, 0.3355112417408045444, 0.1000000000000000056 ) ) ;
#1777 = EDGE_LOOP ( 'NONE', ( #1728, #3665, #1373, #1322 ) ) ;
#1778 = CARTESIAN_POINT ( 'NONE',  ( -8.665000000000004476, 3.584999999999999520, 1.068543264670088319E-15 ) ) ;
#1779 = CARTESIAN_POINT ( 'NONE',  ( -0.6467536457525259186, 0.5349458401574903599, 0.000000000000000000 ) ) ;
#1780 = FILL_AREA_STYLE_COLOUR ( '', #2624 ) ;
#1781 = ORIENTED_EDGE ( 'NONE', *, *, #1423, .T. ) ;
#1782 = VECTOR ( 'NONE', #4559, 1000.000000000000000 ) ;
#1783 = EDGE_LOOP ( 'NONE', ( #1637, #4965, #407, #3718, #1084, #4963, #3901, #1325, #2667, #4144, #3179, #4521 ) ) ;
#1784 = VERTEX_POINT ( 'NONE', #174 ) ;
#1785 = CARTESIAN_POINT ( 'NONE',  ( 9.289999999999997371, -3.660000000000000142, 3.875777422434217368E-17 ) ) ;
#1786 = ORIENTED_EDGE ( 'NONE', *, *, #2337, .F. ) ;
#1787 = CARTESIAN_POINT ( 'NONE',  ( -0.4866197264936806266, 0.3342376695073426829, 0.1000000000000000056 ) ) ;
#1788 = ORIENTED_EDGE ( 'NONE', *, *, #5164, .T. ) ;
#1789 = B_SPLINE_CURVE_WITH_KNOTS ( 'NONE', 3,
 ( #1597, #1233, #861, #1676, #1271, #4040, #4478, #2015, #1737, #1320, #522 ),
 .UNSPECIFIED., .F., .F.,
 ( 4, 1, 1, 1, 1, 1, 1, 1, 4 ),
 ( 0.000000000000000000, 0.1285151895116614373, 0.2529486363526579629, 0.3747547340060043974, 0.4959397538670500816, 0.6171806414298928178, 0.7409094692781376112, 0.8678111481862029741, 1.000000000000000000 ),
 .UNSPECIFIED. ) ;
#1790 = ADVANCED_FACE ( 'NONE', ( #2381 ), #3856, .F. ) ;
#1791 = VECTOR ( 'NONE', #4421, 1000.000000000000000 ) ;
#1792 = CARTESIAN_POINT ( 'NONE',  ( -8.765000000000004121, -4.035000000000000142, -3.499999999999998668 ) ) ;
#1793 = LINE ( 'NONE', #4909, #4412 ) ;
#1794 = EDGE_CURVE ( 'NONE', #316, #3064, #2803, .T. ) ;
#1795 = AXIS2_PLACEMENT_3D ( 'NONE', #4876, #4836, #2059 ) ;
#1796 = CARTESIAN_POINT ( 'NONE',  ( -0.7200321464964938301, 0.6145637217989661227, 0.1000000000000000056 ) ) ;
#1797 = EDGE_CURVE ( 'NONE', #4659, #3137, #1154, .T. ) ;
#1798 = CARTESIAN_POINT ( 'NONE',  ( -1.903095801463686509, 0.5757201207907209906, 0.000000000000000000 ) ) ;
#1799 = CARTESIAN_POINT ( 'NONE',  ( 9.799999999999993605, -5.000000000000000000, 10.50000000000000000 ) ) ;
#1800 = CARTESIAN_POINT ( 'NONE',  ( -0.7351133189933038992, -0.01525089246032976416, -1.355252715606880543E-17 ) ) ;
#1801 = VECTOR ( 'NONE', #2672, 1000.000000000000000 ) ;
#1802 = CARTESIAN_POINT ( 'NONE',  ( -9.115000000000005542, -4.035000000000000142, -3.400000000000003020 ) ) ;
#1803 = CARTESIAN_POINT ( 'NONE',  ( 10.51000000000002643, 2.439999999999971525, -2.180000000000017035 ) ) ;
#1804 = VECTOR ( 'NONE', #1713, 1000.000000000000000 ) ;
#1805 = CARTESIAN_POINT ( 'NONE',  ( -0.6632266289637763768, 0.5406759111158384590, 0.1000000000000000056 ) ) ;
#1806 = AXIS2_PLACEMENT_3D ( 'NONE', #1203, #2056, #3193 ) ;
#1807 = LINE ( 'NONE', #3209, #2684 ) ;
#1808 = CARTESIAN_POINT ( 'NONE',  ( -0.7644410928384609560, 0.04644335125400157055, -1.355252715606880543E-17 ) ) ;
#1809 =( LENGTH_UNIT ( ) NAMED_UNIT ( * ) SI_UNIT ( .MILLI., .METRE. ) );
#1810 = EDGE_LOOP ( 'NONE', ( #2826, #1772, #2515 ) ) ;
#1811 = ADVANCED_FACE ( 'NONE', ( #708 ), #3945, .T. ) ;
#1812 = CARTESIAN_POINT ( 'NONE',  ( -0.9369592980430998530, 0.5643679384133911681, 0.1000000000000000056 ) ) ;
#1813 = CARTESIAN_POINT ( 'NONE',  ( -2.070534040397682851, 0.3665502778871564393, 0.000000000000000000 ) ) ;
#1814 = VECTOR ( 'NONE', #4582, 1000.000000000000000 ) ;
#1815 = ORIENTED_EDGE ( 'NONE', *, *, #5047, .F. ) ;
#1816 = CARTESIAN_POINT ( 'NONE',  ( -0.4533680456347409238, 0.4250190868945621925, 0.1000000000000000056 ) ) ;
#1817 = CARTESIAN_POINT ( 'NONE',  ( -0.5840510481298417655, 0.02545645499853768645, -1.355252715606880543E-17 ) ) ;
#1818 = ORIENTED_EDGE ( 'NONE', *, *, #4665, .T. ) ;
#1819 = CARTESIAN_POINT ( 'NONE',  ( -8.731666666666670906, -3.968333333333335045, -3.466666666666665897 ) ) ;
#1820 = CARTESIAN_POINT ( 'NONE',  ( -8.766221443474387698, -3.805571426637654575, 10.40000000000000213 ) ) ;
#1821 = AXIS2_PLACEMENT_3D ( 'NONE', #3069, #3924, #271 ) ;
#1822 = PLANE ( 'NONE',  #5062 ) ;
#1823 = DIRECTION ( 'NONE',  ( 0.5773502691896323924, -0.5773502691896323924, -0.5773502691896122974 ) ) ;
#1824 = PRESENTATION_LAYER_ASSIGNMENT (  '', '', ( #3180 ) ) ;
#1825 = CARTESIAN_POINT ( 'NONE',  ( -0.8331179287675415379, 0.6072636496121586180, -1.355252715606880543E-17 ) ) ;
#1826 = CARTESIAN_POINT ( 'NONE',  ( 9.289999999999997371, -3.860000000000000764, -3.499999999999998668 ) ) ;
#1827 = CARTESIAN_POINT ( 'NONE',  ( 1.669999999999997042, -3.660000000000000142, 0.000000000000000000 ) ) ;
#1828 = VERTEX_POINT ( 'NONE', #1120 ) ;
#1829 = PLANE ( 'NONE',  #1323 ) ;
#1830 = CARTESIAN_POINT ( 'NONE',  ( -0.7543269230769229505, -0.01538461538461538373, 0.1000000000000000056 ) ) ;
#1831 = CARTESIAN_POINT ( 'NONE',  ( -0.5698861740043015267, 0.03414477465475800055, 0.1000000000000000056 ) ) ;
#1832 = CARTESIAN_POINT ( 'NONE',  ( -1.936366369723895753, 0.5606227844340020416, 0.1000000000000000056 ) ) ;
#1833 =( NAMED_UNIT ( * ) SI_UNIT ( $, .STERADIAN. ) SOLID_ANGLE_UNIT ( ) );
#1834 = MANIFOLD_SOLID_BREP ( 'ÇÐ³ý-À­Éì4', #4711 ) ;
#1835 = ADVANCED_FACE ( 'NONE', ( #3976 ), #3549, .F. ) ;
#1836 = DIRECTION ( 'NONE',  ( -0.000000000000000000, -0.000000000000000000, -1.000000000000000000 ) ) ;
#1837 = FACE_OUTER_BOUND ( 'NONE', #3788, .T. ) ;
#1838 = ORIENTED_EDGE ( 'NONE', *, *, #1490, .F. ) ;
#1839 = VERTEX_POINT ( 'NONE', #3160 ) ;
#1840 = CARTESIAN_POINT ( 'NONE',  ( -0.4846845296773885092, 0.3052931565567709726, 0.1000000000000000056 ) ) ;
#1841 = ORIENTED_EDGE ( 'NONE', *, *, #3865, .F. ) ;
#1842 = ORIENTED_EDGE ( 'NONE', *, *, #2409, .F. ) ;
#1843 = LINE ( 'NONE', #3457, #1964 ) ;
#1844 = ORIENTED_EDGE ( 'NONE', *, *, #2821, .T. ) ;
#1845 = ADVANCED_FACE ( 'NONE', ( #1287 ), #3147, .T. ) ;
#1846 = ORIENTED_EDGE ( 'NONE', *, *, #4123, .T. ) ;
#1847 = CARTESIAN_POINT ( 'NONE',  ( -2.441706730769230838, 0.4830528846153845923, 0.000000000000000000 ) ) ;
#1848 = ORIENTED_EDGE ( 'NONE', *, *, #1390, .T. ) ;
#1849 = PLANE ( 'NONE',  #2160 ) ;
#1850 = EDGE_CURVE ( 'NONE', #2608, #1493, #1661, .T. ) ;
#1851 = ORIENTED_EDGE ( 'NONE', *, *, #4780, .F. ) ;
#1852 = FILL_AREA_STYLE_COLOUR ( '', #3426 ) ;
#1853 = ORIENTED_EDGE ( 'NONE', *, *, #1139, .F. ) ;
#1854 = DIRECTION ( 'NONE',  ( 1.000000000000000000, 0.000000000000000000, 0.000000000000000000 ) ) ;
#1855 = CARTESIAN_POINT ( 'NONE',  ( -0.7200321464964938301, 0.6145637217989661227, 0.000000000000000000 ) ) ;
#1856 = FILL_AREA_STYLE ('',( #166 ) ) ;
#1857 = VECTOR ( 'NONE', #1496, 1000.000000000000000 ) ;
#1858 = PLANE ( 'NONE',  #2049 ) ;
#1859 = ORIENTED_EDGE ( 'NONE', *, *, #3256, .F. ) ;
#1860 = SURFACE_STYLE_FILL_AREA ( #1856 ) ;
#1861 = CARTESIAN_POINT ( 'NONE',  ( 9.799999999999995381, -4.800000000000000711, 10.30000000000000071 ) ) ;
#1862 = CARTESIAN_POINT ( 'NONE',  ( -0.9369592980430998530, 0.5643679384133911681, -1.355252715606880543E-17 ) ) ;
#1863 = AXIS2_PLACEMENT_3D ( 'NONE', #3174, #767, #4380 ) ;
#1864 = LINE ( 'NONE', #4985, #773 ) ;
#1865 = EDGE_CURVE ( 'NONE', #431, #3776, #3284, .T. ) ;
#1866 = CARTESIAN_POINT ( 'NONE',  ( -0.4846153846153846145, 0.2993990384615384248, 1.355252715606880543E-17 ) ) ;
#1867 = CARTESIAN_POINT ( 'NONE',  ( -2.076923076923077094, 0.2924278846153846034, 0.1000000000000000056 ) ) ;
#1868 = CARTESIAN_POINT ( 'NONE',  ( -0.5698861740043015267, 0.03414477465475800055, 0.1000000000000000056 ) ) ;
#1869 = DIRECTION ( 'NONE',  ( -0.000000000000000000, -0.000000000000000000, 1.000000000000000000 ) ) ;
#1870 = CARTESIAN_POINT ( 'NONE',  ( -0.6298039370202361820, 0.004505701595699446345, -1.355252715606880543E-17 ) ) ;
#1871 = CARTESIAN_POINT ( 'NONE',  ( 9.289999999999997371, 3.959999999999999964, -3.400000000000003020 ) ) ;
#1872 = FACE_OUTER_BOUND ( 'NONE', #501, .T. ) ;
#1873 = SURFACE_STYLE_FILL_AREA ( #4258 ) ;
#1874 = ADVANCED_FACE ( 'NONE', ( #4785 ), #1476, .T. ) ;
#1875 =( NAMED_UNIT ( * ) SI_UNIT ( $, .STERADIAN. ) SOLID_ANGLE_UNIT ( ) );
#1876 = SPHERICAL_SURFACE ( 'NONE', #3362, 0.2000000000000000111 ) ;
#1877 = AXIS2_PLACEMENT_3D ( 'NONE', #2584, #4983, #2963 ) ;
#1878 = CARTESIAN_POINT ( 'NONE',  ( -0.8139846175616527457, 0.6108835472944059708, 0.1000000000000000056 ) ) ;
#1879 = CARTESIAN_POINT ( 'NONE',  ( -0.4848316964480539615, 0.2905308121890727291, 0.1000000000000000056 ) ) ;
#1880 = DIRECTION ( 'NONE',  ( -0.000000000000000000, -0.000000000000000000, -1.000000000000000000 ) ) ;
#1881 = CARTESIAN_POINT ( 'NONE',  ( -0.5987705586500566834, 0.01760647347263260762, 0.1000000000000000056 ) ) ;
#1882 = EDGE_CURVE ( 'NONE', #2538, #1126, #2915, .T. ) ;
#1883 = PLANE ( 'NONE',  #4054 ) ;
#1884 = DIRECTION ( 'NONE',  ( -1.000000000000000000, 0.000000000000000000, 0.000000000000000000 ) ) ;
#1885 = CARTESIAN_POINT ( 'NONE',  ( -1.476923076923076783, 0.2923076923076923239, 0.1000000000000000056 ) ) ;
#1886 = EDGE_CURVE ( 'NONE', #2475, #570, #205, .T. ) ;
#1887 = ADVANCED_FACE ( 'NONE', ( #2246 ), #3614, .T. ) ;
#1888 = CARTESIAN_POINT ( 'NONE',  ( -2.022988930957380305, 0.2995652449740840439, -0.000000000000000000 ) ) ;
#1889 = VECTOR ( 'NONE', #510, 1000.000000000000114 ) ;
#1890 = EDGE_CURVE ( 'NONE', #2083, #4388, #1734, .T. ) ;
#1891 = PRESENTATION_LAYER_ASSIGNMENT (  '', '', ( #3318 ) ) ;
#1892 = EDGE_CURVE ( 'NONE', #2545, #5019, #3861, .T. ) ;
#1893 = B_SPLINE_CURVE_WITH_KNOTS ( 'NONE', 3,
 ( #1307, #509, #1755, #84, #2120, #3712, #4527, #118, #2138, #4919, #919 ),
 .UNSPECIFIED., .F., .F.,
 ( 4, 1, 1, 1, 1, 1, 1, 1, 4 ),
 ( 0.000000000000000000, 0.1243285095938497231, 0.2471560163611866145, 0.3687797492913393871, 0.4907338624016478468, 0.6136137718478437142, 0.7389575757222154317, 0.8673105751912626449, 1.000000000000000000 ),
 .UNSPECIFIED. ) ;
#1894 = CARTESIAN_POINT ( 'NONE',  ( -0.9649082213367387029, 0.4578517486743477471, 0.000000000000000000 ) ) ;
#1895 = VECTOR ( 'NONE', #4319, 1000.000000000000000 ) ;
#1896 = CARTESIAN_POINT ( 'NONE',  ( -0.4890361104529521996, 0.2476156929792425188, 1.355252715606880543E-17 ) ) ;
#1897 = CARTESIAN_POINT ( 'NONE',  ( -2.074694894729960826, 0.2488588120937352821, 1.355252715606880543E-17 ) ) ;
#1898 = CARTESIAN_POINT ( 'NONE',  ( -0.5106435983868072848, 0.08524622795043473866, 0.1000000000000000056 ) ) ;
#1899 = ORIENTED_EDGE ( 'NONE', *, *, #3395, .T. ) ;
#1900 =( NAMED_UNIT ( * ) SI_UNIT ( $, .STERADIAN. ) SOLID_ANGLE_UNIT ( ) );
#1901 = CARTESIAN_POINT ( 'NONE',  ( -1.865024038461538192, 0.5216346153846153078, 0.1000000000000000056 ) ) ;
#1902 = ORIENTED_EDGE ( 'NONE', *, *, #2767, .T. ) ;
#1903 = EDGE_LOOP ( 'NONE', ( #1707, #5207, #4588 ) ) ;
#1904 = EDGE_LOOP ( 'NONE', ( #1705, #4155, #5209, #2296 ) ) ;
#1905 = CARTESIAN_POINT ( 'NONE',  ( -2.007025710092936954, 0.3896598868713928576, 0.000000000000000000 ) ) ;
#1906 = AXIS2_PLACEMENT_3D ( 'NONE', #3422, #4189, #198 ) ;
#1907 = ORIENTED_EDGE ( 'NONE', *, *, #3363, .T. ) ;
#1908 = VECTOR ( 'NONE', #76, 1000.000000000000000 ) ;
#1909 = CARTESIAN_POINT ( 'NONE',  ( -9.115000000000005542, 3.585000000000000409, -3.400000000000002132 ) ) ;
#1910 = VERTEX_POINT ( 'NONE', #4792 ) ;
#1911 = VECTOR ( 'NONE', #2339, 1000.000000000000000 ) ;
#1912 = VERTEX_POINT ( 'NONE', #2817 ) ;
#1913 = ADVANCED_FACE ( 'NONE', ( #843 ), #2389, .T. ) ;
#1914 = CARTESIAN_POINT ( 'NONE',  ( -0.7611570504342737298, 0.5535701939500979885, 0.000000000000000000 ) ) ;
#1915 = CARTESIAN_POINT ( 'NONE',  ( -0.4852563960391603759, 0.2731192262148837702, 1.355252715606880543E-17 ) ) ;
#1916 = CARTESIAN_POINT ( 'NONE',  ( -2.039162456327543005, 0.1337546374322099441, 0.1000000000000000056 ) ) ;
#1917 =( NAMED_UNIT ( * ) SI_UNIT ( $, .STERADIAN. ) SOLID_ANGLE_UNIT ( ) );
#1918 = PRESENTATION_LAYER_ASSIGNMENT (  '', '', ( #1266 ) ) ;
#1919 = VERTEX_POINT ( 'NONE', #5195 ) ;
#1920 = CARTESIAN_POINT ( 'NONE',  ( -1.192307692307692069, 0.3538461538461538103, 0.1000000000000000056 ) ) ;
#1921 = LINE ( 'NONE', #2174, #1094 ) ;
#1922 = CARTESIAN_POINT ( 'NONE',  ( -1.900276153192751227, 0.5083451564871769301, 0.000000000000000000 ) ) ;
#1923 = COLOUR_RGB ( '',0.7529411764705882248, 0.7529411764705882248, 0.7529411764705882248 ) ;
#1924 = MECHANICAL_DESIGN_GEOMETRIC_PRESENTATION_REPRESENTATION (  '', ( #3459 ), #3800 ) ;
#1925 = CARTESIAN_POINT ( 'NONE',  ( 1.669999999999997042, -3.660000000000000142, -3.399999999999999467 ) ) ;
#1926 = COLOUR_RGB ( '',0.7960784313725489669, 0.8235294117647058432, 0.9372549019607843146 ) ;
#1927 = UNCERTAINTY_MEASURE_WITH_UNIT (LENGTH_MEASURE( 1.000000000000000082E-05 ), #2683, 'distance_accuracy_value', 'NONE');
#1928 = B_SPLINE_CURVE_WITH_KNOTS ( 'NONE', 3,
 ( #1830, #2242, #3833, #2679, #2258, #222, #5004, #4253, #262, #637, #1881, #3451, #1868, #1060, #4650, #653, #3075, #1898, #669 ),
 .UNSPECIFIED., .F., .F.,
 ( 4, 1, 1, 1, 1, 1, 1, 1, 1, 1, 1, 1, 1, 1, 1, 1, 4 ),
 ( 0.000000000000000000, 0.06966280089907717077, 0.1377495622582725898, 0.2039167435177823839, 0.2687798623293365385, 0.3324137064772237360, 0.3947535404471391729, 0.4561800316591683169, 0.5169956491967196976, 0.5773959379659517888, 0.6371983435092750669, 0.6969991842614545741, 0.7567561942255591756, 0.8165539052726074054, 0.8769479965978698166, 0.9381317879205948174, 1.000000000000000000 ),
 .UNSPECIFIED. ) ;
#1929 = CARTESIAN_POINT ( 'NONE',  ( 1.669999999999997042, -3.959999999999999964, -3.499999999999998668 ) ) ;
#1930 =( LENGTH_UNIT ( ) NAMED_UNIT ( * ) SI_UNIT ( .MILLI., .METRE. ) );
#1931 = EDGE_CURVE ( 'NONE', #3653, #431, #5158, .T. ) ;
#1932 = CARTESIAN_POINT ( 'NONE',  ( -0.9519532738215557011, 0.5540315146126306711, 0.000000000000000000 ) ) ;
#1933 = FACE_OUTER_BOUND ( 'NONE', #1395, .T. ) ;
#1934 = DIRECTION ( 'NONE',  ( 0.000000000000000000, -0.000000000000000000, 1.000000000000000000 ) ) ;
#1935 = CARTESIAN_POINT ( 'NONE',  ( -8.271187761960542062, -3.805571426637654575, 10.40000000000000213 ) ) ;
#1936 =( NAMED_UNIT ( * ) PLANE_ANGLE_UNIT ( ) SI_UNIT ( $, .RADIAN. ) );
#1937 = EDGE_CURVE ( 'NONE', #818, #1680, #4162, .T. ) ;
#1938 = SURFACE_STYLE_FILL_AREA ( #3321 ) ;
#1939 = FACE_OUTER_BOUND ( 'NONE', #608, .T. ) ;
#1940 = ADVANCED_FACE ( 'NONE', ( #1528 ), #1668, .F. ) ;
#1941 = ORIENTED_EDGE ( 'NONE', *, *, #3002, .T. ) ;
#1942 = PLANE ( 'NONE',  #1484 ) ;
#1943 = FILL_AREA_STYLE ('',( #5179 ) ) ;
#1944 = AXIS2_PLACEMENT_3D ( 'NONE', #437, #2491, #1666 ) ;
#1945 = ORIENTED_EDGE ( 'NONE', *, *, #4266, .F. ) ;
#1946 = CARTESIAN_POINT ( 'NONE',  ( -1.476923076923076783, 0.5999999999999999778, 0.000000000000000000 ) ) ;
#1947 = CARTESIAN_POINT ( 'NONE',  ( -0.9509690951917236790, 0.04573618958300704890, 0.1000000000000000056 ) ) ;
#1948 = CARTESIAN_POINT ( 'NONE',  ( -0.9925075374868955747, 0.5181584864962790471, 0.000000000000000000 ) ) ;
#1949 = FILL_AREA_STYLE_COLOUR ( '', #3799 ) ;
#1950 = DIRECTION ( 'NONE',  ( 0.000000000000000000, -0.7071067811865352493, 0.7071067811865597852 ) ) ;
#1951 = DIRECTION ( 'NONE',  ( 0.000000000000000000, 0.000000000000000000, -1.000000000000000000 ) ) ;
#1952 = VECTOR ( 'NONE', #295, 1000.000000000000114 ) ;
#1953 = DIRECTION ( 'NONE',  ( 0.000000000000000000, -1.000000000000000000, 0.000000000000000000 ) ) ;
#1954 = CARTESIAN_POINT ( 'NONE',  ( -1.865024038461538192, 0.5216346153846153078, 0.000000000000000000 ) ) ;
#1955 = AXIS2_PLACEMENT_3D ( 'NONE', #3999, #1581, #787 ) ;
#1956 = EDGE_LOOP ( 'NONE', ( #4010, #4714, #3728, #5203 ) ) ;
#1957 = EDGE_CURVE ( 'NONE', #1629, #4226, #706, .T. ) ;
#1958 = ORIENTED_EDGE ( 'NONE', *, *, #2585, .F. ) ;
#1959 = ADVANCED_FACE ( 'NONE', ( #4477 ), #4839, .T. ) ;
#1960 = DIRECTION ( 'NONE',  ( 1.000000000000000000, 0.000000000000000000, 0.000000000000000000 ) ) ;
#1961 = CARTESIAN_POINT ( 'NONE',  ( -0.9211782148697409411, 0.5738677595927572650, 0.000000000000000000 ) ) ;
#1962 = ORIENTED_EDGE ( 'NONE', *, *, #4921, .T. ) ;
#1963 = CARTESIAN_POINT ( 'NONE',  ( -1.955290932732961284, 0.04120431465055967440, 1.355252715606880543E-17 ) ) ;
#1964 = VECTOR ( 'NONE', #5038, 1000.000000000000000 ) ;
#1965 =( NAMED_UNIT ( * ) SI_UNIT ( $, .STERADIAN. ) SOLID_ANGLE_UNIT ( ) );
#1966 = ORIENTED_EDGE ( 'NONE', *, *, #3430, .T. ) ;
#1967 = VERTEX_POINT ( 'NONE', #4049 ) ;
#1968 = CARTESIAN_POINT ( 'NONE',  ( 8.489999999999998437, -0.000000000000000000, -3.400000000000003020 ) ) ;
#1969 = EDGE_LOOP ( 'NONE', ( #5121, #2195, #124, #1193 ) ) ;
#1970 = ORIENTED_EDGE ( 'NONE', *, *, #2063, .F. ) ;
#1971 = CARTESIAN_POINT ( 'NONE',  ( -0.9652178594642416565, 0.05707695511526560822, 1.355252715606880543E-17 ) ) ;
#1972 = LINE ( 'NONE', #4894, #3475 ) ;
#1973 = DIRECTION ( 'NONE',  ( 0.4283511191562797693, -0.9036123719369729690, 0.000000000000000000 ) ) ;
#1975 = CARTESIAN_POINT ( 'NONE',  ( -9.115000000000005542, -3.585000000000000409, -3.400000000000003020 ) ) ;
#1974 = AXIS2_PLACEMENT_3D ( 'NONE', #3742, #2525, #460 ) ;
#1976 = ORIENTED_EDGE ( 'NONE', *, *, #2267, .T. ) ;
#1977 = CARTESIAN_POINT ( 'NONE',  ( -1.991380922488747318, 0.4232297804260908292, 0.1000000000000000056 ) ) ;
#1978 = LINE ( 'NONE', #2746, #764 ) ;
#1979 = LINE ( 'NONE', #516, #3914 ) ;
#1980 = CARTESIAN_POINT ( 'NONE',  ( -1.584615384615384537, 0.5999999999999999778, 0.000000000000000000 ) ) ;
#1981 = SURFACE_SIDE_STYLE ('',( #3811 ) ) ;
#1982 =( NAMED_UNIT ( * ) PLANE_ANGLE_UNIT ( ) SI_UNIT ( $, .RADIAN. ) );
#1983 = MECHANICAL_DESIGN_GEOMETRIC_PRESENTATION_REPRESENTATION (  '', ( #4561 ), #4453 ) ;
#1984 = CARTESIAN_POINT ( 'NONE',  ( -2.022750436830391685, 0.2728384872874771716, 0.1000000000000000056 ) ) ;
#1985 = LINE ( 'NONE', #4064, #269 ) ;
#1986 = CARTESIAN_POINT ( 'NONE',  ( -9.800000000000002487, -4.800000000000000711, 10.30000000000000071 ) ) ;
#1987 = DIRECTION ( 'NONE',  ( -0.000000000000000000, -0.000000000000000000, -1.000000000000000000 ) ) ;
#1988 = ADVANCED_FACE ( 'NONE', ( #4039 ), #4033, .T. ) ;
#1989 = EDGE_CURVE ( 'NONE', #4057, #3607, #586, .T. ) ;
#1990 = DIRECTION ( 'NONE',  ( -0.000000000000000000, 1.000000000000000000, 0.000000000000000000 ) ) ;
#1991 = AXIS2_PLACEMENT_3D ( 'NONE', #1664, #2091, #4459 ) ;
#1992 = EDGE_CURVE ( 'NONE', #4760, #2350, #968, .T. ) ;
#1993 = FACE_OUTER_BOUND ( 'NONE', #2159, .T. ) ;
#1994 = UNCERTAINTY_MEASURE_WITH_UNIT (LENGTH_MEASURE( 1.000000000000000082E-05 ), #1049, 'distance_accuracy_value', 'NONE');
#1995 = CARTESIAN_POINT ( 'NONE',  ( 9.289999999999997371, -3.959999999999999964, -3.400000000000003020 ) ) ;
#1996 = VECTOR ( 'NONE', #1696, 1000.000000000000114 ) ;
#1997 = VECTOR ( 'NONE', #343, 1000.000000000000000 ) ;
#1998 = CARTESIAN_POINT ( 'NONE',  ( -0.9037755254050590104, 0.01724139414240828672, 0.1000000000000000056 ) ) ;
#1999 = CARTESIAN_POINT ( 'NONE',  ( -0.9662656478392515069, 0.5429463988281207909, 0.000000000000000000 ) ) ;
#2000 = LINE ( 'NONE', #4917, #3371 ) ;
#2001 = CARTESIAN_POINT ( 'NONE',  ( -1.951730171704494810, 0.1172829883459740180, 0.000000000000000000 ) ) ;
#2002 = CARTESIAN_POINT ( 'NONE',  ( -2.020896484065850984, 0.2536447818263705134, -1.355252715606880543E-17 ) ) ;
#2003 = ORIENTED_EDGE ( 'NONE', *, *, #475, .F. ) ;
#2004 = STYLED_ITEM ( 'NONE', ( #834 ), #2318 ) ;
#2005 =( LENGTH_UNIT ( ) NAMED_UNIT ( * ) SI_UNIT ( .MILLI., .METRE. ) );
#2006 = CARTESIAN_POINT ( 'NONE',  ( -1.690986266451797393, 0.5384305125771687850, -0.000000000000000000 ) ) ;
#2007 = CARTESIAN_POINT ( 'NONE',  ( -0.9917778035903997980, 0.08204238198268549997, 1.355252715606880543E-17 ) ) ;
#2008 = CARTESIAN_POINT ( 'NONE',  ( -0.4846153846153846145, 0.2993990384615384248, 0.1000000000000000056 ) ) ;
#2009 = CARTESIAN_POINT ( 'NONE',  ( 1.669999999999997042, -3.660000000000000142, -3.399999999999999467 ) ) ;
#2010 = EDGE_CURVE ( 'NONE', #1256, #3064, #1346, .T. ) ;
#2011 = ORIENTED_EDGE ( 'NONE', *, *, #2030, .F. ) ;
#2012 = STYLED_ITEM ( 'NONE', ( #2110 ), #4733 ) ;
#2013 = ADVANCED_FACE ( 'NONE', ( #4291 ), #2444, .F. ) ;
#2014 = DIRECTION ( 'NONE',  ( 1.000000000000000000, -0.000000000000000000, 0.000000000000000000 ) ) ;
#2015 = CARTESIAN_POINT ( 'NONE',  ( -0.9231346460862220882, 0.1021237244757318557, 0.1000000000000000056 ) ) ;
#2016 = CARTESIAN_POINT ( 'NONE',  ( -2.023076923076922995, 0.2925480769230768829, 0.000000000000000000 ) ) ;
#2017 = CARTESIAN_POINT ( 'NONE',  ( -2.020896484065850984, 0.2536447818263705134, 0.1000000000000000056 ) ) ;
#2018 = PRESENTATION_STYLE_ASSIGNMENT (( #5052 ) ) ;
#2019 = STYLED_ITEM ( 'NONE', ( #1055 ), #813 ) ;
#2020 = CARTESIAN_POINT ( 'NONE',  ( -0.4431857218755984040, 0.3965270163937824610, 0.1000000000000000056 ) ) ;
#2021 = FILL_AREA_STYLE_COLOUR ( '', #541 ) ;
#2022 = CARTESIAN_POINT ( 'NONE',  ( -0.9509690951917236790, 0.04573618958300704890, 0.1000000000000000056 ) ) ;
#2023 = CARTESIAN_POINT ( 'NONE',  ( -1.831567575901209777, 0.06736670900023293551, 0.1000000000000000056 ) ) ;
#2024 = ORIENTED_EDGE ( 'NONE', *, *, #3997, .T. ) ;
#2025 = CARTESIAN_POINT ( 'NONE',  ( -0.7611413553040454749, -0.01530747957953692076, 0.1000000000000000056 ) ) ;
#2026 = ORIENTED_EDGE ( 'NONE', *, *, #1890, .T. ) ;
#2027 = PLANE ( 'NONE',  #551 ) ;
#2028 = ORIENTED_EDGE ( 'NONE', *, *, #5134, .F. ) ;
#2029 = ORIENTED_EDGE ( 'NONE', *, *, #518, .F. ) ;
#2030 = EDGE_CURVE ( 'NONE', #4646, #1919, #1793, .T. ) ;
#2031 = CARTESIAN_POINT ( 'NONE',  ( -0.5698861740043015267, 0.03414477465475800055, 0.000000000000000000 ) ) ;
#2032 = EDGE_LOOP ( 'NONE', ( #4340, #4121, #1609, #2962 ) ) ;
#2033 = SURFACE_SIDE_STYLE ('',( #3748 ) ) ;
#2034 = VECTOR ( 'NONE', #423, 1000.000000000000000 ) ;
#2035 = EDGE_CURVE ( 'NONE', #3649, #1280, #5030, .T. ) ;
#2036 = ORIENTED_EDGE ( 'NONE', *, *, #2440, .T. ) ;
#2037 = DIRECTION ( 'NONE',  ( -0.000000000000000000, 0.7071067811865352493, 0.7071067811865597852 ) ) ;
#2038 = ORIENTED_EDGE ( 'NONE', *, *, #4887, .T. ) ;
#2039 = CARTESIAN_POINT ( 'NONE',  ( -2.020896484065850984, 0.2536447818263705134, 0.000000000000000000 ) ) ;
#2040 = CARTESIAN_POINT ( 'NONE',  ( -2.013717008843025180, 0.2175273066816399148, -1.355252715606880543E-17 ) ) ;
#2041 = FACE_OUTER_BOUND ( 'NONE', #949, .T. ) ;
#2042 = PLANE ( 'NONE',  #1806 ) ;
#2043 = ORIENTED_EDGE ( 'NONE', *, *, #630, .T. ) ;
#2044 = CARTESIAN_POINT ( 'NONE',  ( -8.765000000000004121, -3.685000000000000053, -3.499999999999998668 ) ) ;
#2045 = ADVANCED_FACE ( 'NONE', ( #3039 ), #2497, .F. ) ;
#2046 = EDGE_LOOP ( 'NONE', ( #1899, #566, #4280, #2457 ) ) ;
#2047 = CARTESIAN_POINT ( 'NONE',  ( -1.849516790166800373, 0.06978812089980490629, 0.1000000000000000056 ) ) ;
#2048 = CARTESIAN_POINT ( 'NONE',  ( -0.4846153846153846145, 0.2993990384615384248, 0.1000000000000000056 ) ) ;
#2049 = AXIS2_PLACEMENT_3D ( 'NONE', #3455, #929, #2130 ) ;
#2050 = CARTESIAN_POINT ( 'NONE',  ( -0.4309879727339731015, 0.2932174950738097863, 0.000000000000000000 ) ) ;
#2051 = LINE ( 'NONE', #1799, #3743 ) ;
#2052 = CARTESIAN_POINT ( 'NONE',  ( 0.9699999999999963096, -3.959999999999999964, -3.499999999999998668 ) ) ;
#2053 = PLANE ( 'NONE',  #4695 ) ;
#2054 = DIRECTION ( 'NONE',  ( -1.000000000000000000, 0.000000000000000000, 0.000000000000000000 ) ) ;
#2055 = FACE_OUTER_BOUND ( 'NONE', #5144, .T. ) ;
#2056 = DIRECTION ( 'NONE',  ( 0.9079593845004516606, -0.4190581774617469502, 0.000000000000000000 ) ) ;
#2057 = LINE ( 'NONE', #4451, #1164 ) ;
#2058 = VECTOR ( 'NONE', #4573, 1000.000000000000114 ) ;
#2059 = DIRECTION ( 'NONE',  ( 0.000000000000000000, -0.000000000000000000, 1.000000000000000000 ) ) ;
#2060 = UNCERTAINTY_MEASURE_WITH_UNIT (LENGTH_MEASURE( 1.000000000000000082E-05 ), #5154, 'distance_accuracy_value', 'NONE');
#2061 = CARTESIAN_POINT ( 'NONE',  ( -0.1307692307692307765, 0.06153846153846153494, 0.1000000000000000056 ) ) ;
#2062 = MECHANICAL_DESIGN_GEOMETRIC_PRESENTATION_REPRESENTATION (  '', ( #5023 ), #1174 ) ;
#2063 = EDGE_CURVE ( 'NONE', #5148, #1912, #139, .T. ) ;
#2064 = LINE ( 'NONE', #382, #3752 ) ;
#2065 = FACE_OUTER_BOUND ( 'NONE', #1379, .T. ) ;
#2066 = SURFACE_SIDE_STYLE ('',( #3679 ) ) ;
#2067 = DIRECTION ( 'NONE',  ( 1.000000000000000000, 0.000000000000000000, 0.000000000000000000 ) ) ;
#2068 = ORIENTED_EDGE ( 'NONE', *, *, #3208, .F. ) ;
#2069 = CARTESIAN_POINT ( 'NONE',  ( -0.5181869158139654763, 0.07669968166317220337, 0.000000000000000000 ) ) ;
#2070 = DIRECTION ( 'NONE',  ( -1.000000000000000000, 0.000000000000000000, 0.000000000000000000 ) ) ;
#2071 = SURFACE_SIDE_STYLE ('',( #3367 ) ) ;
#2072 = EDGE_LOOP ( 'NONE', ( #1116, #3079, #4272, #1970 ) ) ;
#2073 = FILL_AREA_STYLE ('',( #4440 ) ) ;
#2074 = DIRECTION ( 'NONE',  ( -0.7941277684358852840, 0.6077508431907281405, 0.000000000000000000 ) ) ;
#2075 = ORIENTED_EDGE ( 'NONE', *, *, #4011, .F. ) ;
#2076 = CARTESIAN_POINT ( 'NONE',  ( -0.8139846175616527457, 0.6108835472944059708, 0.1000000000000000056 ) ) ;
#2077 = FILL_AREA_STYLE ('',( #534 ) ) ;
#2078 = CARTESIAN_POINT ( 'NONE',  ( -0.9231346460862220882, 0.1021237244757318557, 0.1000000000000000056 ) ) ;
#2079 = DIRECTION ( 'NONE',  ( 0.000000000000000000, -0.000000000000000000, 1.000000000000000000 ) ) ;
#2080 = DIRECTION ( 'NONE',  ( -0.000000000000000000, 1.000000000000000000, 1.224646799147355426E-16 ) ) ;
#2081 = LINE ( 'NONE', #5137, #4998 ) ;
#2082 = CARTESIAN_POINT ( 'NONE',  ( -1.865024038461538192, 0.5216346153846153078, 0.000000000000000000 ) ) ;
#2083 = VERTEX_POINT ( 'NONE', #4500 ) ;
#2084 = DIRECTION ( 'NONE',  ( -0.000000000000000000, -0.000000000000000000, -1.000000000000000000 ) ) ;
#2085 = ORIENTED_EDGE ( 'NONE', *, *, #25, .T. ) ;
#2086 = ORIENTED_EDGE ( 'NONE', *, *, #1886, .F. ) ;
#2087 = PRESENTATION_LAYER_ASSIGNMENT (  '', '', ( #2401 ) ) ;
#2088 = DIRECTION ( 'NONE',  ( 1.000000000000000000, 0.000000000000000000, 0.000000000000000000 ) ) ;
#2089 = ORIENTED_EDGE ( 'NONE', *, *, #1230, .T. ) ;
#2090 = EDGE_CURVE ( 'NONE', #2354, #2656, #4228, .T. ) ;
#2091 = DIRECTION ( 'NONE',  ( 0.000000000000000000, -0.7071067811865352493, 0.7071067811865597852 ) ) ;
#2092 = CARTESIAN_POINT ( 'NONE',  ( -1.788640055839978205, 0.06355350448646264472, 0.000000000000000000 ) ) ;
#2093 = VERTEX_POINT ( 'NONE', #3325 ) ;
#2094 = EDGE_LOOP ( 'NONE', ( #573, #2453, #1206, #4209 ) ) ;
#2095 = CARTESIAN_POINT ( 'NONE',  ( -0.8442356929910321828, 0.05966753802499027287, -1.355252715606880543E-17 ) ) ;
#2096 = CARTESIAN_POINT ( 'NONE',  ( -2.062416660789261780, 0.1881992425041194850, 0.000000000000000000 ) ) ;
#2097 = ORIENTED_EDGE ( 'NONE', *, *, #4432, .T. ) ;
#2098 = CARTESIAN_POINT ( 'NONE',  ( -0.9037755254050590104, 0.01724139414240828672, 0.000000000000000000 ) ) ;
#2099 = FACE_BOUND ( 'NONE', #3412, .T. ) ;
#2100 = CARTESIAN_POINT ( 'NONE',  ( -0.5430056589419680613, 0.05376174247660200217, 0.000000000000000000 ) ) ;
#2101 = ORIENTED_EDGE ( 'NONE', *, *, #2838, .T. ) ;
#2102 = CARTESIAN_POINT ( 'NONE',  ( 9.999999999999996447, 4.800000000000000711, 10.50000000000000000 ) ) ;
#2103 = CYLINDRICAL_SURFACE ( 'NONE', #5051, 0.2000000000000005107 ) ;
#2104 = VECTOR ( 'NONE', #4413, 1000.000000000000000 ) ;
#2105 = DIRECTION ( 'NONE',  ( 0.000000000000000000, 0.000000000000000000, 1.000000000000000000 ) ) ;
#2106 = CARTESIAN_POINT ( 'NONE',  ( -0.7422942766078075572, 0.6151080431537363502, 1.355252715606880543E-17 ) ) ;
#2107 =( NAMED_UNIT ( * ) SI_UNIT ( $, .STERADIAN. ) SOLID_ANGLE_UNIT ( ) );
#2108 = CARTESIAN_POINT ( 'NONE',  ( -1.707331730769230616, 0.06153846153846150718, 0.1000000000000000056 ) ) ;
#2109 = DIRECTION ( 'NONE',  ( 0.6038968352533777839, -0.7970624896273533766, 0.000000000000000000 ) ) ;
#2110 = PRESENTATION_STYLE_ASSIGNMENT (( #367 ) ) ;
#2111 = LINE ( 'NONE', #234, #3164 ) ;
#2112 = EDGE_CURVE ( 'NONE', #1643, #1839, #8, .T. ) ;
#2113 = DIRECTION ( 'NONE',  ( 0.9034962347415941286, 0.4285960263555440020, -0.000000000000000000 ) ) ;
#2114 = LINE ( 'NONE', #1246, #2321 ) ;
#2115 = LINE ( 'NONE', #2186, #3431 ) ;
#2116 = DIRECTION ( 'NONE',  ( 1.000000000000000000, 0.000000000000000000, -0.000000000000000000 ) ) ;
#2117 = AXIS2_PLACEMENT_3D ( 'NONE', #1520, #2295, #4656 ) ;
#2118 = CARTESIAN_POINT ( 'NONE',  ( 9.289999999999997371, 0.000000000000000000, -3.400000000000003020 ) ) ;
#2119 = ORIENTED_EDGE ( 'NONE', *, *, #1336, .T. ) ;
#2120 = CARTESIAN_POINT ( 'NONE',  ( -0.4600248428376622623, 0.1610036274238266230, 0.000000000000000000 ) ) ;
#2121 =( NAMED_UNIT ( * ) PLANE_ANGLE_UNIT ( ) SI_UNIT ( $, .RADIAN. ) );
#2122 = CARTESIAN_POINT ( 'NONE',  ( -9.115000000000005542, 4.035000000000000142, -3.400000000000003020 ) ) ;
#2123 = CARTESIAN_POINT ( 'NONE',  ( -1.015384615384615330, 0.1104567307692307654, 0.000000000000000000 ) ) ;
#2124 = CARTESIAN_POINT ( 'NONE',  ( -0.7144850534019349109, 0.5518203372322124656, -1.355252715606880543E-17 ) ) ;
#2125 = CARTESIAN_POINT ( 'NONE',  ( -0.5982448635566826045, 0.5806018483350003923, 0.000000000000000000 ) ) ;
#2126 =( GEOMETRIC_REPRESENTATION_CONTEXT ( 3 ) GLOBAL_UNCERTAINTY_ASSIGNED_CONTEXT ( ( #3296 ) ) GLOBAL_UNIT_ASSIGNED_CONTEXT ( ( #2949, #172, #974 ) ) REPRESENTATION_CONTEXT ( 'NONE', 'WORKASPACE' ) );
#2127 = ORIENTED_EDGE ( 'NONE', *, *, #2266, .T. ) ;
#2128 = EDGE_CURVE ( 'NONE', #2427, #1784, #1979, .T. ) ;
#2129 = CARTESIAN_POINT ( 'NONE',  ( -2.018854491492194647, 0.1017559687827084003, 0.000000000000000000 ) ) ;
#2130 = DIRECTION ( 'NONE',  ( 0.000000000000000000, -0.000000000000000000, -1.000000000000000000 ) ) ;
#2131 = CARTESIAN_POINT ( 'NONE',  ( -2.062416660789261780, 0.1881992425041194850, 0.1000000000000000056 ) ) ;
#2132 = PLANE ( 'NONE',  #491 ) ;
#2133 = SURFACE_STYLE_FILL_AREA ( #3736 ) ;
#2134 = CARTESIAN_POINT ( 'NONE',  ( -2.303846153846153655, 0.1923076923076923184, 0.000000000000000000 ) ) ;
#2135 =( LENGTH_UNIT ( ) NAMED_UNIT ( * ) SI_UNIT ( .MILLI., .METRE. ) );
#2136 = VECTOR ( 'NONE', #565, 1000.000000000000114 ) ;
#2137 = CARTESIAN_POINT ( 'NONE',  ( -0.9000245582168262537, 0.5845587449703235627, 0.1000000000000000056 ) ) ;
#2138 = CARTESIAN_POINT ( 'NONE',  ( -0.4314183079536029197, 0.2730169027321137643, 0.000000000000000000 ) ) ;
#2139 =( LENGTH_UNIT ( ) NAMED_UNIT ( * ) SI_UNIT ( .MILLI., .METRE. ) );
#2140 = CARTESIAN_POINT ( 'NONE',  ( -0.7322533631448764346, 0.5536390444102005093, -1.355252715606880543E-17 ) ) ;
#2141 = CARTESIAN_POINT ( 'NONE',  ( -1.840947008113688055, 0.5918687949136952620, 0.1000000000000000056 ) ) ;
#2142 = CARTESIAN_POINT ( 'NONE',  ( -0.6970485303508436870, 0.5492641297960016988, 0.000000000000000000 ) ) ;
#2143 = FACE_OUTER_BOUND ( 'NONE', #2466, .T. ) ;
#2144 = CARTESIAN_POINT ( 'NONE',  ( -2.039162456327543005, 0.1337546374322099441, 0.000000000000000000 ) ) ;
#2145 = CARTESIAN_POINT ( 'NONE',  ( 8.489999999999998437, 3.660000000000000142, -3.400000000000003020 ) ) ;
#2146 = ORIENTED_EDGE ( 'NONE', *, *, #4334, .F. ) ;
#2147 = EDGE_CURVE ( 'NONE', #4708, #792, #4725, .T. ) ;
#2148 = EDGE_CURVE ( 'NONE', #1573, #689, #3280, .T. ) ;
#2149 = CARTESIAN_POINT ( 'NONE',  ( -1.906810466764246925, 0.01790417632945757315, 0.1000000000000000056 ) ) ;
#2150 = ORIENTED_EDGE ( 'NONE', *, *, #5063, .F. ) ;
#2151 = AXIS2_PLACEMENT_3D ( 'NONE', #3282, #2054, #4832 ) ;
#2152 = UNCERTAINTY_MEASURE_WITH_UNIT (LENGTH_MEASURE( 1.000000000000000082E-05 ), #4528, 'distance_accuracy_value', 'NONE');
#2153 = VECTOR ( 'NONE', #1231, 1000.000000000000000 ) ;
#2154 = ORIENTED_EDGE ( 'NONE', *, *, #3102, .F. ) ;
#2155 = CARTESIAN_POINT ( 'NONE',  ( -2.212620192307692246, 0.000000000000000000, 0.1000000000000000056 ) ) ;
#2156 = ORIENTED_EDGE ( 'NONE', *, *, #3672, .F. ) ;
#2157 = PRESENTATION_STYLE_ASSIGNMENT (( #1625 ) ) ;
#2158 = EDGE_CURVE ( 'NONE', #1514, #882, #3090, .T. ) ;
#2159 = EDGE_LOOP ( 'NONE', ( #324, #369, #1458, #4156 ) ) ;
#2160 = AXIS2_PLACEMENT_3D ( 'NONE', #4381, #3941, #3110 ) ;
#2161 = EDGE_CURVE ( 'NONE', #4701, #2280, #4607, .T. ) ;
#2162 = CARTESIAN_POINT ( 'NONE',  ( 9.289999999999997371, -3.660000000000000142, -3.400000000000003020 ) ) ;
#2163 = VERTEX_POINT ( 'NONE', #1687 ) ;
#2164 = CARTESIAN_POINT ( 'NONE',  ( -0.6970485303508436870, 0.5492641297960016988, 0.1000000000000000056 ) ) ;
#2165 = CARTESIAN_POINT ( 'NONE',  ( 9.289999999999997371, -3.660000000000000142, -3.400000000000003020 ) ) ;
#2166 = VERTEX_POINT ( 'NONE', #3364 ) ;
#2167 = COLOUR_RGB ( '',0.7529411764705882248, 0.7529411764705882248, 0.7529411764705882248 ) ;
#2168 = CARTESIAN_POINT ( 'NONE',  ( -0.4315603633047590537, 0.3355112417408045444, 0.000000000000000000 ) ) ;
#2169 = SURFACE_SIDE_STYLE ('',( #1283 ) ) ;
#2170 = CARTESIAN_POINT ( 'NONE',  ( -1.192307692307692069, 0.5384615384615384359, 0.1000000000000000056 ) ) ;
#2171 = ORIENTED_EDGE ( 'NONE', *, *, #1794, .T. ) ;
#2172 = LINE ( 'NONE', #3708, #4227 ) ;
#2173 = CARTESIAN_POINT ( 'NONE',  ( -2.029366790326365688, 0.1172832021745507519, 0.1000000000000000056 ) ) ;
#2174 = CARTESIAN_POINT ( 'NONE',  ( -8.765000000000004121, 4.035000000000000142, -3.499999999999998668 ) ) ;
#2175 = VECTOR ( 'NONE', #4639, 999.9999999999998863 ) ;
#2176 = ADVANCED_FACE ( 'NONE', ( #5102 ), #177, .F. ) ;
#2177 = CARTESIAN_POINT ( 'NONE',  ( -2.022966685048444901, 0.2858931371618506079, 0.1000000000000000056 ) ) ;
#2178 = PLANE ( 'NONE',  #4060 ) ;
#2179 = CARTESIAN_POINT ( 'NONE',  ( -0.5857828291609875615, 0.5015166007674874971, 0.1000000000000000056 ) ) ;
#2180 = CARTESIAN_POINT ( 'NONE',  ( -0.07692307692307691347, 0.5999999999999999778, 0.1000000000000000056 ) ) ;
#2181 = CARTESIAN_POINT ( 'NONE',  ( 0.000000000000000000, 0.000000000000000000, 0.1000000000000000056 ) ) ;
#2182 = CARTESIAN_POINT ( 'NONE',  ( 9.799999999999991829, 5.000000000000000000, 10.30000000000000071 ) ) ;
#2183 = CARTESIAN_POINT ( 'NONE',  ( -0.4848217028603703516, 0.3169861815763862500, 0.000000000000000000 ) ) ;
#2184 = CARTESIAN_POINT ( 'NONE',  ( -2.074165228689182960, 0.3425993294196470473, 0.1000000000000000056 ) ) ;
#2185 = LINE ( 'NONE', #2981, #2752 ) ;
#2186 = CARTESIAN_POINT ( 'NONE',  ( -1.138461538461538414, 0.5999999999999999778, 0.1000000000000000056 ) ) ;
#2187 =( GEOMETRIC_REPRESENTATION_CONTEXT ( 3 ) GLOBAL_UNCERTAINTY_ASSIGNED_CONTEXT ( ( #2917 ) ) GLOBAL_UNIT_ASSIGNED_CONTEXT ( ( #3298, #3706, #4600 ) ) REPRESENTATION_CONTEXT ( 'NONE', 'WORKASPACE' ) );
#2188 = CARTESIAN_POINT ( 'NONE',  ( -2.007636772281487847, 0.08739450218649003066, 0.1000000000000000056 ) ) ;
#2189 = FACE_OUTER_BOUND ( 'NONE', #189, .T. ) ;
#2190 = DIRECTION ( 'NONE',  ( 0.000000000000000000, -1.000000000000000000, 0.000000000000000000 ) ) ;
#2191 = EDGE_LOOP ( 'NONE', ( #762, #3959, #3586, #39 ) ) ;
#2192 = AXIS2_PLACEMENT_3D ( 'NONE', #4966, #547, #4168 ) ;
#2193 = CARTESIAN_POINT ( 'NONE',  ( -2.013717008843025180, 0.2175273066816399148, 0.1000000000000000056 ) ) ;
#2194 = CARTESIAN_POINT ( 'NONE',  ( -0.07692307692307691347, 0.5999999999999999778, 0.1000000000000000056 ) ) ;
#2195 = ORIENTED_EDGE ( 'NONE', *, *, #3633, .F. ) ;
#2196 = CARTESIAN_POINT ( 'NONE',  ( -2.016760876257857493, 0.4905807149316575022, 0.1000000000000000056 ) ) ;
#2197 = DIRECTION ( 'NONE',  ( 0.000000000000000000, 1.000000000000000000, 0.000000000000000000 ) ) ;
#2198 = CARTESIAN_POINT ( 'NONE',  ( -0.9682692307692306599, 0.4538461538461537881, 0.1000000000000000056 ) ) ;
#2199 = SURFACE_SIDE_STYLE ('',( #2494 ) ) ;
#2200 = EDGE_CURVE ( 'NONE', #4886, #702, #2305, .T. ) ;
#2201 = CARTESIAN_POINT ( 'NONE',  ( -1.716306771604603210, 0.5999241308578343590, -0.000000000000000000 ) ) ;
#2202 = EDGE_CURVE ( 'NONE', #4388, #1967, #3730, .T. ) ;
#2203 = ORIENTED_EDGE ( 'NONE', *, *, #1797, .T. ) ;
#2204 = DIRECTION ( 'NONE',  ( 0.000000000000000000, 0.7071067811865352493, 0.7071067811865597852 ) ) ;
#2205 = VECTOR ( 'NONE', #731, 1000.000000000000000 ) ;
#2206 = ADVANCED_FACE ( 'NONE', ( #1342 ), #1386, .F. ) ;
#2207 = PLANE ( 'NONE',  #1684 ) ;
#2208 = PRESENTATION_LAYER_ASSIGNMENT (  '', '', ( #1053 ) ) ;
#2209 = FILL_AREA_STYLE ('',( #560 ) ) ;
#2210 = ORIENTED_EDGE ( 'NONE', *, *, #3997, .F. ) ;
#2211 = CARTESIAN_POINT ( 'NONE',  ( -1.972116856782124783, 0.5369366762439107266, 0.000000000000000000 ) ) ;
#2212 = ORIENTED_EDGE ( 'NONE', *, *, #1485, .F. ) ;
#2213 =( NAMED_UNIT ( * ) SI_UNIT ( $, .STERADIAN. ) SOLID_ANGLE_UNIT ( ) );
#2214 = CARTESIAN_POINT ( 'NONE',  ( -2.153846153846153744, 0.000000000000000000, 0.000000000000000000 ) ) ;
#2215 = ORIENTED_EDGE ( 'NONE', *, *, #4698, .T. ) ;
#2216 = CARTESIAN_POINT ( 'NONE',  ( -0.5430056589419680613, 0.05376174247660200217, -1.355252715606880543E-17 ) ) ;
#2217 = CARTESIAN_POINT ( 'NONE',  ( -2.029259441291596300, 0.4723964312771717911, 0.1000000000000000056 ) ) ;
#2218 = VERTEX_POINT ( 'NONE', #927 ) ;
#2219 = ORIENTED_EDGE ( 'NONE', *, *, #2841, .F. ) ;
#2220 = UNCERTAINTY_MEASURE_WITH_UNIT (LENGTH_MEASURE( 1.000000000000000082E-05 ), #1295, 'distance_accuracy_value', 'NONE');
#2221 = ORIENTED_EDGE ( 'NONE', *, *, #3363, .F. ) ;
#2222 = FACE_OUTER_BOUND ( 'NONE', #2724, .T. ) ;
#2223 = EDGE_LOOP ( 'NONE', ( #184, #4499, #120, #4533 ) ) ;
#2224 = ORIENTED_EDGE ( 'NONE', *, *, #1686, .T. ) ;
#2225 = VERTEX_POINT ( 'NONE', #2700 ) ;
#2226 = PLANE ( 'NONE',  #3573 ) ;
#2227 = ORIENTED_EDGE ( 'NONE', *, *, #3698, .F. ) ;
#2228 = ORIENTED_EDGE ( 'NONE', *, *, #2428, .F. ) ;
#2229 = ORIENTED_EDGE ( 'NONE', *, *, #4126, .T. ) ;
#2230 = ORIENTED_EDGE ( 'NONE', *, *, #4665, .F. ) ;
#2231 = VECTOR ( 'NONE', #2088, 1000.000000000000000 ) ;
#2232 = DIRECTION ( 'NONE',  ( 0.000000000000000000, -1.000000000000000000, 0.000000000000000000 ) ) ;
#2233 = VERTEX_POINT ( 'NONE', #4622 ) ;
#2234 = ORIENTED_EDGE ( 'NONE', *, *, #4466, .F. ) ;
#2235 = B_SPLINE_SURFACE_WITH_KNOTS ( 'NONE', 3, 1, ( 
 ( #4608, #1773 ),
 ( #4962, #1798 ),
 ( #2562, #4568 ),
 ( #955, #3766 ),
 ( #1367, #4549 ),
 ( #4164, #2211 ),
 ( #4217, #3008 ),
 ( #2977, #2240 ),
 ( #2196, #2591 ),
 ( #161, #2994 ),
 ( #4978, #4991 ),
 ( #3396, #3379 ),
 ( #173, #588 ),
 ( #995, #3807 ),
 ( #2631, #1813 ),
 ( #562, #980 ),
 ( #2939, #1402 ),
 ( #4198, #3786 ),
 ( #193, #2954 ) ),
 .UNSPECIFIED., .F., .F., .F.,
 ( 4, 1, 1, 1, 1, 1, 1, 1, 1, 1, 1, 1, 1, 1, 1, 1, 4 ),
 ( 2, 2 ),
 ( 0.000000000000000000, 0.06154496601632365033, 0.1216942964020307216, 0.1811548554526329902, 0.2398753889119570326, 0.2987019424504284704, 0.3576474237092014397, 0.4176048428493669418, 0.4784940407282913255, 0.5404070506371326799, 0.6023449938728028252, 0.6650043279232334958, 0.7285593088233758285, 0.7936505420268854527, 0.8605342675902674099, 0.9292359605619636698, 0.9999999999999998890 ),
 ( 0.000000000000000000, 1.000000000000000000 ),
 .UNSPECIFIED. ) ;
#2236 = VECTOR ( 'NONE', #3680, 1000.000000000000000 ) ;
#2237 = CARTESIAN_POINT ( 'NONE',  ( -0.8699618471243657503, 0.5969183433631014557, -1.355252715606880543E-17 ) ) ;
#2238 = MECHANICAL_DESIGN_GEOMETRIC_PRESENTATION_REPRESENTATION (  '', ( #1138 ), #389 ) ;
#2239 = EDGE_CURVE ( 'NONE', #361, #4438, #2736, .T. ) ;
#2240 = CARTESIAN_POINT ( 'NONE',  ( -2.003112637891618419, 0.5074815732541329005, 0.000000000000000000 ) ) ;
#2241 = SURFACE_SIDE_STYLE ('',( #3228 ) ) ;
#2242 = CARTESIAN_POINT ( 'NONE',  ( -0.7478737230098881916, -0.01533970237505151261, 0.1000000000000000056 ) ) ;
#2243 = CARTESIAN_POINT ( 'NONE',  ( -0.5561366732862572659, 0.04347991929881141193, -1.355252715606880543E-17 ) ) ;
#2244 = FACE_OUTER_BOUND ( 'NONE', #2352, .T. ) ;
#2245 = CARTESIAN_POINT ( 'NONE',  ( 9.799999999999991829, 5.000000000000000000, 10.50000000000000000 ) ) ;
#2246 = FACE_OUTER_BOUND ( 'NONE', #2300, .T. ) ;
#2247 = CARTESIAN_POINT ( 'NONE',  ( -9.115000000000005542, 0.000000000000000000, 0.000000000000000000 ) ) ;
#2248 = DIRECTION ( 'NONE',  ( 1.000000000000000000, 0.000000000000000000, 0.000000000000000000 ) ) ;
#2249 = CARTESIAN_POINT ( 'NONE',  ( -0.4848217028603703516, 0.3169861815763862500, 0.1000000000000000056 ) ) ;
#2250 = AXIS2_PLACEMENT_3D ( 'NONE', #1802, #147, #4995 ) ;
#2251 = LINE ( 'NONE', #1532, #1363 ) ;
#2252 = PRESENTATION_STYLE_ASSIGNMENT (( #4878 ) ) ;
#2253 = CARTESIAN_POINT ( 'NONE',  ( -0.9662656478392515069, 0.5429463988281207909, -1.355252715606880543E-17 ) ) ;
#2254 = CARTESIAN_POINT ( 'NONE',  ( -0.8139846175616527457, 0.6108835472944059708, 0.000000000000000000 ) ) ;
#2255 = LINE ( 'NONE', #4866, #1677 ) ;
#2256 = CARTESIAN_POINT ( 'NONE',  ( -1.705769230769230704, 0.5999999999999999778, 0.1000000000000000056 ) ) ;
#2257 = LINE ( 'NONE', #3490, #3172 ) ;
#2258 = CARTESIAN_POINT ( 'NONE',  ( -0.6979324620080854524, -0.01184942314816713436, 0.1000000000000000056 ) ) ;
#2259 = CARTESIAN_POINT ( 'NONE',  ( -0.5068509615384614309, 0.08954326923076921796, 0.1000000000000000056 ) ) ;
#2260 = DIRECTION ( 'NONE',  ( 0.000000000000000000, -0.000000000000000000, 1.000000000000000000 ) ) ;
#2261 = SURFACE_SIDE_STYLE ('',( #1873 ) ) ;
#2262 = B_SPLINE_SURFACE_WITH_KNOTS ( 'NONE', 3, 1, ( 
 ( #1007, #4264 ),
 ( #217, #3023 ),
 ( #3042, #1398 ),
 ( #1420, #206 ),
 ( #1878, #3853 ),
 ( #2675, #1825 ),
 ( #1434, #1056 ),
 ( #1448, #2237 ),
 ( #4195, #2645 ),
 ( #4236, #1040 ),
 ( #4625, #231 ),
 ( #1812, #1862 ),
 ( #4249, #3057 ),
 ( #3466, #2253 ),
 ( #3869, #1469 ),
 ( #259, #4668 ),
 ( #5029, #2653 ),
 ( #4645, #2285 ),
 ( #5061, #2692 ) ),
 .UNSPECIFIED., .F., .F., .F.,
 ( 4, 1, 1, 1, 1, 1, 1, 1, 1, 1, 1, 1, 1, 1, 1, 1, 4 ),
 ( 2, 2 ),
 ( 0.000000000000000000, 0.06854753670890291473, 0.1356829456230483621, 0.2012149895263285748, 0.2656822347546962670, 0.3292668348172589909, 0.3923954278443287369, 0.4550697616521436339, 0.5171268500645063160, 0.5787900352866524045, 0.6397398633435414927, 0.7001915036663084457, 0.7598062425966705113, 0.8196283192750080104, 0.8793547910462767847, 0.9395116077646613606, 1.000000000000000000 ),
 ( 0.000000000000000000, 1.000000000000000000 ),
 .UNSPECIFIED. ) ;
#2263 = ORIENTED_EDGE ( 'NONE', *, *, #1886, .T. ) ;
#2264 = CARTESIAN_POINT ( 'NONE',  ( 8.489999999999998437, -3.959999999999999964, 3.875777422434217368E-17 ) ) ;
#2265 = DIRECTION ( 'NONE',  ( 0.000000000000000000, -1.000000000000000000, 0.000000000000000000 ) ) ;
#2266 = EDGE_CURVE ( 'NONE', #59, #557, #3093, .T. ) ;
#2267 = EDGE_CURVE ( 'NONE', #470, #1505, #1651, .T. ) ;
#2268 = VECTOR ( 'NONE', #5139, 1000.000000000000114 ) ;
#2269 = FILL_AREA_STYLE_COLOUR ( '', #2388 ) ;
#2270 = SURFACE_SIDE_STYLE ('',( #719 ) ) ;
#2271 = DIRECTION ( 'NONE',  ( 0.000000000000000000, 1.000000000000000000, -0.000000000000000000 ) ) ;
#2272 = CARTESIAN_POINT ( 'NONE',  ( -1.890846469531602736, 0.5801201049181025082, 0.1000000000000000056 ) ) ;
#2273 = SURFACE_SIDE_STYLE ('',( #4008 ) ) ;
#2274 = FILL_AREA_STYLE_COLOUR ( '', #1501 ) ;
#2275 = DIRECTION ( 'NONE',  ( -1.000000000000000000, -0.000000000000000000, -0.000000000000000000 ) ) ;
#2276 = CARTESIAN_POINT ( 'NONE',  ( -1.871106147417207044, 0.5196414000471857308, -0.000000000000000000 ) ) ;
#2277 = VECTOR ( 'NONE', #4553, 1000.000000000000000 ) ;
#2278 = STYLED_ITEM ( 'NONE', ( #2157 ), #2448 ) ;
#2279 = ORIENTED_EDGE ( 'NONE', *, *, #3211, .F. ) ;
#2280 = VERTEX_POINT ( 'NONE', #5159 ) ;
#2281 = LINE ( 'NONE', #3407, #1015 ) ;
#2282 = EDGE_LOOP ( 'NONE', ( #366, #932, #5147, #504 ) ) ;
#2283 = VERTEX_POINT ( 'NONE', #1454 ) ;
#2284 = ADVANCED_FACE ( 'NONE', ( #4157 ), #3581, .F. ) ;
#2285 = CARTESIAN_POINT ( 'NONE',  ( -1.011709984313590382, 0.4947518422563462193, -1.355252715606880543E-17 ) ) ;
#2286 = SURFACE_STYLE_USAGE ( .BOTH. , #2270 ) ;
#2287 = EDGE_CURVE ( 'NONE', #309, #4889, #2368, .T. ) ;
#2288 = EDGE_LOOP ( 'NONE', ( #4213, #578, #1945, #2024, #1016, #1702, #1337, #944 ) ) ;
#2289 = CARTESIAN_POINT ( 'NONE',  ( -2.018854491492194647, 0.1017559687827084003, 0.1000000000000000056 ) ) ;
#2290 = CARTESIAN_POINT ( 'NONE',  ( -0.5713679583613744395, 0.5652217027351573719, 0.1000000000000000056 ) ) ;
#2291 = PRESENTATION_LAYER_ASSIGNMENT (  '', '', ( #2012 ) ) ;
#2292 = ORIENTED_EDGE ( 'NONE', *, *, #3866, .T. ) ;
#2293 = CIRCLE ( 'NONE', #809, 0.4950336815138468571 ) ;
#2294 = CARTESIAN_POINT ( 'NONE',  ( -0.9649082213367387029, 0.4578517486743477471, 0.1000000000000000056 ) ) ;
#2295 = DIRECTION ( 'NONE',  ( 0.000000000000000000, 1.000000000000000000, 0.000000000000000000 ) ) ;
#2296 = ORIENTED_EDGE ( 'NONE', *, *, #20, .T. ) ;
#2297 = FACE_OUTER_BOUND ( 'NONE', #185, .T. ) ;
#2298 = ORIENTED_EDGE ( 'NONE', *, *, #4817, .F. ) ;
#2299 = SURFACE_STYLE_FILL_AREA ( #2073 ) ;
#2300 = EDGE_LOOP ( 'NONE', ( #4343, #3528, #131, #4875 ) ) ;
#2301 = COLOUR_RGB ( '',0.7960784313725489669, 0.8235294117647058432, 0.9372549019607843146 ) ;
#2302 = CARTESIAN_POINT ( 'NONE',  ( -0.7539663461538461675, 0.04615384615384614947, 0.000000000000000000 ) ) ;
#2303 = DIRECTION ( 'NONE',  ( 0.000000000000000000, 1.000000000000000000, 0.000000000000000000 ) ) ;
#2304 = VECTOR ( 'NONE', #2910, 1000.000000000000000 ) ;
#2305 = B_SPLINE_CURVE_WITH_KNOTS ( 'NONE', 3,
 ( #1409, #5008, #3036, #1832, #2999, #962, #3772, #1374, #593, #2217, #1428, #1032, #2596, #2583, #4947, #2184, #1013, #998, #1438 ),
 .UNSPECIFIED., .F., .F.,
 ( 4, 1, 1, 1, 1, 1, 1, 1, 1, 1, 1, 1, 1, 1, 1, 1, 4 ),
 ( 0.000000000000000000, 0.06154496601632365033, 0.1216942964020307216, 0.1811548554526329902, 0.2398753889119570326, 0.2987019424504284704, 0.3576474237092014397, 0.4176048428493669418, 0.4784940407282913255, 0.5404070506371326799, 0.6023449938728028252, 0.6650043279232334958, 0.7285593088233758285, 0.7936505420268854527, 0.8605342675902674099, 0.9292359605619636698, 0.9999999999999998890 ),
 .UNSPECIFIED. ) ;
#2306 = CARTESIAN_POINT ( 'NONE',  ( -2.153846153846153744, 0.000000000000000000, 0.1000000000000000056 ) ) ;
#2307 = SURFACE_SIDE_STYLE ('',( #3990 ) ) ;
#2308 = STYLED_ITEM ( 'NONE', ( #3300 ), #3155 ) ;
#2309 = LINE ( 'NONE', #2503, #4540 ) ;
#2310 = EDGE_CURVE ( 'NONE', #3085, #1629, #1470, .T. ) ;
#2311 = CARTESIAN_POINT ( 'NONE',  ( -0.6239005623071333106, 0.07414944799214541471, 1.355252715606880543E-17 ) ) ;
#2312 = CARTESIAN_POINT ( 'NONE',  ( -1.995606663782776069, 0.07415531155154807263, 1.355252715606880543E-17 ) ) ;
#2313 = CARTESIAN_POINT ( 'NONE',  ( -2.023076923076922995, 0.2925480769230768829, 0.1000000000000000056 ) ) ;
#2314 = DIRECTION ( 'NONE',  ( -1.000000000000000000, 0.000000000000000000, 0.000000000000000000 ) ) ;
#2315 = EDGE_CURVE ( 'NONE', #1505, #959, #4896, .T. ) ;
#2316 = FACE_OUTER_BOUND ( 'NONE', #3603, .T. ) ;
#2317 = PRESENTATION_STYLE_ASSIGNMENT (( #3480 ) ) ;
#2318 = ADVANCED_FACE ( 'NONE', ( #2041 ), #3063, .F. ) ;
#2319 = CARTESIAN_POINT ( 'NONE',  ( -2.012876717895006884, 0.3717133122127723177, 0.000000000000000000 ) ) ;
#2320 = SURFACE_STYLE_FILL_AREA ( #3582 ) ;
#2321 = VECTOR ( 'NONE', #2449, 1000.000000000000000 ) ;
#2322 = DIRECTION ( 'NONE',  ( -1.000000000000000000, 0.000000000000000000, -0.000000000000000000 ) ) ;
#2323 = PRESENTATION_LAYER_ASSIGNMENT (  '', '', ( #5077 ) ) ;
#2324 = UNCERTAINTY_MEASURE_WITH_UNIT (LENGTH_MEASURE( 1.000000000000000082E-05 ), #4814, 'distance_accuracy_value', 'NONE');
#2325 = CARTESIAN_POINT ( 'NONE',  ( -1.476923076923076783, 0.3538461538461538103, 0.1000000000000000056 ) ) ;
#2326 = CARTESIAN_POINT ( 'NONE',  ( 9.799999999999995381, 4.800000000000000711, 10.30000000000000071 ) ) ;
#2327 = CARTESIAN_POINT ( 'NONE',  ( -0.9796569983094327583, 0.5308780743774792477, 0.000000000000000000 ) ) ;
#2328 = CARTESIAN_POINT ( 'NONE',  ( -1.887776550538735831, 0.01244475655156214271, 0.1000000000000000056 ) ) ;
#2329 = CARTESIAN_POINT ( 'NONE',  ( -1.192307692307692069, 0.2923076923076923239, 0.1000000000000000056 ) ) ;
#2330 = CARTESIAN_POINT ( 'NONE',  ( -0.9123505299742371566, 0.5060780973002776406, 0.1000000000000000056 ) ) ;
#2331 = MECHANICAL_DESIGN_GEOMETRIC_PRESENTATION_REPRESENTATION (  '', ( #3725 ), #2602 ) ;
#2332 = CARTESIAN_POINT ( 'NONE',  ( -9.015000000000005898, -3.585000000000000409, -3.499999999999998668 ) ) ;
#2333 = CARTESIAN_POINT ( 'NONE',  ( -9.800000000000002487, 4.800000000000000711, 10.30000000000000071 ) ) ;
#2334 = LINE ( 'NONE', #5069, #3252 ) ;
#2335 = EDGE_CURVE ( 'NONE', #1633, #4148, #3791, .T. ) ;
#2336 = PRESENTATION_LAYER_ASSIGNMENT (  '', '', ( #1507 ) ) ;
#2337 = EDGE_CURVE ( 'NONE', #3580, #4216, #1524, .T. ) ;
#2338 = B_SPLINE_CURVE_WITH_KNOTS ( 'NONE', 3,
 ( #3205, #1610, #969, #913, #4931, #2528, #2131, #1376, #2916, #4514, #2173, #3758, #2188, #553, #4913, #2551, #3727, #477, #4154, #2149, #897, #540, #1317, #2569, #4952, #1706, #1747 ),
 .UNSPECIFIED., .F., .F.,
 ( 4, 1, 1, 1, 1, 1, 1, 1, 1, 1, 1, 1, 1, 1, 1, 1, 1, 1, 1, 1, 1, 1, 1, 1, 4 ),
 ( 0.000000000000000000, 0.04608068338724804341, 0.09080679960761617320, 0.1342952705290696158, 0.1770243856662441773, 0.2188227336826556180, 0.2602441163273732649, 0.3010798671134451432, 0.3416138942851570381, 0.3815834185517461563, 0.4201195913296164597, 0.4580746185423136274, 0.4947384876076564297, 0.5311946228937133307, 0.5669336984503777765, 0.6027126507379958475, 0.6383266061284350590, 0.6748532488548240060, 0.7134673707840595291, 0.7544418038483806654, 0.7978153607124992552, 0.8439894562081103890, 0.8930715698796477531, 0.9449633461781441479, 1.000000000000000000 ),
 .UNSPECIFIED. ) ;
#2339 = DIRECTION ( 'NONE',  ( -0.000000000000000000, -0.000000000000000000, 1.000000000000000000 ) ) ;
#2340 = ADVANCED_FACE ( 'NONE', ( #4662 ), #1552, .T. ) ;
#2341 = CARTESIAN_POINT ( 'NONE',  ( -0.9362953712375989834, 0.4874509009522207115, 0.000000000000000000 ) ) ;
#2342 = COLOUR_RGB ( '',0.7960784313725489669, 0.8235294117647058432, 0.9372549019607843146 ) ;
#2343 = CARTESIAN_POINT ( 'NONE',  ( 1.669999999999997042, -3.660000000000000142, 3.875777422434217368E-17 ) ) ;
#2344 = CARTESIAN_POINT ( 'NONE',  ( -2.074694894729960826, 0.2488588120937352821, 0.1000000000000000056 ) ) ;
#2345 = ORIENTED_EDGE ( 'NONE', *, *, #4029, .F. ) ;
#2346 = DIRECTION ( 'NONE',  ( -0.000000000000000000, -0.000000000000000000, -1.000000000000000000 ) ) ;
#2347 = DIRECTION ( 'NONE',  ( 1.000000000000000000, 0.000000000000000000, 0.000000000000000000 ) ) ;
#2348 = PLANE ( 'NONE',  #1006 ) ;
#2349 = ORIENTED_EDGE ( 'NONE', *, *, #1061, .F. ) ;
#2350 = VERTEX_POINT ( 'NONE', #3875 ) ;
#2351 = ORIENTED_EDGE ( 'NONE', *, *, #729, .F. ) ;
#2352 = EDGE_LOOP ( 'NONE', ( #4597, #740, #3025, #5202 ) ) ;
#2353 = CARTESIAN_POINT ( 'NONE',  ( -0.5274155956455490735, 0.1567503682554213518, 0.000000000000000000 ) ) ;
#2354 = VERTEX_POINT ( 'NONE', #1885 ) ;
#2355 = AXIS2_PLACEMENT_3D ( 'NONE', #1540, #3952, #4347 ) ;
#2356 = ORIENTED_EDGE ( 'NONE', *, *, #4731, .F. ) ;
#2357 = VERTEX_POINT ( 'NONE', #657 ) ;
#2358 = FACE_OUTER_BOUND ( 'NONE', #4037, .T. ) ;
#2359 = ORIENTED_EDGE ( 'NONE', *, *, #673, .T. ) ;
#2360 = DIRECTION ( 'NONE',  ( 1.000000000000000000, -0.000000000000000000, 0.000000000000000000 ) ) ;
#2361 = ORIENTED_EDGE ( 'NONE', *, *, #297, .T. ) ;
#2362 = ORIENTED_EDGE ( 'NONE', *, *, #2158, .F. ) ;
#2363 = ORIENTED_EDGE ( 'NONE', *, *, #4859, .F. ) ;
#2364 = ORIENTED_EDGE ( 'NONE', *, *, #2200, .T. ) ;
#2365 = CARTESIAN_POINT ( 'NONE',  ( -7.769999999999973817, 2.689999999999969305, -4.744999999999986784 ) ) ;
#2366 = EDGE_LOOP ( 'NONE', ( #3963, #3596, #5000, #4643 ) ) ;
#2367 = DIRECTION ( 'NONE',  ( 0.000000000000000000, 1.000000000000000000, 0.000000000000000000 ) ) ;
#2368 = LINE ( 'NONE', #4374, #1407 ) ;
#2369 = DIRECTION ( 'NONE',  ( -0.5773502691896323924, -0.5773502691896323924, 0.5773502691896122974 ) ) ;
#2370 = CARTESIAN_POINT ( 'NONE',  ( -2.071921811293421012, 0.2279593427203968070, 0.1000000000000000056 ) ) ;
#2371 = ORIENTED_EDGE ( 'NONE', *, *, #2744, .T. ) ;
#2372 = FILL_AREA_STYLE ('',( #3551 ) ) ;
#2373 = VECTOR ( 'NONE', #2458, 1000.000000000000000 ) ;
#2374 = ADVANCED_FACE ( 'NONE', ( #4221 ), #810, .T. ) ;
#2375 = CARTESIAN_POINT ( 'NONE',  ( -1.584615384615384537, 0.000000000000000000, 0.000000000000000000 ) ) ;
#2376 = CYLINDRICAL_SURFACE ( 'NONE', #3424, 0.2000000000000005107 ) ;
#2377 = CARTESIAN_POINT ( 'NONE',  ( -0.6239005623071333106, 0.07414944799214541471, 0.1000000000000000056 ) ) ;
#2378 = STYLED_ITEM ( 'NONE', ( #3368 ), #1106 ) ;
#2379 = EDGE_CURVE ( 'NONE', #890, #3539, #826, .T. ) ;
#2380 = CARTESIAN_POINT ( 'NONE',  ( -1.970583391596514522, 0.4532413475454956653, 0.000000000000000000 ) ) ;
#2381 = FACE_OUTER_BOUND ( 'NONE', #512, .T. ) ;
#2382 = CARTESIAN_POINT ( 'NONE',  ( -0.9582315161667508407, 0.4658089342269182143, 0.1000000000000000056 ) ) ;
#2383 = CARTESIAN_POINT ( 'NONE',  ( -1.770552884615384626, 0.000000000000000000, 0.1000000000000000056 ) ) ;
#2384 = VECTOR ( 'NONE', #5122, 1000.000000000000000 ) ;
#2385 =( NAMED_UNIT ( * ) SI_UNIT ( $, .STERADIAN. ) SOLID_ANGLE_UNIT ( ) );
#2386 =( NAMED_UNIT ( * ) SI_UNIT ( $, .STERADIAN. ) SOLID_ANGLE_UNIT ( ) );
#2387 = LINE ( 'NONE', #5173, #216 ) ;
#2388 = COLOUR_RGB ( '',0.7960784313725489669, 0.8235294117647058432, 0.9372549019607843146 ) ;
#2389 = B_SPLINE_SURFACE_WITH_KNOTS ( 'NONE', 3, 1, ( 
 ( #3128, #4360 ),
 ( #721, #5189 ),
 ( #795, #4004 ),
 ( #1602, #2007 ),
 ( #4376, #4409 ),
 ( #2778, #1971 ),
 ( #2022, #338 ),
 ( #362, #4773 ),
 ( #4752, #1170 ),
 ( #3554, #1128 ),
 ( #1570, #2403 ),
 ( #5175, #2438 ),
 ( #2749, #3569 ),
 ( #2800, #777 ),
 ( #321, #3292 ),
 ( #3310, #404 ),
 ( #2425, #4794 ),
 ( #2025, #1607 ),
 ( #4066, #1621 ) ),
 .UNSPECIFIED., .F., .F., .F.,
 ( 4, 1, 1, 1, 1, 1, 1, 1, 1, 1, 1, 1, 1, 1, 1, 1, 4 ),
 ( 2, 2 ),
 ( 0.000000000000000000, 0.06167423887742583266, 0.1230530616348055467, 0.1834750007317018927, 0.2437265005106115101, 0.3042789165122535833, 0.3648629209606825685, 0.4259462039686192081, 0.4873912299654076241, 0.5492203840754763533, 0.6111435886926027683, 0.6735285303101515852, 0.7369614566573037262, 0.8007852828728397876, 0.8660125956416145909, 0.9321007477905784988, 1.000000000000000000 ),
 ( 0.000000000000000000, 1.000000000000000000 ),
 .UNSPECIFIED. ) ;
#2390 = ORIENTED_EDGE ( 'NONE', *, *, #4123, .F. ) ;
#2391 = UNCERTAINTY_MEASURE_WITH_UNIT (LENGTH_MEASURE( 1.000000000000000082E-05 ), #2139, 'distance_accuracy_value', 'NONE');
#2392 = CARTESIAN_POINT ( 'NONE',  ( -1.931526002913523943, 0.4899422381493160894, 0.1000000000000000056 ) ) ;
#2393 = ORIENTED_EDGE ( 'NONE', *, *, #3187, .F. ) ;
#2394 = EDGE_CURVE ( 'NONE', #1332, #889, #3210, .T. ) ;
#2395 = ADVANCED_FACE ( 'NONE', ( #1464 ), #2042, .T. ) ;
#2396 = CARTESIAN_POINT ( 'NONE',  ( 0.9699999999999963096, -3.759999999999999343, -3.499999999999998668 ) ) ;
#2397 =( LENGTH_UNIT ( ) NAMED_UNIT ( * ) SI_UNIT ( .MILLI., .METRE. ) );
#2398 = CARTESIAN_POINT ( 'NONE',  ( -8.765000000000004121, 3.685000000000000053, -3.499999999999998668 ) ) ;
#2399 = CARTESIAN_POINT ( 'NONE',  ( -2.013717008843025180, 0.2175273066816399148, 0.1000000000000000056 ) ) ;
#2400 = VECTOR ( 'NONE', #936, 1000.000000000000000 ) ;
#2401 = STYLED_ITEM ( 'NONE', ( #105 ), #728 ) ;
#2402 =( NAMED_UNIT ( * ) PLANE_ANGLE_UNIT ( ) SI_UNIT ( $, .RADIAN. ) );
#2403 = CARTESIAN_POINT ( 'NONE',  ( -0.8868489060679795033, 0.009541294652496897302, 1.355252715606880543E-17 ) ) ;
#2404 = DIRECTION ( 'NONE',  ( -0.000000000000000000, -0.000000000000000000, -1.000000000000000000 ) ) ;
#2405 = SURFACE_STYLE_USAGE ( .BOTH. , #4362 ) ;
#2406 = PLANE ( 'NONE',  #654 ) ;
#2407 = AXIS2_PLACEMENT_3D ( 'NONE', #4997, #1461, #5017 ) ;
#2408 = LINE ( 'NONE', #1436, #3458 ) ;
#2409 = EDGE_CURVE ( 'NONE', #3697, #1514, #285, .T. ) ;
#2410 = ORIENTED_EDGE ( 'NONE', *, *, #3672, .T. ) ;
#2411 = CARTESIAN_POINT ( 'NONE',  ( -0.7536057692307691624, 0.6153846153846153078, 0.1000000000000000056 ) ) ;
#2412 = DIRECTION ( 'NONE',  ( 1.000000000000000000, -0.000000000000000000, -0.000000000000000000 ) ) ;
#2413 = ORIENTED_EDGE ( 'NONE', *, *, #4433, .F. ) ;
#2414 = FACE_OUTER_BOUND ( 'NONE', #2842, .T. ) ;
#2415 = VERTEX_POINT ( 'NONE', #4813 ) ;
#2416 = ORIENTED_EDGE ( 'NONE', *, *, #2440, .F. ) ;
#2417 = CARTESIAN_POINT ( 'NONE',  ( -0.4533680456347409238, 0.4250190868945621925, 0.1000000000000000056 ) ) ;
#2418 = EDGE_LOOP ( 'NONE', ( #4468, #3781, #5056, #4722 ) ) ;
#2419 = SURFACE_STYLE_USAGE ( .BOTH. , #4772 ) ;
#2420 = ORIENTED_EDGE ( 'NONE', *, *, #1472, .T. ) ;
#2421 = ADVANCED_FACE ( 'NONE', ( #1022 ), #466, .T. ) ;
#2422 = CARTESIAN_POINT ( 'NONE',  ( -0.1307692307692307765, 0.06153846153846153494, 0.1000000000000000056 ) ) ;
#2423 = CARTESIAN_POINT ( 'NONE',  ( -0.5140029193874945390, 0.1777056002679515967, 0.1000000000000000056 ) ) ;
#2424 = AXIS2_PLACEMENT_3D ( 'NONE', #2247, #621, #3065 ) ;
#2425 = CARTESIAN_POINT ( 'NONE',  ( -0.7745884560684569431, -0.01515526543918555014, 0.1000000000000000056 ) ) ;
#2426 = COLOUR_RGB ( '',0.7960784313725489669, 0.8235294117647058432, 0.9372549019607843146 ) ;
#2427 = VERTEX_POINT ( 'NONE', #4045 ) ;
#2428 = EDGE_CURVE ( 'NONE', #1910, #3085, #5021, .T. ) ;
#2429 =( LENGTH_UNIT ( ) NAMED_UNIT ( * ) SI_UNIT ( .MILLI., .METRE. ) );
#2430 = SURFACE_STYLE_FILL_AREA ( #2372 ) ;
#2431 = EDGE_CURVE ( 'NONE', #1403, #4143, #4025, .T. ) ;
#2432 = CARTESIAN_POINT ( 'NONE',  ( -2.303846153846153655, 0.1923076923076923184, 0.1000000000000000056 ) ) ;
#2433 = DIRECTION ( 'NONE',  ( -0.000000000000000000, 0.000000000000000000, -1.000000000000000000 ) ) ;
#2434 = PLANE ( 'NONE',  #2982 ) ;
#2435 = LINE ( 'NONE', #2009, #4669 ) ;
#2436 = DIRECTION ( 'NONE',  ( 1.000000000000000000, -0.000000000000000000, -0.000000000000000000 ) ) ;
#2437 = DIRECTION ( 'NONE',  ( 0.000000000000000000, -1.000000000000000000, 0.000000000000000000 ) ) ;
#2438 = CARTESIAN_POINT ( 'NONE',  ( -0.8693624315064953922, 0.002949220173866397201, 1.355252715606880543E-17 ) ) ;
#2439 = CARTESIAN_POINT ( 'NONE',  ( 9.289999999999997371, 3.959999999999999964, -3.400000000000003020 ) ) ;
#2440 = EDGE_CURVE ( 'NONE', #2608, #5180, #375, .T. ) ;
#2441 =( GEOMETRIC_REPRESENTATION_CONTEXT ( 3 ) GLOBAL_UNCERTAINTY_ASSIGNED_CONTEXT ( ( #2706 ) ) GLOBAL_UNIT_ASSIGNED_CONTEXT ( ( #113, #4102, #1749 ) ) REPRESENTATION_CONTEXT ( 'NONE', 'WORKASPACE' ) );
#2442 = COLOUR_RGB ( '',0.7960784313725489669, 0.8235294117647058432, 0.9372549019607843146 ) ;
#2443 = EDGE_CURVE ( 'NONE', #1262, #2730, #2671, .T. ) ;
#2444 = PLANE ( 'NONE',  #1088 ) ;
#2445 = CARTESIAN_POINT ( 'NONE',  ( -9.115000000000005542, -4.035000000000000142, 1.123652370631719412E-15 ) ) ;
#2446 = CARTESIAN_POINT ( 'NONE',  ( -0.7539663461538461675, 0.04615384615384614947, 0.000000000000000000 ) ) ;
#2447 = LINE ( 'NONE', #3575, #4181 ) ;
#2448 = ADVANCED_FACE ( 'NONE', ( #3086 ), #3229, .F. ) ;
#2449 = DIRECTION ( 'NONE',  ( -0.000000000000000000, 1.000000000000000000, -0.000000000000000000 ) ) ;
#2450 = PRESENTATION_STYLE_ASSIGNMENT (( #156 ) ) ;
#2451 = CARTESIAN_POINT ( 'NONE',  ( -1.974668329018917756, 0.1411811192961053840, 0.000000000000000000 ) ) ;
#2452 = CARTESIAN_POINT ( 'NONE',  ( -1.895145925319476676, 0.08254333001389745073, 0.1000000000000000056 ) ) ;
#2453 = ORIENTED_EDGE ( 'NONE', *, *, #199, .T. ) ;
#2454 = CARTESIAN_POINT ( 'NONE',  ( -2.016760876257857493, 0.4905807149316575022, 0.000000000000000000 ) ) ;
#2455 = PLANE ( 'NONE',  #4077 ) ;
#2456 = CARTESIAN_POINT ( 'NONE',  ( 9.289999999999997371, -3.959999999999999964, 3.875777422434217368E-17 ) ) ;
#2457 = ORIENTED_EDGE ( 'NONE', *, *, #2010, .F. ) ;
#2458 = DIRECTION ( 'NONE',  ( 1.000000000000000000, -0.000000000000000000, -0.000000000000000000 ) ) ;
#2459 = VERTEX_POINT ( 'NONE', #1213 ) ;
#2460 = CARTESIAN_POINT ( 'NONE',  ( -0.5987705586500566834, 0.01760647347263260762, 0.000000000000000000 ) ) ;
#2461 = AXIS2_PLACEMENT_3D ( 'NONE', #2333, #4680, #1480 ) ;
#2462 = VECTOR ( 'NONE', #4145, 1000.000000000000000 ) ;
#2463 = CARTESIAN_POINT ( 'NONE',  ( -0.4822249539452948541, 0.4781570557652162212, 1.355252715606880543E-17 ) ) ;
#2464 = B_SPLINE_SURFACE_WITH_KNOTS ( 'NONE', 3, 1, ( 
 ( #227, #646 ),
 ( #4744, #4327 ),
 ( #5130, #1544 ),
 ( #4778, #388 ),
 ( #3203, #801 ),
 ( #3584, #3978 ),
 ( #763, #738 ),
 ( #3994, #4727 ),
 ( #1977, #4365 ),
 ( #1576, #5196 ),
 ( #5145, #2380 ),
 ( #2820, #4351 ),
 ( #3938, #4758 ),
 ( #2392, #4378 ),
 ( #2753, #3169 ),
 ( #3618, #1558 ),
 ( #5163, #726 ),
 ( #325, #1189 ),
 ( #3958, #1954 ) ),
 .UNSPECIFIED., .F., .F., .F.,
 ( 4, 1, 1, 1, 1, 1, 1, 1, 1, 1, 1, 1, 1, 1, 1, 1, 4 ),
 ( 2, 2 ),
 ( 0.000000000000000000, 0.07015117599727851982, 0.1378126061901916166, 0.2032262471813942040, 0.2671740552944739666, 0.3300240034081788343, 0.3917942717866855773, 0.4530843989971402586, 0.5143339076458773862, 0.5749999928182691900, 0.6348654826222128733, 0.6941163151896413419, 0.7534416217804381644, 0.8131258003036119231, 0.8740796856370746104, 0.9360070132744069404, 1.000000000000000000 ),
 ( 0.000000000000000000, 1.000000000000000000 ),
 .UNSPECIFIED. ) ;
#2465 = CARTESIAN_POINT ( 'NONE',  ( 8.489999999999998437, 3.959999999999999964, 3.875777422434217368E-17 ) ) ;
#2466 = EDGE_LOOP ( 'NONE', ( #256, #4274, #4986, #563 ) ) ;
#2467 = CARTESIAN_POINT ( 'NONE',  ( -9.115000000000005542, 4.035000000000000142, 1.123652370631719412E-15 ) ) ;
#2468 = DIRECTION ( 'NONE',  ( -1.000000000000000000, 0.000000000000000000, 0.000000000000000000 ) ) ;
#2469 = LINE ( 'NONE', #163, #739 ) ;
#2470 = CARTESIAN_POINT ( 'NONE',  ( -1.680649038461538458, 0.5384615384615384359, 0.1000000000000000056 ) ) ;
#2471 = VERTEX_POINT ( 'NONE', #1688 ) ;
#2472 = CARTESIAN_POINT ( 'NONE',  ( -9.115000000000005542, 4.035000000000000142, 1.123652370631719412E-15 ) ) ;
#2473 = DIRECTION ( 'NONE',  ( 0.000000000000000000, 1.000000000000000000, -1.224646799147355426E-16 ) ) ;
#2474 = ORIENTED_EDGE ( 'NONE', *, *, #5183, .T. ) ;
#2475 = VERTEX_POINT ( 'NONE', #4447 ) ;
#2476 = EDGE_CURVE ( 'NONE', #570, #4701, #2850, .T. ) ;
#2477 = EDGE_LOOP ( 'NONE', ( #1851, #1148, #5009, #3202 ) ) ;
#2478 = CARTESIAN_POINT ( 'NONE',  ( -1.739634633038202205, 0.5374953114882161653, 0.000000000000000000 ) ) ;
#2479 = LINE ( 'NONE', #2264, #1517 ) ;
#2480 = VERTEX_POINT ( 'NONE', #2858 ) ;
#2481 = ORIENTED_EDGE ( 'NONE', *, *, #2677, .T. ) ;
#2482 = EDGE_CURVE ( 'NONE', #4705, #2350, #3892, .T. ) ;
#2483 = ORIENTED_EDGE ( 'NONE', *, *, #2147, .F. ) ;
#2484 = ORIENTED_EDGE ( 'NONE', *, *, #2705, .T. ) ;
#2485 = UNCERTAINTY_MEASURE_WITH_UNIT (LENGTH_MEASURE( 1.000000000000000082E-05 ), #1135, 'distance_accuracy_value', 'NONE');
#2486 = ORIENTED_EDGE ( 'NONE', *, *, #600, .T. ) ;
#2487 = SURFACE_STYLE_USAGE ( .BOTH. , #469 ) ;
#2488 = ORIENTED_EDGE ( 'NONE', *, *, #395, .T. ) ;
#2489 = DIRECTION ( 'NONE',  ( -1.000000000000000000, 0.000000000000000000, 0.000000000000000000 ) ) ;
#2490 = ORIENTED_EDGE ( 'NONE', *, *, #2112, .T. ) ;
#2491 = DIRECTION ( 'NONE',  ( -0.000000000000000000, 0.000000000000000000, 1.000000000000000000 ) ) ;
#2492 = FACE_OUTER_BOUND ( 'NONE', #1304, .T. ) ;
#2493 = DIRECTION ( 'NONE',  ( 0.000000000000000000, -0.7071067811865352493, 0.7071067811865597852 ) ) ;
#2494 = SURFACE_STYLE_FILL_AREA ( #4981 ) ;
#2495 = AXIS2_PLACEMENT_3D ( 'NONE', #3050, #4633, #643 ) ;
#2496 = CARTESIAN_POINT ( 'NONE',  ( -0.8981752186046765285, 0.08486123120589013358, -1.355252715606880543E-17 ) ) ;
#2497 = PLANE ( 'NONE',  #1974 ) ;
#2498 = DIRECTION ( 'NONE',  ( 0.000000000000000000, 1.000000000000000000, -0.000000000000000000 ) ) ;
#2499 = LINE ( 'NONE', #1670, #5161 ) ;
#2500 = VECTOR ( 'NONE', #349, 1000.000000000000000 ) ;
#2501 = SURFACE_SIDE_STYLE ('',( #2549 ) ) ;
#2502 = CARTESIAN_POINT ( 'NONE',  ( -1.859992413369252029, 0.5230260030196981491, 0.000000000000000000 ) ) ;
#2503 = CARTESIAN_POINT ( 'NONE',  ( -1.192307692307692069, 0.2923076923076923239, 0.1000000000000000056 ) ) ;
#2504 = VECTOR ( 'NONE', #4872, 1000.000000000000114 ) ;
#2505 = CARTESIAN_POINT ( 'NONE',  ( 9.289999999999997371, -3.959999999999999964, 3.875777422434217368E-17 ) ) ;
#2506 = COLOUR_RGB ( '',0.7960784313725489669, 0.8235294117647058432, 0.9372549019607843146 ) ;
#2507 = CARTESIAN_POINT ( 'NONE',  ( -0.7741454782435522874, 0.6151383612958494229, 0.1000000000000000056 ) ) ;
#2508 = PLANE ( 'NONE',  #1944 ) ;
#2509 = AXIS2_PLACEMENT_3D ( 'NONE', #1319, #1267, #900 ) ;
#2510 = CARTESIAN_POINT ( 'NONE',  ( -0.9467886296011843728, 0.1225731529489805238, -1.355252715606880543E-17 ) ) ;
#2511 = EDGE_CURVE ( 'NONE', #2415, #890, #4152, .T. ) ;
#2512 = DIRECTION ( 'NONE',  ( 0.000000000000000000, -1.000000000000000000, 0.000000000000000000 ) ) ;
#2513 = VECTOR ( 'NONE', #2522, 1000.000000000000000 ) ;
#2514 = CARTESIAN_POINT ( 'NONE',  ( -0.8513914757058095306, -0.002729332317424833926, 0.000000000000000000 ) ) ;
#2515 = ORIENTED_EDGE ( 'NONE', *, *, #3395, .F. ) ;
#2516 = CARTESIAN_POINT ( 'NONE',  ( 1.669999999999997042, 0.000000000000000000, -3.399999999999999467 ) ) ;
#2517 =( NAMED_UNIT ( * ) PLANE_ANGLE_UNIT ( ) SI_UNIT ( $, .RADIAN. ) );
#2518 = AXIS2_PLACEMENT_3D ( 'NONE', #1588, #758, #4741 ) ;
#2519 = DIRECTION ( 'NONE',  ( -0.4190581774617470057, -0.9079593845004516606, 0.000000000000000000 ) ) ;
#2520 = CARTESIAN_POINT ( 'NONE',  ( -0.7422942766078075572, 0.6151080431537363502, 0.1000000000000000056 ) ) ;
#2521 =( NAMED_UNIT ( * ) PLANE_ANGLE_UNIT ( ) SI_UNIT ( $, .RADIAN. ) );
#2522 = DIRECTION ( 'NONE',  ( 0.000000000000000000, -1.000000000000000000, 0.000000000000000000 ) ) ;
#2523 = DIRECTION ( 'NONE',  ( -0.5773502691896323924, -0.5773502691896323924, 0.5773502691896122974 ) ) ;
#2524 = CARTESIAN_POINT ( 'NONE',  ( 9.289999999999997371, 3.660000000000000142, 3.875777422434217368E-17 ) ) ;
#2525 = DIRECTION ( 'NONE',  ( 1.000000000000000000, 0.000000000000000000, 0.000000000000000000 ) ) ;
#2526 = PLANE ( 'NONE',  #2754 ) ;
#2527 = LINE ( 'NONE', #2214, #2136 ) ;
#2528 = CARTESIAN_POINT ( 'NONE',  ( -2.067628520235639922, 0.2077983655702145827, 0.1000000000000000056 ) ) ;
#2529 = CARTESIAN_POINT ( 'NONE',  ( -1.705769230769230704, 0.5999999999999999778, 0.000000000000000000 ) ) ;
#2530 = CARTESIAN_POINT ( 'NONE',  ( -1.710903272255180019, 0.5383707341994808937, 0.000000000000000000 ) ) ;
#2531 = CARTESIAN_POINT ( 'NONE',  ( -2.446153846153846345, 0.5999999999999999778, 0.000000000000000000 ) ) ;
#2532 = COLOUR_RGB ( '',0.7960784313725489669, 0.8235294117647058432, 0.9372549019607843146 ) ;
#2533 = ORIENTED_EDGE ( 'NONE', *, *, #5092, .F. ) ;
#2534 = PLANE ( 'NONE',  #1722 ) ;
#2535 = AXIS2_PLACEMENT_3D ( 'NONE', #2993, #4546, #2615 ) ;
#2536 = CARTESIAN_POINT ( 'NONE',  ( 0.8699999999999968869, 0.000000000000000000, 0.000000000000000000 ) ) ;
#2537 = SURFACE_STYLE_USAGE ( .BOTH. , #1723 ) ;
#2538 = VERTEX_POINT ( 'NONE', #4871 ) ;
#2539 = EDGE_CURVE ( 'NONE', #1256, #59, #1718, .T. ) ;
#2540 = DIRECTION ( 'NONE',  ( -1.000000000000000000, 0.000000000000000000, 0.000000000000000000 ) ) ;
#2541 = CARTESIAN_POINT ( 'NONE',  ( -0.6150687020934397786, 0.5200207373317451420, 0.1000000000000000056 ) ) ;
#2542 = ORIENTED_EDGE ( 'NONE', *, *, #3259, .F. ) ;
#2543 = CARTESIAN_POINT ( 'NONE',  ( 9.289999999999997371, 0.000000000000000000, -3.400000000000003020 ) ) ;
#2544 = DIRECTION ( 'NONE',  ( -0.000000000000000000, -2.478176394252582127E-16, 1.000000000000000000 ) ) ;
#2545 = VERTEX_POINT ( 'NONE', #802 ) ;
#2546 = ORIENTED_EDGE ( 'NONE', *, *, #1042, .T. ) ;
#2547 = CARTESIAN_POINT ( 'NONE',  ( 8.589999999999996305, 3.759999999999999343, -3.499999999999998668 ) ) ;
#2548 = EDGE_LOOP ( 'NONE', ( #836, #2670, #2663, #5096 ) ) ;
#2549 = SURFACE_STYLE_FILL_AREA ( #1228 ) ;
#2550 = VERTEX_POINT ( 'NONE', #4069 ) ;
#2551 = CARTESIAN_POINT ( 'NONE',  ( -1.969492598579914544, 0.05100258119593960304, 0.1000000000000000056 ) ) ;
#2552 = LINE ( 'NONE', #3510, #1646 ) ;
#2553 = UNCERTAINTY_MEASURE_WITH_UNIT (LENGTH_MEASURE( 1.000000000000000082E-05 ), #2923, 'distance_accuracy_value', 'NONE');
#2554 = ORIENTED_EDGE ( 'NONE', *, *, #574, .T. ) ;
#2555 = CARTESIAN_POINT ( 'NONE',  ( -1.680649038461538680, 0.5384615384615385469, 0.000000000000000000 ) ) ;
#2556 = ORIENTED_EDGE ( 'NONE', *, *, #3634, .T. ) ;
#2557 = SURFACE_STYLE_FILL_AREA ( #5071 ) ;
#2558 = CARTESIAN_POINT ( 'NONE',  ( -9.115000000000005542, 4.035000000000000142, -3.499999999999998668 ) ) ;
#2559 = AXIS2_PLACEMENT_3D ( 'NONE', #1182, #752, #4674 ) ;
#2560 = DIRECTION ( 'NONE',  ( 0.000000000000000000, 0.000000000000000000, -1.000000000000000000 ) ) ;
#2561 = CARTESIAN_POINT ( 'NONE',  ( -1.736262216909717271, 0.06166279466304934453, 0.000000000000000000 ) ) ;
#2562 = CARTESIAN_POINT ( 'NONE',  ( -1.916822291569493908, 0.5704895789482765656, 0.1000000000000000056 ) ) ;
#2563 = CARTESIAN_POINT ( 'NONE',  ( -0.4846153846153846145, 0.2993990384615384248, 0.000000000000000000 ) ) ;
#2564 = VECTOR ( 'NONE', #2766, 1000.000000000000000 ) ;
#2565 = EDGE_CURVE ( 'NONE', #1784, #5094, #4093, .T. ) ;
#2566 = CARTESIAN_POINT ( 'NONE',  ( -0.9682692307692306599, 0.1461538461538461620, 0.1000000000000000056 ) ) ;
#2567 = PRESENTATION_LAYER_ASSIGNMENT (  '', '', ( #4781 ) ) ;
#2568 = LINE ( 'NONE', #97, #1481 ) ;
#2569 = CARTESIAN_POINT ( 'NONE',  ( -1.821677739026949405, 0.001854826686648182281, 0.1000000000000000056 ) ) ;
#2570 = PLANE ( 'NONE',  #1041 ) ;
#2571 = SURFACE_SIDE_STYLE ('',( #4547 ) ) ;
#2572 = LINE ( 'NONE', #2465, #2513 ) ;
#2573 = CARTESIAN_POINT ( 'NONE',  ( -1.984726781817355734, 0.1547253755640231043, 0.1000000000000000056 ) ) ;
#2574 = CARTESIAN_POINT ( 'NONE',  ( -1.707331730769230616, 0.06153846153846153494, 0.1000000000000000056 ) ) ;
#2575 = CARTESIAN_POINT ( 'NONE',  ( -0.7826194960846151183, 0.5530276496999556590, 0.000000000000000000 ) ) ;
#2576 = FACE_OUTER_BOUND ( 'NONE', #3019, .T. ) ;
#2577 = CARTESIAN_POINT ( 'NONE',  ( -0.6467536457525259186, 0.5349458401574903599, 0.1000000000000000056 ) ) ;
#2578 = PLANE ( 'NONE',  #5129 ) ;
#2579 = CARTESIAN_POINT ( 'NONE',  ( -0.4866197264936806266, 0.3342376695073426829, 0.000000000000000000 ) ) ;
#2580 = AXIS2_PLACEMENT_3D ( 'NONE', #190, #4999, #612 ) ;
#2581 = ORIENTED_EDGE ( 'NONE', *, *, #871, .F. ) ;
#2582 = EDGE_CURVE ( 'NONE', #3474, #494, #4300, .T. ) ;
#2583 = CARTESIAN_POINT ( 'NONE',  ( -2.065211790533655556, 0.3895553712263126189, 0.1000000000000000056 ) ) ;
#2584 = CARTESIAN_POINT ( 'NONE',  ( -0.3615384615384615308, 0.06153846153846153494, 0.1000000000000000056 ) ) ;
#2585 = EDGE_CURVE ( 'NONE', #702, #2734, #2338, .T. ) ;
#2586 = VERTEX_POINT ( 'NONE', #6 ) ;
#2587 = CARTESIAN_POINT ( 'NONE',  ( -0.5276282149677710143, 0.4423945416132961661, 0.1000000000000000056 ) ) ;
#2588 = FACE_OUTER_BOUND ( 'NONE', #1392, .T. ) ;
#2589 = MECHANICAL_DESIGN_GEOMETRIC_PRESENTATION_REPRESENTATION (  '', ( #5077 ), #2853 ) ;
#2590 = CARTESIAN_POINT ( 'NONE',  ( 9.289999999999997371, -3.959999999999999964, 3.875777422434217368E-17 ) ) ;
#2591 = CARTESIAN_POINT ( 'NONE',  ( -2.016760876257857493, 0.4905807149316575022, 0.000000000000000000 ) ) ;
#2592 = CARTESIAN_POINT ( 'NONE',  ( -1.707331730769230616, 0.06153846153846153494, 0.000000000000000000 ) ) ;
#2593 = DIRECTION ( 'NONE',  ( 0.000000000000000000, -0.000000000000000000, 1.000000000000000000 ) ) ;
#2594 = CARTESIAN_POINT ( 'NONE',  ( 9.289999999999997371, 3.959999999999999964, -3.400000000000003020 ) ) ;
#2595 = LINE ( 'NONE', #4288, #1700 ) ;
#2596 = CARTESIAN_POINT ( 'NONE',  ( -2.058458665974264967, 0.4116413965962028021, 0.1000000000000000056 ) ) ;
#2597 = CARTESIAN_POINT ( 'NONE',  ( -1.896153846153846079, 0.5783653846153846700, 0.000000000000000000 ) ) ;
#2598 = ORIENTED_EDGE ( 'NONE', *, *, #2409, .T. ) ;
#2599 = PLANE ( 'NONE',  #4885 ) ;
#2600 = ORIENTED_EDGE ( 'NONE', *, *, #5025, .T. ) ;
#2601 = EDGE_LOOP ( 'NONE', ( #3099, #862, #3796, #4079 ) ) ;
#2602 =( GEOMETRIC_REPRESENTATION_CONTEXT ( 3 ) GLOBAL_UNCERTAINTY_ASSIGNED_CONTEXT ( ( #4383 ) ) GLOBAL_UNIT_ASSIGNED_CONTEXT ( ( #4105, #1716, #4479 ) ) REPRESENTATION_CONTEXT ( 'NONE', 'WORKASPACE' ) );
#2603 = ORIENTED_EDGE ( 'NONE', *, *, #5088, .F. ) ;
#2604 = DIRECTION ( 'NONE',  ( 0.000000000000000000, 0.000000000000000000, -1.000000000000000000 ) ) ;
#2605 = EDGE_LOOP ( 'NONE', ( #53, #4088, #576, #2755 ) ) ;
#2606 = CARTESIAN_POINT ( 'NONE',  ( 9.999999999999996447, -4.800000000000000711, 10.50000000000000000 ) ) ;
#2607 = DIRECTION ( 'NONE',  ( 1.000000000000000000, 0.000000000000000000, 0.000000000000000000 ) ) ;
#2608 = VERTEX_POINT ( 'NONE', #3775 ) ;
#2609 = VECTOR ( 'NONE', #2983, 1000.000000000000000 ) ;
#2610 = EDGE_LOOP ( 'NONE', ( #4311, #371, #3654, #2371 ) ) ;
#2611 = SURFACE_SIDE_STYLE ('',( #155 ) ) ;
#2612 = AXIS2_PLACEMENT_3D ( 'NONE', #4017, #429, #2433 ) ;
#2613 = EDGE_LOOP ( 'NONE', ( #1654, #5011, #3723, #1634 ) ) ;
#2614 =( GEOMETRIC_REPRESENTATION_CONTEXT ( 3 ) GLOBAL_UNCERTAINTY_ASSIGNED_CONTEXT ( ( #4766 ) ) GLOBAL_UNIT_ASSIGNED_CONTEXT ( ( #4811, #455, #9 ) ) REPRESENTATION_CONTEXT ( 'NONE', 'WORKASPACE' ) );
#2615 = DIRECTION ( 'NONE',  ( 0.000000000000000000, 1.301042606982602008E-14, -1.000000000000000000 ) ) ;
#2616 = EDGE_CURVE ( 'NONE', #4148, #959, #4774, .T. ) ;
#2617 = DIRECTION ( 'NONE',  ( 0.000000000000000000, -0.000000000000000000, 1.000000000000000000 ) ) ;
#2618 = ORIENTED_EDGE ( 'NONE', *, *, #4436, .F. ) ;
#2619 = PLANE ( 'NONE',  #449 ) ;
#2620 = SURFACE_STYLE_USAGE ( .BOTH. , #2199 ) ;
#2621 = CARTESIAN_POINT ( 'NONE',  ( -1.736665245658764345, 0.5997775520700107110, 0.000000000000000000 ) ) ;
#2622 = UNCERTAINTY_MEASURE_WITH_UNIT (LENGTH_MEASURE( 1.000000000000000082E-05 ), #2648, 'distance_accuracy_value', 'NONE');
#2623 = EDGE_LOOP ( 'NONE', ( #1815, #2292, #132, #4591 ) ) ;
#2624 = COLOUR_RGB ( '',0.7960784313725489669, 0.8235294117647058432, 0.9372549019607843146 ) ;
#2625 = DIRECTION ( 'NONE',  ( 0.000000000000000000, 0.000000000000000000, -1.000000000000000000 ) ) ;
#2626 = DIRECTION ( 'NONE',  ( -0.000000000000000000, -0.000000000000000000, -1.000000000000000000 ) ) ;
#2627 = COLOUR_RGB ( '',0.7960784313725489669, 0.8235294117647058432, 0.9372549019607843146 ) ;
#2628 = PRESENTATION_STYLE_ASSIGNMENT (( #4765 ) ) ;
#2629 =( GEOMETRIC_REPRESENTATION_CONTEXT ( 3 ) GLOBAL_UNCERTAINTY_ASSIGNED_CONTEXT ( ( #3692 ) ) GLOBAL_UNIT_ASSIGNED_CONTEXT ( ( #2942, #4080, #4888 ) ) REPRESENTATION_CONTEXT ( 'NONE', 'WORKASPACE' ) );
#2630 =( NAMED_UNIT ( * ) SI_UNIT ( $, .STERADIAN. ) SOLID_ANGLE_UNIT ( ) );
#2631 = CARTESIAN_POINT ( 'NONE',  ( -2.070534040397682851, 0.3665502778871564393, 0.1000000000000000056 ) ) ;
#2632 = CARTESIAN_POINT ( 'NONE',  ( 8.589999999999996305, 3.959999999999999964, -3.499999999999998668 ) ) ;
#2633 = CARTESIAN_POINT ( 'NONE',  ( -0.5181869158139654763, 0.07669968166317220337, -1.355252715606880543E-17 ) ) ;
#2634 = SURFACE_SIDE_STYLE ('',( #1860 ) ) ;
#2635 = CYLINDRICAL_SURFACE ( 'NONE', #5104, 0.2000000000000005107 ) ;
#2636 = FACE_OUTER_BOUND ( 'NONE', #831, .T. ) ;
#2637 = DIRECTION ( 'NONE',  ( 0.000000000000000000, 0.000000000000000000, -1.000000000000000000 ) ) ;
#2638 = AXIS2_PLACEMENT_3D ( 'NONE', #2543, #145, #490 ) ;
#2639 = ADVANCED_FACE ( 'NONE', ( #2965 ), #506, .T. ) ;
#2640 = DIRECTION ( 'NONE',  ( 1.000000000000000000, 0.000000000000000000, -0.000000000000000000 ) ) ;
#2641 = CARTESIAN_POINT ( 'NONE',  ( -0.5724066060887854634, 0.4911676128063830471, 0.1000000000000000056 ) ) ;
#2642 = ORIENTED_EDGE ( 'NONE', *, *, #3223, .T. ) ;
#2643 =( GEOMETRIC_REPRESENTATION_CONTEXT ( 3 ) GLOBAL_UNCERTAINTY_ASSIGNED_CONTEXT ( ( #1927 ) ) GLOBAL_UNIT_ASSIGNED_CONTEXT ( ( #2683, #1936, #240 ) ) REPRESENTATION_CONTEXT ( 'NONE', 'WORKASPACE' ) );
#2644 = EDGE_CURVE ( 'NONE', #4877, #2283, #2293, .T. ) ;
#2645 = CARTESIAN_POINT ( 'NONE',  ( -0.8876359077297247824, 0.5902263665661413583, -1.355252715606880543E-17 ) ) ;
#2646 = CARTESIAN_POINT ( 'NONE',  ( -0.6014803986870020935, 0.08654628498638196332, 0.1000000000000000056 ) ) ;
#2647 = CARTESIAN_POINT ( 'NONE',  ( -0.5303793403109833271, 0.06484745124865408383, 0.1000000000000000056 ) ) ;
#2648 =( LENGTH_UNIT ( ) NAMED_UNIT ( * ) SI_UNIT ( .MILLI., .METRE. ) );
#2649 = ORIENTED_EDGE ( 'NONE', *, *, #3640, .T. ) ;
#2650 = DIRECTION ( 'NONE',  ( -1.000000000000000000, 0.000000000000000000, 0.000000000000000000 ) ) ;
#2651 = LINE ( 'NONE', #3860, #4322 ) ;
#2652 = DIRECTION ( 'NONE',  ( -0.000000000000000000, -1.000000000000000000, -0.000000000000000000 ) ) ;
#2653 = CARTESIAN_POINT ( 'NONE',  ( -1.004380865171741855, 0.5044212594978787489, -1.355252715606880543E-17 ) ) ;
#2654 = LINE ( 'NONE', #670, #232 ) ;
#2655 = CARTESIAN_POINT ( 'NONE',  ( -0.5140029193874945390, 0.1777056002679515967, 1.355252715606880543E-17 ) ) ;
#2656 = VERTEX_POINT ( 'NONE', #2968 ) ;
#2657 = EDGE_CURVE ( 'NONE', #304, #2280, #4653, .T. ) ;
#2658 = CARTESIAN_POINT ( 'NONE',  ( -0.5276282149677710143, 0.4423945416132961661, 0.1000000000000000056 ) ) ;
#2659 = AXIS2_PLACEMENT_3D ( 'NONE', #1861, #3119, #5059 ) ;
#2660 = ORIENTED_EDGE ( 'NONE', *, *, #2063, .T. ) ;
#2661 = CARTESIAN_POINT ( 'NONE',  ( -0.5840510481298417655, 0.02545645499853768645, 0.1000000000000000056 ) ) ;
#2662 = FILL_AREA_STYLE_COLOUR ( '', #2301 ) ;
#2663 = ORIENTED_EDGE ( 'NONE', *, *, #1390, .F. ) ;
#2664 = ORIENTED_EDGE ( 'NONE', *, *, #1509, .F. ) ;
#2665 = DIRECTION ( 'NONE',  ( -0.000000000000000000, -0.000000000000000000, -1.000000000000000000 ) ) ;
#2666 = FACE_OUTER_BOUND ( 'NONE', #2032, .T. ) ;
#2667 = ORIENTED_EDGE ( 'NONE', *, *, #4817, .T. ) ;
#2668 = CARTESIAN_POINT ( 'NONE',  ( -0.1307692307692307765, 0.5999999999999999778, 0.1000000000000000056 ) ) ;
#2669 =( GEOMETRIC_REPRESENTATION_CONTEXT ( 3 ) GLOBAL_UNCERTAINTY_ASSIGNED_CONTEXT ( ( #4001 ) ) GLOBAL_UNIT_ASSIGNED_CONTEXT ( ( #4853, #3701, #1698 ) ) REPRESENTATION_CONTEXT ( 'NONE', 'WORKASPACE' ) );
#2670 = ORIENTED_EDGE ( 'NONE', *, *, #4234, .F. ) ;
#2671 = LINE ( 'NONE', #2375, #197 ) ;
#2672 = DIRECTION ( 'NONE',  ( -1.000000000000000000, 0.000000000000000000, 0.000000000000000000 ) ) ;
#2673 = LINE ( 'NONE', #4732, #4031 ) ;
#2674 = ORIENTED_EDGE ( 'NONE', *, *, #788, .F. ) ;
#2675 = CARTESIAN_POINT ( 'NONE',  ( -0.8331179287675415379, 0.6072636496121586180, 0.1000000000000000056 ) ) ;
#2676 = PRESENTATION_LAYER_ASSIGNMENT (  '', '', ( #1138 ) ) ;
#2677 = EDGE_CURVE ( 'NONE', #4890, #4958, #3598, .T. ) ;
#2678 =( NAMED_UNIT ( * ) PLANE_ANGLE_UNIT ( ) SI_UNIT ( $, .RADIAN. ) );
#2679 = CARTESIAN_POINT ( 'NONE',  ( -0.7162735330026537284, -0.01381223518987952786, 0.1000000000000000056 ) ) ;
#2680 = CARTESIAN_POINT ( 'NONE',  ( 0.8699999999999968869, -3.660000000000000142, 3.875777422434217368E-17 ) ) ;
#2681 = CARTESIAN_POINT ( 'NONE',  ( -8.271187761960542062, -3.805571426637654575, 10.50000000000000000 ) ) ;
#2682 = VECTOR ( 'NONE', #5068, 1000.000000000000000 ) ;
#2683 =( LENGTH_UNIT ( ) NAMED_UNIT ( * ) SI_UNIT ( .MILLI., .METRE. ) );
#2684 = VECTOR ( 'NONE', #3156, 1000.000000000000000 ) ;
#2685 = DIRECTION ( 'NONE',  ( 0.5773502691896323924, -0.5773502691896323924, 0.5773502691896122974 ) ) ;
#2686 = ADVANCED_FACE ( 'NONE', ( #4277, #640, #4523, #3148, #3275, #951, #1144, #3904, #1276, #65, #2099 ), #4101, .F. ) ;
#2687 = CARTESIAN_POINT ( 'NONE',  ( 1.569999999999997620, -3.959999999999999964, -3.499999999999998668 ) ) ;
#2688 = VECTOR ( 'NONE', #3286, 1000.000000000000000 ) ;
#2689 = CARTESIAN_POINT ( 'NONE',  ( -1.192307692307692069, 0.3538461538461538103, 0.1000000000000000056 ) ) ;
#2690 = AXIS2_PLACEMENT_3D ( 'NONE', #473, #2109, #416 ) ;
#2691 = VECTOR ( 'NONE', #4486, 1000.000000000000000 ) ;
#2692 = CARTESIAN_POINT ( 'NONE',  ( -1.015384615384615552, 0.4899038461538461897, -1.355252715606880543E-17 ) ) ;
#2693 = CARTESIAN_POINT ( 'NONE',  ( -0.5608254739584609405, 0.1183058804394242491, 0.1000000000000000056 ) ) ;
#2694 = VECTOR ( 'NONE', #866, 1000.000000000000000 ) ;
#2695 = CARTESIAN_POINT ( 'NONE',  ( -1.867264443638022575, 0.007889745843672675216, 0.1000000000000000056 ) ) ;
#2696 = FACE_OUTER_BOUND ( 'NONE', #5024, .T. ) ;
#2697 = EDGE_CURVE ( 'NONE', #1967, #2901, #1972, .T. ) ;
#2698 = DIRECTION ( 'NONE',  ( 0.000000000000000000, -1.000000000000000000, -0.000000000000000000 ) ) ;
#2699 = DIRECTION ( 'NONE',  ( 0.000000000000000000, -0.000000000000000000, -1.000000000000000000 ) ) ;
#2700 = CARTESIAN_POINT ( 'NONE',  ( -9.800000000000002487, -5.000000000000000000, 0.000000000000000000 ) ) ;
#2701 = EDGE_CURVE ( 'NONE', #3912, #4014, #896, .T. ) ;
#2702 = FACE_OUTER_BOUND ( 'NONE', #50, .T. ) ;
#2703 = CARTESIAN_POINT ( 'NONE',  ( -0.6014803986870020935, 0.08654628498638196332, 0.000000000000000000 ) ) ;
#2704 = EDGE_CURVE ( 'NONE', #2459, #2357, #2792, .T. ) ;
#2705 = EDGE_CURVE ( 'NONE', #727, #687, #4767, .T. ) ;
#2706 = UNCERTAINTY_MEASURE_WITH_UNIT (LENGTH_MEASURE( 1.000000000000000082E-05 ), #113, 'distance_accuracy_value', 'NONE');
#2707 = CARTESIAN_POINT ( 'NONE',  ( 8.489999999999998437, 3.959999999999999964, 3.875777422434217368E-17 ) ) ;
#2708 = ADVANCED_FACE ( 'NONE', ( #1641 ), #1822, .T. ) ;
#2709 = CARTESIAN_POINT ( 'NONE',  ( -1.011592939404994951, 0.1055644247252341822, 0.1000000000000000056 ) ) ;
#2710 = CARTESIAN_POINT ( 'NONE',  ( -0.7943316472285284480, 0.6135430226476268345, 0.000000000000000000 ) ) ;
#2711 = CARTESIAN_POINT ( 'NONE',  ( -1.906810466764246925, 0.01790417632945757315, 1.355252715606880543E-17 ) ) ;
#2712 = CARTESIAN_POINT ( 'NONE',  ( -0.9362953712375989834, 0.4874509009522207115, 0.1000000000000000056 ) ) ;
#2713 = LINE ( 'NONE', #4341, #4574 ) ;
#2714 = DIRECTION ( 'NONE',  ( 0.000000000000000000, -0.000000000000000000, -1.000000000000000000 ) ) ;
#2715 = FACE_OUTER_BOUND ( 'NONE', #3028, .T. ) ;
#2716 = VERTEX_POINT ( 'NONE', #3704 ) ;
#2717 = CARTESIAN_POINT ( 'NONE',  ( -0.3615384615384615308, 0.06153846153846153494, 0.000000000000000000 ) ) ;
#2718 = ORIENTED_EDGE ( 'NONE', *, *, #979, .F. ) ;
#2719 = ORIENTED_EDGE ( 'NONE', *, *, #418, .T. ) ;
#2720 = DIRECTION ( 'NONE',  ( 0.000000000000000000, -1.000000000000000000, 0.000000000000000000 ) ) ;
#2721 = EDGE_LOOP ( 'NONE', ( #4762, #2085 ) ) ;
#2722 = CARTESIAN_POINT ( 'NONE',  ( -0.9788731240368505615, 0.06909883303997702009, 0.1000000000000000056 ) ) ;
#2723 = CARTESIAN_POINT ( 'NONE',  ( 9.799999999999995381, -4.799999999999998046, 0.000000000000000000 ) ) ;
#2724 = EDGE_LOOP ( 'NONE', ( #812, #242, #2043 ) ) ;
#2725 = CARTESIAN_POINT ( 'NONE',  ( -1.887776550538735831, 0.01244475655156214271, 1.355252715606880543E-17 ) ) ;
#2726 = CARTESIAN_POINT ( 'NONE',  ( 9.289999999999997371, -3.660000000000000142, -3.400000000000003020 ) ) ;
#2727 = AXIS2_PLACEMENT_3D ( 'NONE', #251, #5117, #2322 ) ;
#2728 = PLANE ( 'NONE',  #252 ) ;
#2729 = CARTESIAN_POINT ( 'NONE',  ( -0.8864547281675227985, 0.5217704700234978565, 0.1000000000000000056 ) ) ;
#2730 = VERTEX_POINT ( 'NONE', #4229 ) ;
#2731 = VERTEX_POINT ( 'NONE', #645 ) ;
#2732 = VECTOR ( 'NONE', #2720, 1000.000000000000000 ) ;
#2733 = ORIENTED_EDGE ( 'NONE', *, *, #83, .T. ) ;
#2734 = VERTEX_POINT ( 'NONE', #4246 ) ;
#2735 = ADVANCED_FACE ( 'NONE', ( #3141 ), #2226, .T. ) ;
#2736 = LINE ( 'NONE', #2979, #3546 ) ;
#2737 = CARTESIAN_POINT ( 'NONE',  ( -0.6474508417676931860, 0.06383357144649136339, 0.000000000000000000 ) ) ;
#2738 = MECHANICAL_DESIGN_GEOMETRIC_PRESENTATION_REPRESENTATION (  '', ( #3180 ), #1101 ) ;
#2739 = ORIENTED_EDGE ( 'NONE', *, *, #2704, .F. ) ;
#2740 = VECTOR ( 'NONE', #1731, 1000.000000000000000 ) ;
#2741 = CARTESIAN_POINT ( 'NONE',  ( -0.9649082213367387029, 0.4578517486743477471, 0.1000000000000000056 ) ) ;
#2742 = FACE_OUTER_BOUND ( 'NONE', #2601, .T. ) ;
#2743 = SURFACE_STYLE_FILL_AREA ( #2794 ) ;
#2744 = EDGE_CURVE ( 'NONE', #4014, #4148, #2479, .T. ) ;
#2745 = CARTESIAN_POINT ( 'NONE',  ( -1.845238704596825041, 0.004276493961685006069, 0.1000000000000000056 ) ) ;
#2746 = CARTESIAN_POINT ( 'NONE',  ( 9.999999999999996447, -4.799999999999998046, 10.50000000000000000 ) ) ;
#2747 = EDGE_CURVE ( 'NONE', #5019, #689, #2281, .T. ) ;
#2748 = FACE_OUTER_BOUND ( 'NONE', #3135, .T. ) ;
#2749 = CARTESIAN_POINT ( 'NONE',  ( -0.8513914757058095306, -0.002729332317424833926, 0.1000000000000000056 ) ) ;
#2750 = CARTESIAN_POINT ( 'NONE',  ( -0.6723124612965978297, 0.05590384670553963375, 0.000000000000000000 ) ) ;
#2751 = LINE ( 'NONE', #2162, #712 ) ;
#2752 = VECTOR ( 'NONE', #1388, 1000.000000000000000 ) ;
#2753 = CARTESIAN_POINT ( 'NONE',  ( -1.916348214471061739, 0.4996560111588059794, 0.1000000000000000056 ) ) ;
#2754 = AXIS2_PLACEMENT_3D ( 'NONE', #74, #2113, #476 ) ;
#2755 = ORIENTED_EDGE ( 'NONE', *, *, #1604, .F. ) ;
#2756 = ADVANCED_FACE ( 'NONE', ( #2358 ), #609, .T. ) ;
#2757 = CARTESIAN_POINT ( 'NONE',  ( -0.07692307692307691347, 0.000000000000000000, 0.000000000000000000 ) ) ;
#2758 = ORIENTED_EDGE ( 'NONE', *, *, #1989, .T. ) ;
#2759 = CARTESIAN_POINT ( 'NONE',  ( -1.015384615384615330, 0.4899038461538460787, 0.000000000000000000 ) ) ;
#2760 = CARTESIAN_POINT ( 'NONE',  ( 9.799999999999995381, -4.800000000000000711, 10.30000000000000071 ) ) ;
#2761 = CARTESIAN_POINT ( 'NONE',  ( 9.799999999999991829, 4.800000000000000711, 10.30000000000000071 ) ) ;
#2762 = SURFACE_STYLE_USAGE ( .BOTH. , #278 ) ;
#2763 = DIRECTION ( 'NONE',  ( 1.000000000000000000, 0.000000000000000000, -0.000000000000000000 ) ) ;
#2764 = CARTESIAN_POINT ( 'NONE',  ( -0.6984407131389754886, 0.05032142553355253151, 0.1000000000000000056 ) ) ;
#2765 = UNCERTAINTY_MEASURE_WITH_UNIT (LENGTH_MEASURE( 1.000000000000000082E-05 ), #3825, 'distance_accuracy_value', 'NONE');
#2766 = DIRECTION ( 'NONE',  ( 1.000000000000000000, 0.000000000000000000, 0.000000000000000000 ) ) ;
#2767 = EDGE_CURVE ( 'NONE', #344, #2730, #1843, .T. ) ;
#2768 = CARTESIAN_POINT ( 'NONE',  ( -0.9123505299742371566, 0.5060780973002776406, 0.000000000000000000 ) ) ;
#2769 = FACE_OUTER_BOUND ( 'NONE', #746, .T. ) ;
#2770 = DIRECTION ( 'NONE',  ( -1.000000000000000000, 0.000000000000000000, 0.000000000000000000 ) ) ;
#2771 =( NAMED_UNIT ( * ) SI_UNIT ( $, .STERADIAN. ) SOLID_ANGLE_UNIT ( ) );
#2772 = CARTESIAN_POINT ( 'NONE',  ( -9.115000000000005542, -4.035000000000000142, 1.123652370631719412E-15 ) ) ;
#2773 = FACE_OUTER_BOUND ( 'NONE', #575, .T. ) ;
#2774 = ORIENTED_EDGE ( 'NONE', *, *, #25, .F. ) ;
#2775 = CARTESIAN_POINT ( 'NONE',  ( 8.589999999999996305, 3.959999999999999964, -3.499999999999998668 ) ) ;
#2776 = ORIENTED_EDGE ( 'NONE', *, *, #1596, .F. ) ;
#2777 = ADVANCED_FACE ( 'NONE', ( #1133 ), #500, .T. ) ;
#2778 = CARTESIAN_POINT ( 'NONE',  ( -0.9652178594642416565, 0.05707695511526560822, 0.1000000000000000056 ) ) ;
#2779 = DIRECTION ( 'NONE',  ( -0.5773502691896323924, -0.5773502691896323924, -0.5773502691896122974 ) ) ;
#2780 = ORIENTED_EDGE ( 'NONE', *, *, #685, .T. ) ;
#2782 = PLANE ( 'NONE',  #2986 ) ;
#2781 = MECHANICAL_DESIGN_GEOMETRIC_PRESENTATION_REPRESENTATION (  '', ( #881 ), #4834 ) ;
#2783 = ORIENTED_EDGE ( 'NONE', *, *, #3757, .T. ) ;
#2784 = LINE ( 'NONE', #3484, #365 ) ;
#2785 = DIRECTION ( 'NONE',  ( 0.000000000000000000, 1.000000000000000000, 0.000000000000000000 ) ) ;
#2786 = EDGE_LOOP ( 'NONE', ( #302, #3960, #3015, #2974 ) ) ;
#2787 = ORIENTED_EDGE ( 'NONE', *, *, #1797, .F. ) ;
#2788 = EDGE_LOOP ( 'NONE', ( #1254, #2127, #3533, #2719 ) ) ;
#2789 = ORIENTED_EDGE ( 'NONE', *, *, #693, .T. ) ;
#2790 = EDGE_LOOP ( 'NONE', ( #2230, #2934, #3843, #1130 ) ) ;
#2791 = PLANE ( 'NONE',  #1863 ) ;
#2792 = LINE ( 'NONE', #2896, #58 ) ;
#2793 = CARTESIAN_POINT ( 'NONE',  ( -1.705769230769230704, 0.5999999999999999778, 0.1000000000000000056 ) ) ;
#2794 = FILL_AREA_STYLE ('',( #1949 ) ) ;
#2795 = VERTEX_POINT ( 'NONE', #3826 ) ;
#2796 = PLANE ( 'NONE',  #2612 ) ;
#2797 = CARTESIAN_POINT ( 'NONE',  ( -1.878846153846153610, 0.07680288461538460620, -1.355252715606880543E-17 ) ) ;
#2798 = DIRECTION ( 'NONE',  ( 0.000000000000000000, 0.000000000000000000, -1.000000000000000000 ) ) ;
#2799 = CARTESIAN_POINT ( 'NONE',  ( -1.766083608121416404, 0.5361973718412391676, 0.000000000000000000 ) ) ;
#2800 = CARTESIAN_POINT ( 'NONE',  ( -0.8329352171208824762, -0.007401092898661713361, 0.1000000000000000056 ) ) ;
#2801 = VECTOR ( 'NONE', #1437, 1000.000000000000000 ) ;
#2802 = CARTESIAN_POINT ( 'NONE',  ( -0.4848316964480539615, 0.2905308121890727291, 0.1000000000000000056 ) ) ;
#2803 = CIRCLE ( 'NONE', #4544, 0.2000000000000005107 ) ;
#2804 = EDGE_CURVE ( 'NONE', #2545, #1573, #4517, .T. ) ;
#2805 = EDGE_CURVE ( 'NONE', #134, #4881, #1457, .T. ) ;
#2806 = CARTESIAN_POINT ( 'NONE',  ( -0.4309879727339731015, 0.2932174950738097863, 0.1000000000000000056 ) ) ;
#2807 = SURFACE_SIDE_STYLE ('',( #4414 ) ) ;
#2808 = LINE ( 'NONE', #4230, #1594 ) ;
#2809 = ADVANCED_FACE ( 'NONE', ( #2414 ), #2599, .T. ) ;
#2810 = FACE_OUTER_BOUND ( 'NONE', #4526, .T. ) ;
#2811 = CARTESIAN_POINT ( 'NONE',  ( -2.008354964394539532, 0.2006057366267238740, 0.000000000000000000 ) ) ;
#2812 = CARTESIAN_POINT ( 'NONE',  ( -1.974668329018917756, 0.1411811192961053840, -1.355252715606880543E-17 ) ) ;
#2813 = AXIS2_PLACEMENT_3D ( 'NONE', #5197, #393, #2822 ) ;
#2814 = CARTESIAN_POINT ( 'NONE',  ( -0.4662775344299491809, 0.4522985635057724108, 0.1000000000000000056 ) ) ;
#2815 = LINE ( 'NONE', #5082, #3438 ) ;
#2816 = DIRECTION ( 'NONE',  ( -0.000000000000000000, 0.000000000000000000, -1.000000000000000000 ) ) ;
#2817 = CARTESIAN_POINT ( 'NONE',  ( -9.800000000000002487, -4.800000000000000711, 10.50000000000000000 ) ) ;
#2818 = CARTESIAN_POINT ( 'NONE',  ( -1.878846153846153610, 0.07680288461538460620, 0.1000000000000000056 ) ) ;
#2819 = VECTOR ( 'NONE', #1657, 1000.000000000000000 ) ;
#2820 = CARTESIAN_POINT ( 'NONE',  ( -1.958518612282073024, 0.4666050473598953863, 0.1000000000000000056 ) ) ;
#2821 = EDGE_CURVE ( 'NONE', #180, #3474, #1076, .T. ) ;
#2822 = DIRECTION ( 'NONE',  ( 1.000000000000000000, 0.000000000000000000, 0.000000000000000000 ) ) ;
#2823 = PRESENTATION_LAYER_ASSIGNMENT (  '', '', ( #3527 ) ) ;
#2824 =( NAMED_UNIT ( * ) SI_UNIT ( $, .STERADIAN. ) SOLID_ANGLE_UNIT ( ) );
#2825 = CARTESIAN_POINT ( 'NONE',  ( 9.289999999999997371, -3.660000000000000142, -3.400000000000003020 ) ) ;
#2826 = ORIENTED_EDGE ( 'NONE', *, *, #2539, .T. ) ;
#2827 = CARTESIAN_POINT ( 'NONE',  ( 9.289999999999997371, 3.959999999999999964, -3.400000000000003020 ) ) ;
#2828 = FILL_AREA_STYLE ('',( #5170 ) ) ;
#2829 = MECHANICAL_DESIGN_GEOMETRIC_PRESENTATION_REPRESENTATION (  '', ( #2401 ), #2669 ) ;
#2830 = CARTESIAN_POINT ( 'NONE',  ( -1.916822291569493908, 0.5704895789482765656, 0.000000000000000000 ) ) ;
#2831 = DIRECTION ( 'NONE',  ( 0.5773502691896257311, 0.5773502691896257311, -0.5773502691896257311 ) ) ;
#2832 = ADVANCED_FACE ( 'NONE', ( #3840 ), #1942, .T. ) ;
#2833 = CARTESIAN_POINT ( 'NONE',  ( -1.811289457450238727, 0.06519494639651757240, 0.1000000000000000056 ) ) ;
#2834 = VECTOR ( 'NONE', #3768, 1000.000000000000000 ) ;
#2835 = CARTESIAN_POINT ( 'NONE',  ( -0.4887002551965922703, 0.1118457662579516176, 0.000000000000000000 ) ) ;
#2836 = DIRECTION ( 'NONE',  ( -1.000000000000000000, 0.000000000000000000, 0.000000000000000000 ) ) ;
#2837 = VECTOR ( 'NONE', #5050, 1000.000000000000000 ) ;
#2838 = EDGE_CURVE ( 'NONE', #253, #444, #3316, .T. ) ;
#2839 = CARTESIAN_POINT ( 'NONE',  ( -0.7644410928384609560, 0.04644335125400157055, -0.000000000000000000 ) ) ;
#2840 =( NAMED_UNIT ( * ) PLANE_ANGLE_UNIT ( ) SI_UNIT ( $, .RADIAN. ) );
#2841 = EDGE_CURVE ( 'NONE', #2901, #368, #1710, .T. ) ;
#2842 = EDGE_LOOP ( 'NONE', ( #3464, #284, #3273, #3516 ) ) ;
#2843 = VERTEX_POINT ( 'NONE', #268 ) ;
#2844 = CARTESIAN_POINT ( 'NONE',  ( -2.022966685048444901, 0.2858931371618506079, 0.1000000000000000056 ) ) ;
#2845 = CARTESIAN_POINT ( 'NONE',  ( -2.070534040397682851, 0.3665502778871564393, 0.000000000000000000 ) ) ;
#2846 = ORIENTED_EDGE ( 'NONE', *, *, #2394, .F. ) ;
#2847 = DIRECTION ( 'NONE',  ( -0.000000000000000000, -0.000000000000000000, -1.000000000000000000 ) ) ;
#2848 = VERTEX_POINT ( 'NONE', #4676 ) ;
#2849 = CARTESIAN_POINT ( 'NONE',  ( -9.015000000000005898, 4.035000000000000142, -3.499999999999998668 ) ) ;
#2850 = LINE ( 'NONE', #2875, #2034 ) ;
#2851 = ORIENTED_EDGE ( 'NONE', *, *, #4197, .F. ) ;
#2852 = CARTESIAN_POINT ( 'NONE',  ( -1.818235943201547800, 0.5948093149630657717, 0.1000000000000000056 ) ) ;
#2853 =( GEOMETRIC_REPRESENTATION_CONTEXT ( 3 ) GLOBAL_UNCERTAINTY_ASSIGNED_CONTEXT ( ( #171 ) ) GLOBAL_UNIT_ASSIGNED_CONTEXT ( ( #2397, #1982, #2385 ) ) REPRESENTATION_CONTEXT ( 'NONE', 'WORKASPACE' ) );
#2854 = ORIENTED_EDGE ( 'NONE', *, *, #411, .T. ) ;
#2855 = DIRECTION ( 'NONE',  ( -0.000000000000000000, -0.000000000000000000, -1.000000000000000000 ) ) ;
#2856 = PRESENTATION_STYLE_ASSIGNMENT (( #2405 ) ) ;
#2857 = ORIENTED_EDGE ( 'NONE', *, *, #2950, .T. ) ;
#2858 = CARTESIAN_POINT ( 'NONE',  ( 8.589999999999996305, -3.860000000000000764, -3.499999999999998668 ) ) ;
#2859 = ADVANCED_FACE ( 'NONE', ( #4087 ), #5113, .T. ) ;
#2860 = ORIENTED_EDGE ( 'NONE', *, *, #5022, .F. ) ;
#2861 = CARTESIAN_POINT ( 'NONE',  ( -1.790261629680673927, 0.5344681167540439315, 0.1000000000000000056 ) ) ;
#2862 = VECTOR ( 'NONE', #1591, 1000.000000000000000 ) ;
#2863 = DIRECTION ( 'NONE',  ( -0.4283511191562798248, 0.9036123719369730800, 0.000000000000000000 ) ) ;
#2864 = AXIS2_PLACEMENT_3D ( 'NONE', #2505, #2990, #4974 ) ;
#2865 = FILL_AREA_STYLE_COLOUR ( '', #453 ) ;
#2866 = VECTOR ( 'NONE', #2303, 1000.000000000000000 ) ;
#2867 = CARTESIAN_POINT ( 'NONE',  ( -2.003112637891618419, 0.5074815732541329005, 0.000000000000000000 ) ) ;
#2868 = DIRECTION ( 'NONE',  ( 1.000000000000000000, 0.000000000000000000, 0.000000000000000000 ) ) ;
#2869 =( NAMED_UNIT ( * ) PLANE_ANGLE_UNIT ( ) SI_UNIT ( $, .RADIAN. ) );
#2870 = DIRECTION ( 'NONE',  ( 0.000000000000000000, -0.000000000000000000, -1.000000000000000000 ) ) ;
#2871 = EDGE_CURVE ( 'NONE', #3838, #890, #888, .T. ) ;
#2872 = EDGE_CURVE ( 'NONE', #3270, #1124, #3591, .T. ) ;
#2873 = CARTESIAN_POINT ( 'NONE',  ( -0.4493318278471197802, 0.1873041866429683289, 0.000000000000000000 ) ) ;
#2874 = PRESENTATION_STYLE_ASSIGNMENT (( #1255 ) ) ;
#2875 = CARTESIAN_POINT ( 'NONE',  ( -0.3615384615384615308, 0.06153846153846153494, 0.1000000000000000056 ) ) ;
#2876 = DIRECTION ( 'NONE',  ( 0.000000000000000000, 1.000000000000000000, 0.000000000000000000 ) ) ;
#2877 = LINE ( 'NONE', #415, #1298 ) ;
#2878 = SURFACE_SIDE_STYLE ('',( #1412 ) ) ;
#2879 = CARTESIAN_POINT ( 'NONE',  ( -1.476923076923076783, 0.5999999999999999778, 0.000000000000000000 ) ) ;
#2880 = CARTESIAN_POINT ( 'NONE',  ( -1.865078263022491356, 0.07280482674370078455, 0.000000000000000000 ) ) ;
#2881 = CARTESIAN_POINT ( 'NONE',  ( -1.015384615384615330, 0.1104567307692307654, 0.000000000000000000 ) ) ;
#2882 = CARTESIAN_POINT ( 'NONE',  ( -1.859992413369252029, 0.5230260030196981491, 0.1000000000000000056 ) ) ;
#2883 =( NAMED_UNIT ( * ) PLANE_ANGLE_UNIT ( ) SI_UNIT ( $, .RADIAN. ) );
#2884 = DIRECTION ( 'NONE',  ( 0.000000000000000000, 1.000000000000000000, 0.000000000000000000 ) ) ;
#2885 = CIRCLE ( 'NONE', #2535, 0.2000000000000005107 ) ;
#2886 = DIRECTION ( 'NONE',  ( -1.000000000000000000, 0.000000000000000000, 0.000000000000000000 ) ) ;
#2887 = EDGE_CURVE ( 'NONE', #2163, #2608, #3717, .T. ) ;
#2888 = SURFACE_STYLE_USAGE ( .BOTH. , #436 ) ;
#2889 = DIRECTION ( 'NONE',  ( 0.000000000000000000, -0.000000000000000000, -1.000000000000000000 ) ) ;
#2890 = CARTESIAN_POINT ( 'NONE',  ( -0.7850579000818758146, 0.04701316654649512206, 0.1000000000000000056 ) ) ;
#2891 = ORIENTED_EDGE ( 'NONE', *, *, #2379, .F. ) ;
#2892 = DIRECTION ( 'NONE',  ( 0.000000000000000000, -1.000000000000000000, 0.000000000000000000 ) ) ;
#2893 = DIRECTION ( 'NONE',  ( -1.000000000000000000, 0.000000000000000000, 0.000000000000000000 ) ) ;
#2894 = EDGE_LOOP ( 'NONE', ( #3950, #4928, #29, #4587 ) ) ;
#2895 = ORIENTED_EDGE ( 'NONE', *, *, #2838, .F. ) ;
#2896 = CARTESIAN_POINT ( 'NONE',  ( -1.476923076923076783, 0.000000000000000000, 0.1000000000000000056 ) ) ;
#2897 = EDGE_LOOP ( 'NONE', ( #3841, #188, #2481, #3242 ) ) ;
#2898 = CARTESIAN_POINT ( 'NONE',  ( -1.812187292728735688, 0.5320581671516576572, 0.000000000000000000 ) ) ;
#2899 = SURFACE_SIDE_STYLE ('',( #3357 ) ) ;
#2900 = ORIENTED_EDGE ( 'NONE', *, *, #1764, .F. ) ;
#2901 = VERTEX_POINT ( 'NONE', #661 ) ;
#2902 = CARTESIAN_POINT ( 'NONE',  ( -1.192307692307692069, 0.06153846153846153494, 0.000000000000000000 ) ) ;
#2903 = CARTESIAN_POINT ( 'NONE',  ( -0.7536057692307691624, 0.6153846153846153078, 0.1000000000000000056 ) ) ;
#2904 = SURFACE_STYLE_USAGE ( .BOTH. , #4506 ) ;
#2905 = DIRECTION ( 'NONE',  ( 1.000000000000000000, 0.000000000000000000, 0.000000000000000000 ) ) ;
#2906 = ORIENTED_EDGE ( 'NONE', *, *, #3547, .F. ) ;
#2907 = CARTESIAN_POINT ( 'NONE',  ( -0.7144850534019349109, 0.5518203372322124656, 0.1000000000000000056 ) ) ;
#2908 = PRESENTATION_STYLE_ASSIGNMENT (( #4130 ) ) ;
#2909 = CARTESIAN_POINT ( 'NONE',  ( -0.6307746857873077762, 0.5278564390386435434, 0.000000000000000000 ) ) ;
#2910 = DIRECTION ( 'NONE',  ( 1.000000000000000000, 0.000000000000000000, 0.000000000000000000 ) ) ;
#2911 = EDGE_CURVE ( 'NONE', #4138, #884, #3957, .T. ) ;
#2912 = CARTESIAN_POINT ( 'NONE',  ( -2.076923076923077094, 0.2924278846153846034, 0.000000000000000000 ) ) ;
#2913 = AXIS2_PLACEMENT_3D ( 'NONE', #1303, #3747, #4933 ) ;
#2914 = VECTOR ( 'NONE', #164, 1000.000000000000000 ) ;
#2915 = LINE ( 'NONE', #3973, #387 ) ;
#2916 = CARTESIAN_POINT ( 'NONE',  ( -2.048085292651681488, 0.1511404904450915077, 0.1000000000000000056 ) ) ;
#2917 = UNCERTAINTY_MEASURE_WITH_UNIT (LENGTH_MEASURE( 1.000000000000000082E-05 ), #3298, 'distance_accuracy_value', 'NONE');
#2918 = PLANE ( 'NONE',  #765 ) ;
#2919 = CYLINDRICAL_SURFACE ( 'NONE', #1821, 0.2000000000000005107 ) ;
#2920 = VECTOR ( 'NONE', #923, 1000.000000000000000 ) ;
#2921 = PRESENTATION_LAYER_ASSIGNMENT (  '', '', ( #4520 ) ) ;
#2922 = SURFACE_SIDE_STYLE ('',( #967 ) ) ;
#2923 =( LENGTH_UNIT ( ) NAMED_UNIT ( * ) SI_UNIT ( .MILLI., .METRE. ) );
#2924 = SURFACE_STYLE_USAGE ( .BOTH. , #3749 ) ;
#2925 = CARTESIAN_POINT ( 'NONE',  ( -8.881666666666673038, -3.801666666666669414, -3.616666666666664476 ) ) ;
#2926 = LINE ( 'NONE', #3136, #214 ) ;
#2927 = CARTESIAN_POINT ( 'NONE',  ( -0.9047353777028271926, 0.5825192009767882206, 0.1000000000000000056 ) ) ;
#2928 = CARTESIAN_POINT ( 'NONE',  ( -0.5724066060887854634, 0.4911676128063830471, 0.000000000000000000 ) ) ;
#2929 = EDGE_CURVE ( 'NONE', #3444, #634, #4828, .T. ) ;
#2930 = CARTESIAN_POINT ( 'NONE',  ( -1.982919626677182023, 0.06205835525544827619, 0.000000000000000000 ) ) ;
#2931 = LINE ( 'NONE', #360, #3503 ) ;
#2932 = FILL_AREA_STYLE ('',( #946 ) ) ;
#2933 = CARTESIAN_POINT ( 'NONE',  ( -0.1307692307692307765, 0.06153846153846153494, 0.000000000000000000 ) ) ;
#2934 = ORIENTED_EDGE ( 'NONE', *, *, #2267, .F. ) ;
#2935 = DIRECTION ( 'NONE',  ( 0.000000000000000000, -1.000000000000000000, 0.000000000000000000 ) ) ;
#2936 = STYLED_ITEM ( 'NONE', ( #2317 ), #1365 ) ;
#2937 = CARTESIAN_POINT ( 'NONE',  ( 0.9699999999999963096, -3.959999999999999964, -3.499999999999998668 ) ) ;
#2938 = CARTESIAN_POINT ( 'NONE',  ( -1.476923076923076783, 0.5384615384615384359, 0.1000000000000000056 ) ) ;
#2939 = CARTESIAN_POINT ( 'NONE',  ( -2.076560255524060761, 0.3177971826664568455, 0.1000000000000000056 ) ) ;
#2940 = DIRECTION ( 'NONE',  ( 0.000000000000000000, 1.000000000000000000, 0.000000000000000000 ) ) ;
#2941 = CARTESIAN_POINT ( 'NONE',  ( -0.6000208373513866711, 0.5111703182328923845, 0.000000000000000000 ) ) ;
#2942 =( LENGTH_UNIT ( ) NAMED_UNIT ( * ) SI_UNIT ( .MILLI., .METRE. ) );
#2943 = CARTESIAN_POINT ( 'NONE',  ( -2.547475961538461231, 0.2538461538461538325, 0.1000000000000000056 ) ) ;
#2944 = EDGE_CURVE ( 'NONE', #884, #687, #2784, .T. ) ;
#2945 = CARTESIAN_POINT ( 'NONE',  ( -8.271187761960542062, -3.805571426637654575, 10.50000000000000000 ) ) ;
#2946 = LINE ( 'NONE', #2827, #4446 ) ;
#2947 = APPLICATION_CONTEXT ( 'automotive_design' ) ;
#2948 = ORIENTED_EDGE ( 'NONE', *, *, #1216, .F. ) ;
#2949 =( LENGTH_UNIT ( ) NAMED_UNIT ( * ) SI_UNIT ( .MILLI., .METRE. ) );
#2950 = EDGE_CURVE ( 'NONE', #1071, #444, #5014, .T. ) ;
#2951 = AXIS2_PLACEMENT_3D ( 'NONE', #2558, #2105, #2116 ) ;
#2952 = ORIENTED_EDGE ( 'NONE', *, *, #2202, .F. ) ;
#2953 = EDGE_CURVE ( 'NONE', #3327, #4890, #4395, .T. ) ;
#2954 = CARTESIAN_POINT ( 'NONE',  ( -2.076923076923077094, 0.2924278846153846034, 0.000000000000000000 ) ) ;
#2955 = CARTESIAN_POINT ( 'NONE',  ( -0.6307746857873077762, 0.5278564390386435434, 0.1000000000000000056 ) ) ;
#2956 = CARTESIAN_POINT ( 'NONE',  ( -0.5461133045518291595, 0.5467406392354440259, 0.1000000000000000056 ) ) ;
#2957 = ORIENTED_EDGE ( 'NONE', *, *, #2148, .F. ) ;
#2958 = ORIENTED_EDGE ( 'NONE', *, *, #5063, .T. ) ;
#2959 = CARTESIAN_POINT ( 'NONE',  ( 9.289999999999997371, 0.000000000000000000, 0.000000000000000000 ) ) ;
#2960 = CARTESIAN_POINT ( 'NONE',  ( -0.4307692307692307931, 0.3034855769230768718, 0.000000000000000000 ) ) ;
#2961 = CARTESIAN_POINT ( 'NONE',  ( -1.924319472397161057, 0.02449217801007875367, 0.000000000000000000 ) ) ;
#2962 = ORIENTED_EDGE ( 'NONE', *, *, #3601, .T. ) ;
#2963 = DIRECTION ( 'NONE',  ( -0.000000000000000000, 0.000000000000000000, -1.000000000000000000 ) ) ;
#2964 = ORIENTED_EDGE ( 'NONE', *, *, #2887, .F. ) ;
#2965 = FACE_OUTER_BOUND ( 'NONE', #1903, .T. ) ;
#2966 = ADVANCED_FACE ( 'NONE', ( #2666 ), #815, .T. ) ;
#2967 = ORIENTED_EDGE ( 'NONE', *, *, #4990, .T. ) ;
#2968 = CARTESIAN_POINT ( 'NONE',  ( -1.192307692307692069, 0.2923076923076923239, 0.1000000000000000056 ) ) ;
#2969 = ORIENTED_EDGE ( 'NONE', *, *, #574, .F. ) ;
#2970 = PRESENTATION_STYLE_ASSIGNMENT (( #1048 ) ) ;
#2971 = STYLED_ITEM ( 'NONE', ( #580 ), #2206 ) ;
#2972 = EDGE_LOOP ( 'NONE', ( #1089, #5143, #1455, #2490 ) ) ;
#2973 = APPLICATION_CONTEXT ( 'automotive_design' ) ;
#2974 = ORIENTED_EDGE ( 'NONE', *, *, #1334, .T. ) ;
#2975 = CARTESIAN_POINT ( 'NONE',  ( -1.878846153846153610, 0.07680288461538460620, 0.1000000000000000056 ) ) ;
#2976 = CARTESIAN_POINT ( 'NONE',  ( -9.800000000000002487, -4.800000000000000711, 10.30000000000000071 ) ) ;
#2977 = CARTESIAN_POINT ( 'NONE',  ( -2.003112637891618419, 0.5074815732541329005, 0.1000000000000000056 ) ) ;
#2978 = CARTESIAN_POINT ( 'NONE',  ( -0.7442261047284569608, 0.5537769031301812417, 0.1000000000000000056 ) ) ;
#2979 = CARTESIAN_POINT ( 'NONE',  ( -10.00000000000000355, 5.000000000000000000, 0.000000000000000000 ) ) ;
#2980 = VECTOR ( 'NONE', #479, 1000.000000000000227 ) ;
#2981 = CARTESIAN_POINT ( 'NONE',  ( -0.3615384615384615308, 0.000000000000000000, 0.000000000000000000 ) ) ;
#2982 = AXIS2_PLACEMENT_3D ( 'NONE', #3162, #749, #863 ) ;
#2983 = DIRECTION ( 'NONE',  ( 0.000000000000000000, -1.000000000000000000, 0.000000000000000000 ) ) ;
#2984 = FACE_OUTER_BOUND ( 'NONE', #5015, .T. ) ;
#2985 = CARTESIAN_POINT ( 'NONE',  ( -0.5037208484862204516, 0.3988643239621413872, 0.1000000000000000056 ) ) ;
#2986 = AXIS2_PLACEMENT_3D ( 'NONE', #724, #1990, #1156 ) ;
#2987 = LINE ( 'NONE', #4720, #3429 ) ;
#2988 = VECTOR ( 'NONE', #2637, 1000.000000000000000 ) ;
#2989 = FILL_AREA_STYLE ('',( #3389 ) ) ;
#2990 = DIRECTION ( 'NONE',  ( -0.000000000000000000, 1.000000000000000000, 0.000000000000000000 ) ) ;
#2991 = ORIENTED_EDGE ( 'NONE', *, *, #844, .T. ) ;
#2992 = CARTESIAN_POINT ( 'NONE',  ( -1.895145925319476676, 0.08254333001389745073, 0.1000000000000000056 ) ) ;
#2993 = CARTESIAN_POINT ( 'NONE',  ( 9.799999999999995381, -4.799999999999998046, 10.30000000000000071 ) ) ;
#2994 = CARTESIAN_POINT ( 'NONE',  ( -2.029259441291596300, 0.4723964312771717911, 0.000000000000000000 ) ) ;
#2995 = FACE_OUTER_BOUND ( 'NONE', #2605, .T. ) ;
#2996 = CARTESIAN_POINT ( 'NONE',  ( -0.4977199703938277597, 0.3834179062996723175, 0.1000000000000000056 ) ) ;
#2997 = VECTOR ( 'NONE', #2779, 1000.000000000000114 ) ;
#2998 = CARTESIAN_POINT ( 'NONE',  ( -0.7543269230769229505, -0.01538461538461538373, 0.1000000000000000056 ) ) ;
#2999 = CARTESIAN_POINT ( 'NONE',  ( -1.954765003375321886, 0.5494433955626837340, 0.1000000000000000056 ) ) ;
#3000 = EDGE_CURVE ( 'NONE', #3778, #2538, #4667, .T. ) ;
#3001 = CARTESIAN_POINT ( 'NONE',  ( -1.840947008113688055, 0.5918687949136952620, 0.000000000000000000 ) ) ;
#3002 = EDGE_CURVE ( 'NONE', #3413, #1196, #3656, .T. ) ;
#3003 = CARTESIAN_POINT ( 'NONE',  ( -1.192307692307692069, 0.5384615384615384359, 0.1000000000000000056 ) ) ;
#3004 = CARTESIAN_POINT ( 'NONE',  ( -0.6307746857873077762, 0.5278564390386435434, 0.1000000000000000056 ) ) ;
#3005 = VECTOR ( 'NONE', #705, 1000.000000000000114 ) ;
#3006 =( GEOMETRIC_REPRESENTATION_CONTEXT ( 3 ) GLOBAL_UNCERTAINTY_ASSIGNED_CONTEXT ( ( #3132 ) ) GLOBAL_UNIT_ASSIGNED_CONTEXT ( ( #873, #1669, #1285 ) ) REPRESENTATION_CONTEXT ( 'NONE', 'WORKASPACE' ) );
#3007 =( NAMED_UNIT ( * ) PLANE_ANGLE_UNIT ( ) SI_UNIT ( $, .RADIAN. ) );
#3008 = CARTESIAN_POINT ( 'NONE',  ( -1.988025569879804388, 0.5227485022185869301, 0.000000000000000000 ) ) ;
#3009 = DIRECTION ( 'NONE',  ( -0.000000000000000000, -0.000000000000000000, -1.000000000000000000 ) ) ;
#3010 = CARTESIAN_POINT ( 'NONE',  ( -0.5010250354689655961, 0.5027599357063354812, 0.1000000000000000056 ) ) ;
#3011 = CARTESIAN_POINT ( 'NONE',  ( -0.7478737230098881916, -0.01533970237505151261, 0.1000000000000000056 ) ) ;
#3012 = CARTESIAN_POINT ( 'NONE',  ( -1.779409872467486053, 7.379936304874525771E-05, -0.000000000000000000 ) ) ;
#3013 = DIRECTION ( 'NONE',  ( -0.000000000000000000, 0.000000000000000000, 1.000000000000000000 ) ) ;
#3014 = ORIENTED_EDGE ( 'NONE', *, *, #391, .T. ) ;
#3015 = ORIENTED_EDGE ( 'NONE', *, *, #1957, .T. ) ;
#3016 = VERTEX_POINT ( 'NONE', #3992 ) ;
#3017 = DIRECTION ( 'NONE',  ( -0.000000000000000000, -0.000000000000000000, -1.000000000000000000 ) ) ;
#3018 = ORIENTED_EDGE ( 'NONE', *, *, #4757, .T. ) ;
#3019 = EDGE_LOOP ( 'NONE', ( #2227, #1397, #1075, #439 ) ) ;
#3020 = VECTOR ( 'NONE', #3534, 1000.000000000000000 ) ;
#3021 = ORIENTED_EDGE ( 'NONE', *, *, #2747, .F. ) ;
#3022 = VECTOR ( 'NONE', #582, 1000.000000000000000 ) ;
#3023 = CARTESIAN_POINT ( 'NONE',  ( -0.7604996787072962894, 0.6153019631233237474, -1.355252715606880543E-17 ) ) ;
#3024 = AXIS2_PLACEMENT_3D ( 'NONE', #1748, #4539, #1359 ) ;
#3025 = ORIENTED_EDGE ( 'NONE', *, *, #651, .T. ) ;
#3026 = EDGE_CURVE ( 'NONE', #3550, #1459, #4642, .T. ) ;
#3027 = CARTESIAN_POINT ( 'NONE',  ( -0.6239005623071333106, 0.07414944799214541471, 0.1000000000000000056 ) ) ;
#3028 = EDGE_LOOP ( 'NONE', ( #3755, #200, #314, #2416 ) ) ;
#3029 = CARTESIAN_POINT ( 'NONE',  ( -0.5185910106711868472, 0.4284551003175791628, 0.1000000000000000056 ) ) ;
#3030 = CARTESIAN_POINT ( 'NONE',  ( -1.879623136859163379, 0.5838307535315717667, 0.000000000000000000 ) ) ;
#3031 = ORIENTED_EDGE ( 'NONE', *, *, #3211, .T. ) ;
#3032 = EDGE_LOOP ( 'NONE', ( #3951, #4081, #4151, #2603 ) ) ;
#3033 = LINE ( 'NONE', #3964, #427 ) ;
#3034 = DIRECTION ( 'NONE',  ( 1.000000000000000000, 0.000000000000000000, 0.000000000000000000 ) ) ;
#3035 = CARTESIAN_POINT ( 'NONE',  ( -0.7543269230769229505, -0.01538461538461538373, -1.355252715606880543E-17 ) ) ;
#3036 = CARTESIAN_POINT ( 'NONE',  ( -1.916822291569493908, 0.5704895789482765656, 0.1000000000000000056 ) ) ;
#3037 = ORIENTED_EDGE ( 'NONE', *, *, #797, .T. ) ;
#3038 = LINE ( 'NONE', #732, #1282 ) ;
#3039 = FACE_OUTER_BOUND ( 'NONE', #2613, .T. ) ;
#3040 = FILL_AREA_STYLE ('',( #182 ) ) ;
#3041 = DIRECTION ( 'NONE',  ( -1.000000000000000000, 0.000000000000000000, 0.000000000000000000 ) ) ;
#3042 = CARTESIAN_POINT ( 'NONE',  ( -0.7741454782435522874, 0.6151383612958494229, 0.1000000000000000056 ) ) ;
#3043 = LINE ( 'NONE', #3446, #4908 ) ;
#3044 = FILL_AREA_STYLE ('',( #1852 ) ) ;
#3045 = CARTESIAN_POINT ( 'NONE',  ( -1.638461538461538192, 0.06153846153846153494, 0.1000000000000000056 ) ) ;
#3046 = CARTESIAN_POINT ( 'NONE',  ( -2.153846153846153744, 0.000000000000000000, 0.1000000000000000056 ) ) ;
#3047 = SURFACE_STYLE_USAGE ( .BOTH. , #265 ) ;
#3048 = EDGE_CURVE ( 'NONE', #505, #1516, #5060, .T. ) ;
#3049 = COLOUR_RGB ( '',0.7960784313725489669, 0.8235294117647058432, 0.9372549019607843146 ) ;
#3050 = CARTESIAN_POINT ( 'NONE',  ( 0.000000000000000000, 0.000000000000000000, 10.50000000000000000 ) ) ;
#3051 = LINE ( 'NONE', #3181, #537 ) ;
#3052 = DIRECTION ( 'NONE',  ( -0.000000000000000000, -0.000000000000000000, -1.000000000000000000 ) ) ;
#3053 = PRESENTATION_LAYER_ASSIGNMENT (  '', '', ( #3505 ) ) ;
#3054 = PRESENTATION_LAYER_ASSIGNMENT (  '', '', ( #4494 ) ) ;
#3055 = EDGE_CURVE ( 'NONE', #818, #3444, #3538, .T. ) ;
#3056 = ADVANCED_FACE ( 'NONE', ( #2222 ), #1619, .F. ) ;
#3057 = CARTESIAN_POINT ( 'NONE',  ( -0.9519532738215557011, 0.5540315146126306711, -1.355252715606880543E-17 ) ) ;
#3058 = CARTESIAN_POINT ( 'NONE',  ( -0.5429498591936984253, 0.1367932429105855052, 0.1000000000000000056 ) ) ;
#3059 = DIRECTION ( 'NONE',  ( 0.000000000000000000, -0.000000000000000000, -1.000000000000000000 ) ) ;
#3060 = CARTESIAN_POINT ( 'NONE',  ( -1.638461538461538192, 0.5384615384615384359, 0.000000000000000000 ) ) ;
#3061 =( LENGTH_UNIT ( ) NAMED_UNIT ( * ) SI_UNIT ( .MILLI., .METRE. ) );
#3062 = DIRECTION ( 'NONE',  ( 1.000000000000000000, 0.000000000000000000, 0.000000000000000000 ) ) ;
#3063 = PLANE ( 'NONE',  #4577 ) ;
#3064 = VERTEX_POINT ( 'NONE', #4361 ) ;
#3065 = DIRECTION ( 'NONE',  ( -0.000000000000000000, 0.000000000000000000, 1.000000000000000000 ) ) ;
#3066 = LINE ( 'NONE', #2574, #5186 ) ;
#3067 = DIRECTION ( 'NONE',  ( 0.000000000000000000, -1.000000000000000000, 0.000000000000000000 ) ) ;
#3068 = AXIS2_PLACEMENT_3D ( 'NONE', #3673, #1257, #1223 ) ;
#3069 = CARTESIAN_POINT ( 'NONE',  ( 0.000000000000000000, -4.800000000000000711, 10.30000000000000071 ) ) ;
#3070 = UNCERTAINTY_MEASURE_WITH_UNIT (LENGTH_MEASURE( 1.000000000000000082E-05 ), #3818, 'distance_accuracy_value', 'NONE');
#3071 = CARTESIAN_POINT ( 'NONE',  ( -0.7502403846153845590, 0.5538461538461537659, 0.000000000000000000 ) ) ;
#3072 = CARTESIAN_POINT ( 'NONE',  ( -0.6474508417676931860, 0.06383357144649136339, 1.355252715606880543E-17 ) ) ;
#3073 = EDGE_CURVE ( 'NONE', #2225, #4438, #244, .T. ) ;
#3074 = CARTESIAN_POINT ( 'NONE',  ( -1.821677739026949405, 0.001854826686648182281, 1.355252715606880543E-17 ) ) ;
#3075 = CARTESIAN_POINT ( 'NONE',  ( -0.5181869158139654763, 0.07669968166317220337, 0.1000000000000000056 ) ) ;
#3076 = DIRECTION ( 'NONE',  ( -0.000000000000000000, -0.000000000000000000, -1.000000000000000000 ) ) ;
#3077 = CARTESIAN_POINT ( 'NONE',  ( -1.991380922488747318, 0.4232297804260908292, 0.1000000000000000056 ) ) ;
#3078 = VERTEX_POINT ( 'NONE', #15 ) ;
#3079 = ORIENTED_EDGE ( 'NONE', *, *, #4287, .F. ) ;
#3080 = EDGE_LOOP ( 'NONE', ( #3390, #3469, #4089, #428, #450, #3341, #2228, #1125 ) ) ;
#3081 = ORIENTED_EDGE ( 'NONE', *, *, #1175, .T. ) ;
#3082 = ADVANCED_FACE ( 'NONE', ( #3269 ), #417, .T. ) ;
#3083 = CARTESIAN_POINT ( 'NONE',  ( -0.5140029193874945390, 0.1777056002679515967, 0.000000000000000000 ) ) ;
#3084 = PRESENTATION_LAYER_ASSIGNMENT (  '', '', ( #2019 ) ) ;
#3085 = VERTEX_POINT ( 'NONE', #1642 ) ;
#3086 = FACE_OUTER_BOUND ( 'NONE', #926, .T. ) ;
#3087 = CARTESIAN_POINT ( 'NONE',  ( -10.00000000000000355, -5.000000000000000000, 10.30000000000000071 ) ) ;
#3088 = ORIENTED_EDGE ( 'NONE', *, *, #2616, .F. ) ;
#3089 = ORIENTED_EDGE ( 'NONE', *, *, #3055, .F. ) ;
#3090 = B_SPLINE_CURVE_WITH_KNOTS ( 'NONE', 3,
 ( #4555, #3721, #1760, #4510, #1330, #3309, #2096, #1297, #1355, #2144, #4869, #2129, #128, #4147, #2930, #3345, #3756, #1744, #2961, #619, #3401, #4571, #4586, #4967, #3442, #3012, #3793 ),
 .UNSPECIFIED., .F., .F.,
 ( 4, 1, 1, 1, 1, 1, 1, 1, 1, 1, 1, 1, 1, 1, 1, 1, 1, 1, 1, 1, 1, 1, 1, 1, 4 ),
 ( 0.000000000000000000, 0.04608068338724804341, 0.09080679960761617320, 0.1342952705290696158, 0.1770243856662441773, 0.2188227336826556180, 0.2602441163273732649, 0.3010798671134451432, 0.3416138942851570381, 0.3815834185517461563, 0.4201195913296164597, 0.4580746185423136274, 0.4947384876076564297, 0.5311946228937133307, 0.5669336984503777765, 0.6027126507379958475, 0.6383266061284350590, 0.6748532488548240060, 0.7134673707840595291, 0.7544418038483806654, 0.7978153607124992552, 0.8439894562081103890, 0.8930715698796477531, 0.9449633461781441479, 1.000000000000000000 ),
 .UNSPECIFIED. ) ;
#3091 = DIRECTION ( 'NONE',  ( 1.000000000000000000, 0.000000000000000000, -0.000000000000000000 ) ) ;
#3092 = DIRECTION ( 'NONE',  ( 1.000000000000000000, 0.000000000000000000, 0.000000000000000000 ) ) ;
#3093 = LINE ( 'NONE', #2245, #380 ) ;
#3094 = AXIS2_PLACEMENT_3D ( 'NONE', #4418, #743, #5200 ) ;
#3095 = EDGE_CURVE ( 'NONE', #2475, #4350, #3201, .T. ) ;
#3096 = EDGE_CURVE ( 'NONE', #1633, #5081, #5204, .T. ) ;
#3097 = CARTESIAN_POINT ( 'NONE',  ( -0.5274155956455490735, 0.1567503682554213518, 0.1000000000000000056 ) ) ;
#3098 = CARTESIAN_POINT ( 'NONE',  ( -2.076815253926656890, 0.2850116723033779831, 0.1000000000000000056 ) ) ;
#3099 = ORIENTED_EDGE ( 'NONE', *, *, #2482, .F. ) ;
#3100 = CARTESIAN_POINT ( 'NONE',  ( -2.017468206930220553, 0.3530313358595831286, 0.1000000000000000056 ) ) ;
#3101 = VECTOR ( 'NONE', #549, 1000.000000000000000 ) ;
#3102 = EDGE_CURVE ( 'NONE', #5018, #1132, #123, .T. ) ;
#3103 = LINE ( 'NONE', #4278, #2866 ) ;
#3104 = CARTESIAN_POINT ( 'NONE',  ( -1.865024038461538192, 0.5216346153846153078, 0.000000000000000000 ) ) ;
#3105 = VECTOR ( 'NONE', #2523, 1000.000000000000114 ) ;
#3106 = STYLED_ITEM ( 'NONE', ( #2628 ), #1835 ) ;
#3107 = DIRECTION ( 'NONE',  ( 0.4189977888269736939, 0.9079872537420923262, 0.000000000000000000 ) ) ;
#3108 = ADVANCED_FACE ( 'NONE', ( #4369 ), #5044, .F. ) ;
#3109 =( NAMED_UNIT ( * ) PLANE_ANGLE_UNIT ( ) SI_UNIT ( $, .RADIAN. ) );
#3110 = DIRECTION ( 'NONE',  ( -0.000000000000000000, 0.000000000000000000, 1.000000000000000000 ) ) ;
#3111 = FACE_OUTER_BOUND ( 'NONE', #626, .T. ) ;
#3112 = CARTESIAN_POINT ( 'NONE',  ( -1.940378237402650141, 0.03227852467035262352, 0.1000000000000000056 ) ) ;
#3113 = LINE ( 'NONE', #4930, #2058 ) ;
#3114 = PLANE ( 'NONE',  #525 ) ;
#3115 = DIRECTION ( 'NONE',  ( -1.000000000000000000, 0.000000000000000000, 0.000000000000000000 ) ) ;
#3116 = CARTESIAN_POINT ( 'NONE',  ( 8.556666666666663090, -3.893333333333334423, -3.466666666666665897 ) ) ;
#3117 = ORIENTED_EDGE ( 'NONE', *, *, #2158, .T. ) ;
#3118 = CARTESIAN_POINT ( 'NONE',  ( -2.333052884615384404, 0.2538461538461538325, 0.1000000000000000056 ) ) ;
#3119 = DIRECTION ( 'NONE',  ( -1.000000000000000000, -0.000000000000000000, 0.000000000000000000 ) ) ;
#3120 = MECHANICAL_DESIGN_GEOMETRIC_PRESENTATION_REPRESENTATION (  '', ( #4756 ), #2441 ) ;
#3121 = ORIENTED_EDGE ( 'NONE', *, *, #1724, .T. ) ;
#3122 = EDGE_CURVE ( 'NONE', #1680, #634, #5049, .T. ) ;
#3123 = CARTESIAN_POINT ( 'NONE',  ( -1.476923076923076783, 0.000000000000000000, 0.000000000000000000 ) ) ;
#3124 = CARTESIAN_POINT ( 'NONE',  ( -0.9582315161667508407, 0.4658089342269182143, 0.000000000000000000 ) ) ;
#3125 =( NAMED_UNIT ( * ) PLANE_ANGLE_UNIT ( ) SI_UNIT ( $, .RADIAN. ) );
#3126 = CARTESIAN_POINT ( 'NONE',  ( -1.910725539925928196, 0.08949607193175986020, 0.000000000000000000 ) ) ;
#3127 = ADVANCED_FACE ( 'NONE', ( #1939 ), #2262, .T. ) ;
#3128 = CARTESIAN_POINT ( 'NONE',  ( -1.015384615384615330, 0.1104567307692307654, 0.1000000000000000056 ) ) ;
#3129 = LINE ( 'NONE', #2925, #1889 ) ;
#3131 = CARTESIAN_POINT ( 'NONE',  ( 8.489999999999998437, -3.660000000000000142, 3.875777422434217368E-17 ) ) ;
#3130 = PRESENTATION_LAYER_ASSIGNMENT (  '', '', ( #2004 ) ) ;
#3132 = UNCERTAINTY_MEASURE_WITH_UNIT (LENGTH_MEASURE( 1.000000000000000082E-05 ), #873, 'distance_accuracy_value', 'NONE');
#3133 = ORIENTED_EDGE ( 'NONE', *, *, #2747, .T. ) ;
#3134 = ORIENTED_EDGE ( 'NONE', *, *, #2701, .F. ) ;
#3135 = EDGE_LOOP ( 'NONE', ( #3851, #3, #4276, #3664 ) ) ;
#3136 = CARTESIAN_POINT ( 'NONE',  ( -0.1307692307692307765, 0.5999999999999999778, 0.1000000000000000056 ) ) ;
#3137 = VERTEX_POINT ( 'NONE', #993 ) ;
#3138 = CARTESIAN_POINT ( 'NONE',  ( -2.067628520235639922, 0.2077983655702145827, 1.355252715606880543E-17 ) ) ;
#3139 =( NAMED_UNIT ( * ) PLANE_ANGLE_UNIT ( ) SI_UNIT ( $, .RADIAN. ) );
#3140 = MECHANICAL_DESIGN_GEOMETRIC_PRESENTATION_REPRESENTATION (  '', ( #2012 ), #4590 ) ;
#3141 = FACE_OUTER_BOUND ( 'NONE', #1265, .T. ) ;
#3142 = CARTESIAN_POINT ( 'NONE',  ( -1.883074038132662054, 0.5157193092881097174, 0.1000000000000000056 ) ) ;
#3143 = ORIENTED_EDGE ( 'NONE', *, *, #3055, .T. ) ;
#3144 = CARTESIAN_POINT ( 'NONE',  ( 9.289999999999997371, 3.660000000000000142, 3.875777422434217368E-17 ) ) ;
#3145 = VERTEX_POINT ( 'NONE', #4606 ) ;
#3146 = ORIENTED_EDGE ( 'NONE', *, *, #2704, .T. ) ;
#3147 = PLANE ( 'NONE',  #4044 ) ;
#3148 = FACE_BOUND ( 'NONE', #4874, .T. ) ;
#3149 = DIRECTION ( 'NONE',  ( -0.000000000000000000, -0.000000000000000000, -1.000000000000000000 ) ) ;
#3150 = MECHANICAL_DESIGN_GEOMETRIC_PRESENTATION_REPRESENTATION (  '', ( #3731 ), #457 ) ;
#3151 = EDGE_CURVE ( 'NONE', #3078, #1204, #4740, .T. ) ;
#3152 = EDGE_LOOP ( 'NONE', ( #1848, #1247, #2359, #443 ) ) ;
#3153 = DIRECTION ( 'NONE',  ( 0.000000000000000000, 0.000000000000000000, -1.000000000000000000 ) ) ;
#3154 = FACE_OUTER_BOUND ( 'NONE', #4954, .T. ) ;
#3155 = ADVANCED_FACE ( 'NONE', ( #2065 ), #2207, .F. ) ;
#3156 = DIRECTION ( 'NONE',  ( -0.000000000000000000, -0.000000000000000000, -1.000000000000000000 ) ) ;
#3157 = CIRCLE ( 'NONE', #4688, 0.2000000000000005107 ) ;
#3158 = SURFACE_STYLE_FILL_AREA ( #4747 ) ;
#3159 = CARTESIAN_POINT ( 'NONE',  ( -1.736665245658764345, 0.5997775520700107110, 0.1000000000000000056 ) ) ;
#3160 = CARTESIAN_POINT ( 'NONE',  ( 9.189999999999997726, 3.860000000000000764, -3.499999999999998668 ) ) ;
#3161 = CARTESIAN_POINT ( 'NONE',  ( -0.7536057692307691624, 0.6153846153846153078, 0.000000000000000000 ) ) ;
#3162 = CARTESIAN_POINT ( 'NONE',  ( -9.115000000000005542, 0.000000000000000000, -3.400000000000003020 ) ) ;
#3163 = VECTOR ( 'NONE', #970, 1000.000000000000000 ) ;
#3164 = VECTOR ( 'NONE', #4620, 1000.000000000000000 ) ;
#3165 =( NAMED_UNIT ( * ) PLANE_ANGLE_UNIT ( ) SI_UNIT ( $, .RADIAN. ) );
#3166 = PLANE ( 'NONE',  #4729 ) ;
#3167 = CARTESIAN_POINT ( 'NONE',  ( 0.000000000000000000, 0.000000000000000000, 0.000000000000000000 ) ) ;
#3168 = LINE ( 'NONE', #848, #3560 ) ;
#3169 = CARTESIAN_POINT ( 'NONE',  ( -1.916348214471061739, 0.4996560111588059794, 0.000000000000000000 ) ) ;
#3170 = FACE_OUTER_BOUND ( 'NONE', #4862, .T. ) ;
#3171 = EDGE_CURVE ( 'NONE', #317, #3263, #2815, .T. ) ;
#3172 = VECTOR ( 'NONE', #2367, 1000.000000000000000 ) ;
#3173 = AXIS2_PLACEMENT_3D ( 'NONE', #3427, #2204, #3041 ) ;
#3174 = CARTESIAN_POINT ( 'NONE',  ( -1.476923076923076783, 0.000000000000000000, 0.1000000000000000056 ) ) ;
#3175 = CARTESIAN_POINT ( 'NONE',  ( -1.793304595930337975, 0.5972040908718565522, 0.1000000000000000056 ) ) ;
#3176 = SURFACE_STYLE_USAGE ( .BOTH. , #770 ) ;
#3177 = CARTESIAN_POINT ( 'NONE',  ( -1.925255312152975185, 0.09773185531739661536, 0.000000000000000000 ) ) ;
#3178 = CARTESIAN_POINT ( 'NONE',  ( -9.115000000000005542, -3.685000000000000053, -3.499999999999998668 ) ) ;
#3179 = ORIENTED_EDGE ( 'NONE', *, *, #3495, .T. ) ;
#3180 = STYLED_ITEM ( 'NONE', ( #2856 ), #1034 ) ;
#3181 = CARTESIAN_POINT ( 'NONE',  ( 9.999999999999996447, 5.000000000000000000, 10.30000000000000071 ) ) ;
#3182 = ADVANCED_FACE ( 'NONE', ( #468 ), #533, .T. ) ;
#3183 = DIRECTION ( 'NONE',  ( -1.000000000000000000, -0.000000000000000000, 0.000000000000000000 ) ) ;
#3184 = CARTESIAN_POINT ( 'NONE',  ( 0.8699999999999968869, -3.959999999999999964, 0.000000000000000000 ) ) ;
#3185 = DIRECTION ( 'NONE',  ( 0.000000000000000000, -1.000000000000000000, 0.000000000000000000 ) ) ;
#3186 = COLOUR_RGB ( '',0.7960784313725489669, 0.8235294117647058432, 0.9372549019607843146 ) ;
#3187 = EDGE_CURVE ( 'NONE', #2357, #1557, #2257, .T. ) ;
#3188 = CARTESIAN_POINT ( 'NONE',  ( -0.7745884560684569431, -0.01515526543918555014, 0.1000000000000000056 ) ) ;
#3189 = VECTOR ( 'NONE', #4142, 1000.000000000000000 ) ;
#3190 = DIRECTION ( 'NONE',  ( 0.9036123719369730800, 0.4283511191562798248, -0.000000000000000000 ) ) ;
#3191 = CARTESIAN_POINT ( 'NONE',  ( -2.022750436830391685, 0.2728384872874771716, -1.355252715606880543E-17 ) ) ;
#3192 = VECTOR ( 'NONE', #4768, 1000.000000000000000 ) ;
#3193 = DIRECTION ( 'NONE',  ( 0.4190581774617469502, 0.9079593845004516606, 0.000000000000000000 ) ) ;
#3194 = EDGE_LOOP ( 'NONE', ( #2952, #1572, #2075, #5210 ) ) ;
#3195 = CARTESIAN_POINT ( 'NONE',  ( -1.584615384615384537, 0.5999999999999999778, 0.1000000000000000056 ) ) ;
#3196 = CARTESIAN_POINT ( 'NONE',  ( -0.7257787694675613688, 0.04667990886927518568, 0.1000000000000000056 ) ) ;
#3197 = MECHANICAL_DESIGN_GEOMETRIC_PRESENTATION_REPRESENTATION (  '', ( #2936 ), #301 ) ;
#3198 = ORIENTED_EDGE ( 'NONE', *, *, #2482, .T. ) ;
#3199 = CARTESIAN_POINT ( 'NONE',  ( -0.5068509615384614309, 0.08954326923076921796, 0.1000000000000000056 ) ) ;
#3200 = ORIENTED_EDGE ( 'NONE', *, *, #4172, .T. ) ;
#3201 = LINE ( 'NONE', #2061, #1074 ) ;
#3202 = ORIENTED_EDGE ( 'NONE', *, *, #4433, .T. ) ;
#3203 = CARTESIAN_POINT ( 'NONE',  ( -2.017468206930220553, 0.3530313358595831286, 0.1000000000000000056 ) ) ;
#3204 = ORIENTED_EDGE ( 'NONE', *, *, #4379, .F. ) ;
#3205 = CARTESIAN_POINT ( 'NONE',  ( -2.076923076923077094, 0.2924278846153846034, 0.1000000000000000056 ) ) ;
#3206 = ORIENTED_EDGE ( 'NONE', *, *, #1191, .F. ) ;
#3207 = ADVANCED_FACE ( 'NONE', ( #4621 ), #1876, .T. ) ;
#3208 = EDGE_CURVE ( 'NONE', #2471, #4970, #4524, .T. ) ;
#3209 = CARTESIAN_POINT ( 'NONE',  ( -1.584615384615384537, 0.000000000000000000, 0.1000000000000000056 ) ) ;
#3210 = LINE ( 'NONE', #12, #3726 ) ;
#3211 = EDGE_CURVE ( 'NONE', #1196, #4522, #4114, .T. ) ;
#3212 = ORIENTED_EDGE ( 'NONE', *, *, #3588, .T. ) ;
#3213 = FILL_AREA_STYLE ('',( #789 ) ) ;
#3214 = EDGE_LOOP ( 'NONE', ( #5141, #3089, #2948 ) ) ;
#3215 = ORIENTED_EDGE ( 'NONE', *, *, #4251, .T. ) ;
#3216 = CARTESIAN_POINT ( 'NONE',  ( -1.984726781817355734, 0.1547253755640231043, -1.355252715606880543E-17 ) ) ;
#3217 = LINE ( 'NONE', #4846, #447 ) ;
#3218 = ORIENTED_EDGE ( 'NONE', *, *, #1892, .F. ) ;
#3219 = CARTESIAN_POINT ( 'NONE',  ( -2.040528411483576221, 0.4531429366112042501, 0.000000000000000000 ) ) ;
#3220 = CARTESIAN_POINT ( 'NONE',  ( -1.710903272255180019, 0.5383707341994808937, 0.000000000000000000 ) ) ;
#3221 = EDGE_LOOP ( 'NONE', ( #4328, #246, #3272, #3955 ) ) ;
#3222 = CARTESIAN_POINT ( 'NONE',  ( -1.811289457450238727, 0.06519494639651757240, 0.000000000000000000 ) ) ;
#3223 = EDGE_CURVE ( 'NONE', #5, #226, #538, .T. ) ;
#3224 = STYLED_ITEM ( 'NONE', ( #4302 ), #3613 ) ;
#3225 = EDGE_CURVE ( 'NONE', #361, #4462, #4058, .T. ) ;
#3226 = CARTESIAN_POINT ( 'NONE',  ( -0.4409725021634687270, 0.2147374530270481641, 0.1000000000000000056 ) ) ;
#3227 = CIRCLE ( 'NONE', #2659, 0.2000000000000005107 ) ;
#3228 = SURFACE_STYLE_FILL_AREA ( #1044 ) ;
#3229 = PLANE ( 'NONE',  #270 ) ;
#3230 = FACE_BOUND ( 'NONE', #1080, .T. ) ;
#3231 = UNCERTAINTY_MEASURE_WITH_UNIT (LENGTH_MEASURE( 1.000000000000000082E-05 ), #1809, 'distance_accuracy_value', 'NONE');
#3232 = PLANE ( 'NONE',  #77 ) ;
#3233 = CARTESIAN_POINT ( 'NONE',  ( -1.954765003375321886, 0.5494433955626837340, 0.000000000000000000 ) ) ;
#3234 = FACE_OUTER_BOUND ( 'NONE', #638, .T. ) ;
#3235 = FACE_OUTER_BOUND ( 'NONE', #1011, .T. ) ;
#3236 = DIRECTION ( 'NONE',  ( -1.000000000000000000, 0.000000000000000000, -0.000000000000000000 ) ) ;
#3237 = ADVANCED_FACE ( 'NONE', ( #2696 ), #2053, .T. ) ;
#3238 = DIRECTION ( 'NONE',  ( 0.000000000000000000, 0.000000000000000000, -1.000000000000000000 ) ) ;
#3239 = CARTESIAN_POINT ( 'NONE',  ( -1.584615384615384537, 0.000000000000000000, 0.1000000000000000056 ) ) ;
#3240 = DIRECTION ( 'NONE',  ( -0.000000000000000000, -0.000000000000000000, -1.000000000000000000 ) ) ;
#3241 = FILL_AREA_STYLE_COLOUR ( '', #1286 ) ;
#3242 = ORIENTED_EDGE ( 'NONE', *, *, #4487, .T. ) ;
#3243 = CARTESIAN_POINT ( 'NONE',  ( -0.6140379357580436626, 0.01066084218051013659, 0.000000000000000000 ) ) ;
#3244 = CARTESIAN_POINT ( 'NONE',  ( -0.4351814401497979823, 0.2433172554974527280, 0.1000000000000000056 ) ) ;
#3245 = CARTESIAN_POINT ( 'NONE',  ( -1.896153846153846079, 0.5783653846153846700, 0.1000000000000000056 ) ) ;
#3246 = ORIENTED_EDGE ( 'NONE', *, *, #2476, .T. ) ;
#3247 = CARTESIAN_POINT ( 'NONE',  ( -9.800000000000002487, -4.800000000000000711, 10.50000000000000000 ) ) ;
#3248 = CARTESIAN_POINT ( 'NONE',  ( -0.5461133045518291595, 0.5467406392354440259, 1.355252715606880543E-17 ) ) ;
#3249 = PLANE ( 'NONE',  #4847 ) ;
#3250 =( NAMED_UNIT ( * ) PLANE_ANGLE_UNIT ( ) SI_UNIT ( $, .RADIAN. ) );
#3251 = CARTESIAN_POINT ( 'NONE',  ( -1.874494737926829746, 0.07553927692906248215, 0.000000000000000000 ) ) ;
#3252 = VECTOR ( 'NONE', #1489, 1000.000000000000000 ) ;
#3253 = CARTESIAN_POINT ( 'NONE',  ( -0.4600248428376622623, 0.1610036274238266230, 0.1000000000000000056 ) ) ;
#3254 = CARTESIAN_POINT ( 'NONE',  ( -0.7945204346774339399, -0.01348522296464104916, 0.000000000000000000 ) ) ;
#3255 = CARTESIAN_POINT ( 'NONE',  ( -1.849293797892433977, 0.5259844748879166643, 0.1000000000000000056 ) ) ;
#3256 = EDGE_CURVE ( 'NONE', #4771, #1262, #1807, .T. ) ;
#3257 = CARTESIAN_POINT ( 'NONE',  ( -0.5068509615384614309, 0.08954326923076921796, 0.000000000000000000 ) ) ;
#3258 = VERTEX_POINT ( 'NONE', #374 ) ;
#3259 = EDGE_CURVE ( 'NONE', #2730, #3137, #330, .T. ) ;
#3260 = DIRECTION ( 'NONE',  ( -0.000000000000000000, -0.000000000000000000, -1.000000000000000000 ) ) ;
#3261 = ORIENTED_EDGE ( 'NONE', *, *, #3366, .T. ) ;
#3262 = CARTESIAN_POINT ( 'NONE',  ( -1.984726781817355734, 0.1547253755640231043, 0.000000000000000000 ) ) ;
#3263 = VERTEX_POINT ( 'NONE', #2396 ) ;
#3264 = ORIENTED_EDGE ( 'NONE', *, *, #1232, .T. ) ;
#3265 = CARTESIAN_POINT ( 'NONE',  ( -2.723076923076923173, 0.000000000000000000, 0.1000000000000000056 ) ) ;
#3266 = VERTEX_POINT ( 'NONE', #5166 ) ;
#3267 = CARTESIAN_POINT ( 'NONE',  ( 0.8699999999999968869, -3.959999999999999964, 3.875777422434217368E-17 ) ) ;
#3268 = CARTESIAN_POINT ( 'NONE',  ( -1.831567575901209777, 0.06736670900023293551, 0.1000000000000000056 ) ) ;
#3269 = FACE_OUTER_BOUND ( 'NONE', #1258, .T. ) ;
#3270 = VERTEX_POINT ( 'NONE', #1177 ) ;
#3271 = DIRECTION ( 'NONE',  ( 0.000000000000000000, -0.000000000000000000, -1.000000000000000000 ) ) ;
#3272 = ORIENTED_EDGE ( 'NONE', *, *, #4652, .F. ) ;
#3273 = ORIENTED_EDGE ( 'NONE', *, *, #5047, .T. ) ;
#3274 = CARTESIAN_POINT ( 'NONE',  ( -0.9788731240368505615, 0.06909883303997702009, 0.000000000000000000 ) ) ;
#3275 = FACE_BOUND ( 'NONE', #1521, .T. ) ;
#3276 = CARTESIAN_POINT ( 'NONE',  ( -0.5106435983868072848, 0.08524622795043473866, -0.000000000000000000 ) ) ;
#3277 = ORIENTED_EDGE ( 'NONE', *, *, #4172, .F. ) ;
#3278 = CARTESIAN_POINT ( 'NONE',  ( -1.766083608121416404, 0.5361973718412391676, 0.1000000000000000056 ) ) ;
#3279 = PRESENTATION_STYLE_ASSIGNMENT (( #1550 ) ) ;
#3280 = LINE ( 'NONE', #1284, #454 ) ;
#3281 = FILL_AREA_STYLE ('',( #3314 ) ) ;
#3282 = CARTESIAN_POINT ( 'NONE',  ( -9.800000000000002487, 4.800000000000000711, 10.30000000000000071 ) ) ;
#3283 = VECTOR ( 'NONE', #38, 1000.000000000000000 ) ;
#3284 = LINE ( 'NONE', #5160, #4901 ) ;
#3285 = CARTESIAN_POINT ( 'NONE',  ( -0.7943316472285284480, 0.6135430226476268345, 0.1000000000000000056 ) ) ;
#3286 = DIRECTION ( 'NONE',  ( -1.000000000000000000, 0.000000000000000000, 0.000000000000000000 ) ) ;
#3287 = SURFACE_STYLE_USAGE ( .BOTH. , #4128 ) ;
#3288 = VECTOR ( 'NONE', #2265, 1000.000000000000000 ) ;
#3289 = EDGE_CURVE ( 'NONE', #4475, #5018, #311, .T. ) ;
#3290 = CARTESIAN_POINT ( 'NONE',  ( 8.489999999999998437, 0.000000000000000000, -3.400000000000003020 ) ) ;
#3291 = PRESENTATION_STYLE_ASSIGNMENT (( #652 ) ) ;
#3292 = CARTESIAN_POINT ( 'NONE',  ( -0.8139553730934118159, -0.01104756441982597884, 1.355252715606880543E-17 ) ) ;
#3293 = LINE ( 'NONE', #4745, #4108 ) ;
#3294 = DIRECTION ( 'NONE',  ( 1.000000000000000000, 0.000000000000000000, 0.000000000000000000 ) ) ;
#3295 = VECTOR ( 'NONE', #31, 1000.000000000000114 ) ;
#3296 = UNCERTAINTY_MEASURE_WITH_UNIT (LENGTH_MEASURE( 1.000000000000000082E-05 ), #2949, 'distance_accuracy_value', 'NONE');
#3297 = DIRECTION ( 'NONE',  ( -0.000000000000000000, -0.000000000000000000, 1.000000000000000000 ) ) ;
#3298 =( LENGTH_UNIT ( ) NAMED_UNIT ( * ) SI_UNIT ( .MILLI., .METRE. ) );
#3299 = LINE ( 'NONE', #1741, #1996 ) ;
#3300 = PRESENTATION_STYLE_ASSIGNMENT (( #711 ) ) ;
#3301 =( NAMED_UNIT ( * ) PLANE_ANGLE_UNIT ( ) SI_UNIT ( $, .RADIAN. ) );
#3302 = PLANE ( 'NONE',  #3982 ) ;
#3303 = PRESENTATION_LAYER_ASSIGNMENT (  '', '', ( #4279 ) ) ;
#3304 =( LENGTH_UNIT ( ) NAMED_UNIT ( * ) SI_UNIT ( .MILLI., .METRE. ) );
#3305 = CARTESIAN_POINT ( 'NONE',  ( 1.669999999999997042, -3.860000000000000764, -3.499999999999998668 ) ) ;
#3306 =( LENGTH_UNIT ( ) NAMED_UNIT ( * ) SI_UNIT ( .MILLI., .METRE. ) );
#3307 = CARTESIAN_POINT ( 'NONE',  ( -0.6000208373513866711, 0.5111703182328923845, -1.355252715606880543E-17 ) ) ;
#3308 = DIRECTION ( 'NONE',  ( -0.000000000000000000, -1.000000000000000000, -0.000000000000000000 ) ) ;
#3309 = CARTESIAN_POINT ( 'NONE',  ( -2.067628520235639922, 0.2077983655702145827, 0.000000000000000000 ) ) ;
#3310 = CARTESIAN_POINT ( 'NONE',  ( -0.7945204346774339399, -0.01348522296464104916, 0.1000000000000000056 ) ) ;
#3311 = CARTESIAN_POINT ( 'NONE',  ( -0.9610122779845655661, 0.1381874035073555052, -0.000000000000000000 ) ) ;
#3312 = CARTESIAN_POINT ( 'NONE',  ( -1.716306771604603210, 0.5999241308578343590, 0.000000000000000000 ) ) ;
#3313 = CARTESIAN_POINT ( 'NONE',  ( -1.690986266451797393, 0.5384305125771687850, 0.000000000000000000 ) ) ;
#3314 = FILL_AREA_STYLE_COLOUR ( '', #2442 ) ;
#3315 = DIRECTION ( 'NONE',  ( 0.000000000000000000, 0.000000000000000000, 1.000000000000000000 ) ) ;
#3316 = B_SPLINE_CURVE_WITH_KNOTS ( 'NONE', 3,
 ( #1067, #1888, #3555, #4294, #3923, #2319, #1905, #4690, #4275, #690, #4348, #5099, #4308, #5128, #281, #1922, #1087, #2276, #3104 ),
 .UNSPECIFIED., .F., .F.,
 ( 4, 1, 1, 1, 1, 1, 1, 1, 1, 1, 1, 1, 1, 1, 1, 1, 4 ),
 ( 0.000000000000000000, 0.07015117599727851982, 0.1378126061901916166, 0.2032262471813942040, 0.2671740552944739666, 0.3300240034081788343, 0.3917942717866855773, 0.4530843989971402586, 0.5143339076458773862, 0.5749999928182691900, 0.6348654826222128733, 0.6941163151896413419, 0.7534416217804381644, 0.8131258003036119231, 0.8740796856370746104, 0.9360070132744069404, 1.000000000000000000 ),
 .UNSPECIFIED. ) ;
#3317 = EDGE_CURVE ( 'NONE', #3539, #1573, #3929, .T. ) ;
#3318 = STYLED_ITEM ( 'NONE', ( #1671 ), #3998 ) ;
#3319 = CARTESIAN_POINT ( 'NONE',  ( 9.799999999999991829, 5.000000000000000000, 0.000000000000000000 ) ) ;
#3320 = EDGE_CURVE ( 'NONE', #5149, #3838, #2447, .T. ) ;
#3321 = FILL_AREA_STYLE ('',( #4922 ) ) ;
#3322 = CARTESIAN_POINT ( 'NONE',  ( -1.736262216909717271, 0.06166279466304934453, 0.000000000000000000 ) ) ;
#3323 = CARTESIAN_POINT ( 'NONE',  ( -0.6799551361419354789, 0.5454712172434104112, 0.000000000000000000 ) ) ;
#3324 = LINE ( 'NONE', #1778, #2277 ) ;
#3325 = CARTESIAN_POINT ( 'NONE',  ( -1.476923076923076783, 0.5384615384615384359, 0.1000000000000000056 ) ) ;
#3326 = EDGE_LOOP ( 'NONE', ( #3714, #579, #2263, #3246 ) ) ;
#3327 = VERTEX_POINT ( 'NONE', #5182 ) ;
#3328 = CARTESIAN_POINT ( 'NONE',  ( -0.9682692307692306599, 0.1461538461538461620, 0.1000000000000000056 ) ) ;
#3329 = VECTOR ( 'NONE', #595, 1000.000000000000000 ) ;
#3330 = ORIENTED_EDGE ( 'NONE', *, *, #1937, .F. ) ;
#3331 = ORIENTED_EDGE ( 'NONE', *, *, #3002, .F. ) ;
#3332 = SURFACE_STYLE_USAGE ( .BOTH. , #1766 ) ;
#3333 = ORIENTED_EDGE ( 'NONE', *, *, #2315, .T. ) ;
#3334 = VECTOR ( 'NONE', #448, 1000.000000000000000 ) ;
#3335 = PLANE ( 'NONE',  #1070 ) ;
#3336 = ORIENTED_EDGE ( 'NONE', *, *, #3857, .T. ) ;
#3337 = CARTESIAN_POINT ( 'NONE',  ( -1.707331730769230616, 0.06153846153846153494, 0.000000000000000000 ) ) ;
#3338 = ORIENTED_EDGE ( 'NONE', *, *, #1745, .F. ) ;
#3339 = CARTESIAN_POINT ( 'NONE',  ( 8.489999999999998437, 3.959999999999999964, 3.875777422434217368E-17 ) ) ;
#3340 = CARTESIAN_POINT ( 'NONE',  ( 9.289999999999997371, -3.860000000000000764, -3.499999999999998668 ) ) ;
#3341 = ORIENTED_EDGE ( 'NONE', *, *, #2310, .F. ) ;
#3342 = VECTOR ( 'NONE', #4012, 1000.000000000000000 ) ;
#3343 = CARTESIAN_POINT ( 'NONE',  ( 9.799999999999995381, -4.799999999999998046, 10.50000000000000000 ) ) ;
#3344 = CARTESIAN_POINT ( 'NONE',  ( -0.5857828291609875615, 0.5015166007674874971, 0.000000000000000000 ) ) ;
#3345 = CARTESIAN_POINT ( 'NONE',  ( -1.969492598579914544, 0.05100258119593960304, 0.000000000000000000 ) ) ;
#3346 = CARTESIAN_POINT ( 'NONE',  ( -9.115000000000005542, 4.035000000000000142, 0.000000000000000000 ) ) ;
#3347 =( GEOMETRIC_REPRESENTATION_CONTEXT ( 3 ) GLOBAL_UNCERTAINTY_ASSIGNED_CONTEXT ( ( #3850 ) ) GLOBAL_UNIT_ASSIGNED_CONTEXT ( ( #4357, #346, #1965 ) ) REPRESENTATION_CONTEXT ( 'NONE', 'WORKASPACE' ) );
#3348 = DIRECTION ( 'NONE',  ( 0.000000000000000000, 0.000000000000000000, 1.000000000000000000 ) ) ;
#3349 = PLANE ( 'NONE',  #3024 ) ;
#3350 =( LENGTH_UNIT ( ) NAMED_UNIT ( * ) SI_UNIT ( .MILLI., .METRE. ) );
#3351 = LINE ( 'NONE', #4296, #648 ) ;
#3352 = AXIS2_PLACEMENT_3D ( 'NONE', #2536, #4125, #1739 ) ;
#3353 = SURFACE_STYLE_USAGE ( .BOTH. , #4602 ) ;
#3354 = ADVANCED_FACE ( 'NONE', ( #1418 ), #2791, .T. ) ;
#3355 = FILL_AREA_STYLE_COLOUR ( '', #4185 ) ;
#3356 = CARTESIAN_POINT ( 'NONE',  ( -1.015384615384615330, 0.4899038461538460787, 0.1000000000000000056 ) ) ;
#3357 = SURFACE_STYLE_FILL_AREA ( #4090 ) ;
#3358 = LINE ( 'NONE', #5053, #3806 ) ;
#3359 = FILL_AREA_STYLE_COLOUR ( '', #857 ) ;
#3360 = CARTESIAN_POINT ( 'NONE',  ( -9.115000000000005542, 3.585000000000000409, -3.400000000000003020 ) ) ;
#3361 = SURFACE_STYLE_USAGE ( .BOTH. , #4975 ) ;
#3362 = AXIS2_PLACEMENT_3D ( 'NONE', #2326, #664, #3092 ) ;
#3363 = EDGE_CURVE ( 'NONE', #249, #1256, #4141, .T. ) ;
#3364 = CARTESIAN_POINT ( 'NONE',  ( -2.438461538461538236, 0.5999999999999997558, 0.000000000000000000 ) ) ;
#3365 = VECTOR ( 'NONE', #2847, 1000.000000000000000 ) ;
#3366 = EDGE_CURVE ( 'NONE', #2586, #2233, #3033, .T. ) ;
#3367 = SURFACE_STYLE_FILL_AREA ( #3213 ) ;
#3368 = PRESENTATION_STYLE_ASSIGNMENT (( #3667 ) ) ;
#3369 = CARTESIAN_POINT ( 'NONE',  ( -1.793304595930337975, 0.5972040908718565522, 0.000000000000000000 ) ) ;
#3370 = EDGE_CURVE ( 'NONE', #4153, #3258, #5152, .T. ) ;
#3371 = VECTOR ( 'NONE', #100, 1000.000000000000000 ) ;
#3372 = ORIENTED_EDGE ( 'NONE', *, *, #4666, .F. ) ;
#3373 = CARTESIAN_POINT ( 'NONE',  ( -0.7644410928384609560, 0.04644335125400157055, 0.1000000000000000056 ) ) ;
#3374 =( NAMED_UNIT ( * ) SI_UNIT ( $, .STERADIAN. ) SOLID_ANGLE_UNIT ( ) );
#3375 = CARTESIAN_POINT ( 'NONE',  ( -2.020896484065850984, 0.2536447818263705134, 0.1000000000000000056 ) ) ;
#3376 = PRESENTATION_LAYER_ASSIGNMENT (  '', '', ( #3106 ) ) ;
#3377 = DIRECTION ( 'NONE',  ( 1.000000000000000000, -0.000000000000000000, -0.000000000000000000 ) ) ;
#3378 = EDGE_LOOP ( 'NONE', ( #2146, #4825, #623, #4594 ) ) ;
#3379 = CARTESIAN_POINT ( 'NONE',  ( -2.050323695688066827, 0.4328569179779485077, 0.000000000000000000 ) ) ;
#3380 = CARTESIAN_POINT ( 'NONE',  ( 9.799999999999993605, -5.000000000000000000, 0.000000000000000000 ) ) ;
#3381 = CARTESIAN_POINT ( 'NONE',  ( -0.7322533631448764346, 0.5536390444102005093, 0.000000000000000000 ) ) ;
#3382 =( NAMED_UNIT ( * ) PLANE_ANGLE_UNIT ( ) SI_UNIT ( $, .RADIAN. ) );
#3383 = PLANE ( 'NONE',  #4443 ) ;
#3384 = ADVANCED_FACE ( 'NONE', ( #2189 ), #2132, .T. ) ;
#3385 = SURFACE_STYLE_FILL_AREA ( #264 ) ;
#3386 = CARTESIAN_POINT ( 'NONE',  ( -1.716306771604603210, 0.5999241308578343590, 0.1000000000000000056 ) ) ;
#3387 = CARTESIAN_POINT ( 'NONE',  ( -0.5374314281561211049, 0.4557406285019685588, 0.1000000000000000056 ) ) ;
#3388 = FACE_OUTER_BOUND ( 'NONE', #1648, .T. ) ;
#3389 = FILL_AREA_STYLE_COLOUR ( '', #4556 ) ;
#3390 = ORIENTED_EDGE ( 'NONE', *, *, #3449, .F. ) ;
#3391 = MECHANICAL_DESIGN_GEOMETRIC_PRESENTATION_REPRESENTATION (  '', ( #3505 ), #5103 ) ;
#3392 = STYLED_ITEM ( 'NONE', ( #397 ), #4370 ) ;
#3393 =( LENGTH_UNIT ( ) NAMED_UNIT ( * ) SI_UNIT ( .MILLI., .METRE. ) );
#3394 = EDGE_LOOP ( 'NONE', ( #186, #2906, #4032, #3909 ) ) ;
#3395 = EDGE_CURVE ( 'NONE', #1256, #2550, #4923, .T. ) ;
#3396 = CARTESIAN_POINT ( 'NONE',  ( -2.050323695688066827, 0.4328569179779485077, 0.1000000000000000056 ) ) ;
#3397 = UNCERTAINTY_MEASURE_WITH_UNIT (LENGTH_MEASURE( 1.000000000000000082E-05 ), #2429, 'distance_accuracy_value', 'NONE');
#3398 =( NAMED_UNIT ( * ) SI_UNIT ( $, .STERADIAN. ) SOLID_ANGLE_UNIT ( ) );
#3399 = ORIENTED_EDGE ( 'NONE', *, *, #2287, .F. ) ;
#3400 = CARTESIAN_POINT ( 'NONE',  ( -0.6979324620080854524, -0.01184942314816713436, -1.355252715606880543E-17 ) ) ;
#3401 = CARTESIAN_POINT ( 'NONE',  ( -1.887776550538735831, 0.01244475655156214271, 0.000000000000000000 ) ) ;
#3402 = ORIENTED_EDGE ( 'NONE', *, *, #87, .T. ) ;
#3403 = VERTEX_POINT ( 'NONE', #2411 ) ;
#3404 = CARTESIAN_POINT ( 'NONE',  ( -1.584615384615384537, 0.000000000000000000, 0.000000000000000000 ) ) ;
#3405 = VECTOR ( 'NONE', #2404, 1000.000000000000000 ) ;
#3406 = ORIENTED_EDGE ( 'NONE', *, *, #4174, .T. ) ;
#3407 = CARTESIAN_POINT ( 'NONE',  ( -1.192307692307692069, 0.3538461538461538103, 0.1000000000000000056 ) ) ;
#3408 = EDGE_LOOP ( 'NONE', ( #4448, #1712, #613, #47 ) ) ;
#3409 = EDGE_LOOP ( 'NONE', ( #691, #4660, #4092, #2789 ) ) ;
#3410 = EDGE_LOOP ( 'NONE', ( #4095, #3658, #947, #3212 ) ) ;
#3411 = CARTESIAN_POINT ( 'NONE',  ( -0.4892130401977036191, 0.3510703760130532980, 0.1000000000000000056 ) ) ;
#3412 = EDGE_LOOP ( 'NONE', ( #3031, #2556, #956, #3014, #1526, #3081 ) ) ;
#3413 = VERTEX_POINT ( 'NONE', #1675 ) ;
#3414 = ADVANCED_FACE ( 'NONE', ( #2576 ), #610, .T. ) ;
#3415 = SURFACE_STYLE_USAGE ( .BOTH. , #3434 ) ;
#3416 = VECTOR ( 'NONE', #856, 1000.000000000000000 ) ;
#3417 = CARTESIAN_POINT ( 'NONE',  ( -0.9649082213367387029, 0.4578517486743477471, -0.000000000000000000 ) ) ;
#3418 = DIRECTION ( 'NONE',  ( 0.000000000000000000, -1.000000000000000000, 0.000000000000000000 ) ) ;
#3419 = CARTESIAN_POINT ( 'NONE',  ( -0.5225303327861570146, 0.5257338930716274339, 0.1000000000000000056 ) ) ;
#3420 = CARTESIAN_POINT ( 'NONE',  ( -0.5561366732862572659, 0.04347991929881141193, 0.1000000000000000056 ) ) ;
#3421 = LINE ( 'NONE', #1313, #2801 ) ;
#3422 = CARTESIAN_POINT ( 'NONE',  ( 1.669999999999997042, -3.660000000000000142, -3.399999999999999467 ) ) ;
#3423 = CARTESIAN_POINT ( 'NONE',  ( 9.999999999999996447, 4.800000000000000711, 10.30000000000000071 ) ) ;
#3424 = AXIS2_PLACEMENT_3D ( 'NONE', #4445, #1608, #2836 ) ;
#3425 = CARTESIAN_POINT ( 'NONE',  ( -2.212620192307692246, 0.000000000000000000, 0.000000000000000000 ) ) ;
#3426 = COLOUR_RGB ( '',0.7960784313725489669, 0.8235294117647058432, 0.9372549019607843146 ) ;
#3427 = CARTESIAN_POINT ( 'NONE',  ( 9.289999999999997371, 3.759999999999999343, -3.499999999999998668 ) ) ;
#3428 = AXIS2_PLACEMENT_3D ( 'NONE', #4575, #4118, #1735 ) ;
#3429 = VECTOR ( 'NONE', #2369, 1000.000000000000114 ) ;
#3430 = EDGE_CURVE ( 'NONE', #4760, #1403, #4262, .T. ) ;
#3431 = VECTOR ( 'NONE', #4948, 1000.000000000000000 ) ;
#3432 = B_SPLINE_CURVE_WITH_KNOTS ( 'NONE', 3,
 ( #1593, #4397, #3255, #406, #18, #3631, #3675, #859, #4472, #4067, #1243 ),
 .UNSPECIFIED., .F., .F.,
 ( 4, 1, 1, 1, 1, 1, 1, 1, 4 ),
 ( 0.000000000000000000, 0.08431861695858144934, 0.1792845142139035675, 0.2865825276465601146, 0.4051114834342786075, 0.5355928734189734364, 0.6781902099934135064, 0.8329758397604886122, 0.9999999999999998890 ),
 .UNSPECIFIED. ) ;
#3433 = ADVANCED_FACE ( 'NONE', ( #405 ), #2918, .T. ) ;
#3434 = SURFACE_SIDE_STYLE ('',( #784 ) ) ;
#3435 = CARTESIAN_POINT ( 'NONE',  ( -0.7539663461538461675, 0.04615384615384614947, 0.1000000000000000056 ) ) ;
#3436 = COLOUR_RGB ( '',0.7960784313725489669, 0.8235294117647058432, 0.9372549019607843146 ) ;
#3437 = DIRECTION ( 'NONE',  ( 0.7071067811865352493, 0.000000000000000000, 0.7071067811865597852 ) ) ;
#3438 = VECTOR ( 'NONE', #3931, 999.9999999999998863 ) ;
#3439 = CARTESIAN_POINT ( 'NONE',  ( -1.861374198076108488, 0.5881830113118070580, 0.1000000000000000056 ) ) ;
#3440 = CARTESIAN_POINT ( 'NONE',  ( -0.6140379357580436626, 0.01066084218051013659, -1.355252715606880543E-17 ) ) ;
#3441 = EDGE_LOOP ( 'NONE', ( #2660, #69, #1389, #945 ) ) ;
#3442 = CARTESIAN_POINT ( 'NONE',  ( -1.796617746508770930, 0.0002171810820796092969, 0.000000000000000000 ) ) ;
#3443 = DIRECTION ( 'NONE',  ( 0.000000000000000000, -1.000000000000000000, 0.000000000000000000 ) ) ;
#3444 = VERTEX_POINT ( 'NONE', #4055 ) ;
#3445 =( LENGTH_UNIT ( ) NAMED_UNIT ( * ) SI_UNIT ( .MILLI., .METRE. ) );
#3446 = CARTESIAN_POINT ( 'NONE',  ( 9.289999999999997371, 3.959999999999999964, 3.875777422434217368E-17 ) ) ;
#3447 = LINE ( 'NONE', #2606, #1583 ) ;
#3448 = DIRECTION ( 'NONE',  ( -0.000000000000000000, -0.000000000000000000, -1.000000000000000000 ) ) ;
#3449 = EDGE_CURVE ( 'NONE', #4398, #1073, #5118, .T. ) ;
#3450 = CARTESIAN_POINT ( 'NONE',  ( -0.4848217028603703516, 0.3169861815763862500, 0.1000000000000000056 ) ) ;
#3451 = CARTESIAN_POINT ( 'NONE',  ( -0.5840510481298417655, 0.02545645499853768645, 0.1000000000000000056 ) ) ;
#3452 = DIRECTION ( 'NONE',  ( 1.000000000000000000, 0.000000000000000000, 0.000000000000000000 ) ) ;
#3453 = CARTESIAN_POINT ( 'NONE',  ( -0.6460819730816871331, -0.0007312983922106492838, 0.1000000000000000056 ) ) ;
#3454 = DIRECTION ( 'NONE',  ( 0.000000000000000000, -1.000000000000000000, 0.000000000000000000 ) ) ;
#3455 = CARTESIAN_POINT ( 'NONE',  ( -1.192307692307692069, 0.06153846153846153494, 0.1000000000000000056 ) ) ;
#3456 = ADVANCED_FACE ( 'NONE', ( #1491 ), #3349, .T. ) ;
#3457 = CARTESIAN_POINT ( 'NONE',  ( -1.584615384615384537, 0.5999999999999999778, 0.1000000000000000056 ) ) ;
#3458 = VECTOR ( 'NONE', #238, 1000.000000000000000 ) ;
#3459 = STYLED_ITEM ( 'NONE', ( #737 ), #607 ) ;
#3460 = ORIENTED_EDGE ( 'NONE', *, *, #2200, .F. ) ;
#3461 = CARTESIAN_POINT ( 'NONE',  ( 9.289999999999997371, 3.959999999999999964, -3.400000000000003020 ) ) ;
#3462 = VERTEX_POINT ( 'NONE', #112 ) ;
#3463 = UNCERTAINTY_MEASURE_WITH_UNIT (LENGTH_MEASURE( 1.000000000000000082E-05 ), #3393, 'distance_accuracy_value', 'NONE');
#3464 = ORIENTED_EDGE ( 'NONE', *, *, #3468, .T. ) ;
#3465 = ADVANCED_FACE ( 'NONE', ( #2055 ), #2570, .T. ) ;
#3466 = CARTESIAN_POINT ( 'NONE',  ( -0.9662656478392515069, 0.5429463988281207909, 0.1000000000000000056 ) ) ;
#3467 = MECHANICAL_DESIGN_GEOMETRIC_PRESENTATION_REPRESENTATION (  '', ( #2308 ), #288 ) ;
#3468 = EDGE_CURVE ( 'NONE', #3270, #1493, #987, .T. ) ;
#3469 = ORIENTED_EDGE ( 'NONE', *, *, #620, .F. ) ;
#3470 = CARTESIAN_POINT ( 'NONE',  ( -0.6723124612965978297, 0.05590384670553963375, 0.1000000000000000056 ) ) ;
#3471 = ORIENTED_EDGE ( 'NONE', *, *, #1314, .F. ) ;
#3472 = CARTESIAN_POINT ( 'NONE',  ( -0.5598815868659525741, 0.4800845659987598713, -1.355252715606880543E-17 ) ) ;
#3473 = CARTESIAN_POINT ( 'NONE',  ( -1.879623136859163379, 0.5838307535315717667, 0.1000000000000000056 ) ) ;
#3474 = VERTEX_POINT ( 'NONE', #135 ) ;
#3475 = VECTOR ( 'NONE', #95, 1000.000000000000000 ) ;
#3476 = DIRECTION ( 'NONE',  ( 0.000000000000000000, 0.000000000000000000, 1.000000000000000000 ) ) ;
#3477 =( NAMED_UNIT ( * ) PLANE_ANGLE_UNIT ( ) SI_UNIT ( $, .RADIAN. ) );
#3478 = EDGE_LOOP ( 'NONE', ( #2542, #4651, #3848, #2203 ) ) ;
#3479 = COLOUR_RGB ( '',0.7960784313725489669, 0.8235294117647058432, 0.9372549019607843146 ) ;
#3480 = SURFACE_STYLE_USAGE ( .BOTH. , #2261 ) ;
#3481 = ORIENTED_EDGE ( 'NONE', *, *, #1299, .T. ) ;
#3482 = SURFACE_STYLE_FILL_AREA ( #1752 ) ;
#3483 = VERTEX_POINT ( 'NONE', #3328 ) ;
#3484 = CARTESIAN_POINT ( 'NONE',  ( -2.153846153846153744, 0.000000000000000000, 0.1000000000000000056 ) ) ;
#3485 = CARTESIAN_POINT ( 'NONE',  ( -1.638461538461538192, 0.06153846153846153494, 0.1000000000000000056 ) ) ;
#3486 = CIRCLE ( 'NONE', #3795, 0.4950336815138468571 ) ;
#3487 = VECTOR ( 'NONE', #4390, 999.9999999999998863 ) ;
#3488 =( GEOMETRIC_REPRESENTATION_CONTEXT ( 3 ) GLOBAL_UNCERTAINTY_ASSIGNED_CONTEXT ( ( #988 ) ) GLOBAL_UNIT_ASSIGNED_CONTEXT ( ( #854, #4867, #4442 ) ) REPRESENTATION_CONTEXT ( 'NONE', 'WORKASPACE' ) );
#3489 = ADVANCED_FACE ( 'NONE', ( #2995 ), #3759, .F. ) ;
#3490 = CARTESIAN_POINT ( 'NONE',  ( -1.138461538461538414, 0.000000000000000000, 0.1000000000000000056 ) ) ;
#3491 = FACE_OUTER_BOUND ( 'NONE', #430, .T. ) ;
#3492 = VECTOR ( 'NONE', #3238, 1000.000000000000000 ) ;
#3493 = CARTESIAN_POINT ( 'NONE',  ( -0.7539663461538461675, 0.04615384615384614947, 1.355252715606880543E-17 ) ) ;
#3494 = CARTESIAN_POINT ( 'NONE',  ( -1.982919626677182023, 0.06205835525544827619, 0.1000000000000000056 ) ) ;
#3495 = EDGE_CURVE ( 'NONE', #2843, #2716, #2000, .T. ) ;
#3496 =( NAMED_UNIT ( * ) PLANE_ANGLE_UNIT ( ) SI_UNIT ( $, .RADIAN. ) );
#3497 = CARTESIAN_POINT ( 'NONE',  ( -1.999723771506162429, 0.4067718029050322315, 0.1000000000000000056 ) ) ;
#3498 = SURFACE_SIDE_STYLE ('',( #3385 ) ) ;
#3499 = CARTESIAN_POINT ( 'NONE',  ( 9.289999999999997371, -3.660000000000000142, -3.400000000000003020 ) ) ;
#3500 = EDGE_CURVE ( 'NONE', #2538, #4706, #3760, .T. ) ;
#3501 = CARTESIAN_POINT ( 'NONE',  ( -1.138461538461538414, 0.5999999999999999778, 0.000000000000000000 ) ) ;
#3502 = CARTESIAN_POINT ( 'NONE',  ( -1.766084522364050668, 0.5988481707315355118, 0.000000000000000000 ) ) ;
#3503 = VECTOR ( 'NONE', #921, 1000.000000000000000 ) ;
#3504 = DIRECTION ( 'NONE',  ( -1.000000000000000000, 0.000000000000000000, -0.000000000000000000 ) ) ;
#3505 = STYLED_ITEM ( 'NONE', ( #2018 ), #181 ) ;
#3506 = MECHANICAL_DESIGN_GEOMETRIC_PRESENTATION_REPRESENTATION (  '', ( #4124 ), #3763 ) ;
#3507 = EDGE_CURVE ( 'NONE', #5146, #4646, #922, .T. ) ;
#3508 = SURFACE_STYLE_FILL_AREA ( #2932 ) ;
#3509 = B_SPLINE_CURVE_WITH_KNOTS ( 'NONE', 3,
 ( #4964, #1405, #1776, #4199, #162, #1816, #4610, #4942, #3010, #3419, #2956, #2290, #119, #1324, #4920, #906, #1796, #4163, #920 ),
 .UNSPECIFIED., .F., .F.,
 ( 4, 1, 1, 1, 1, 1, 1, 1, 1, 1, 1, 1, 1, 1, 1, 1, 4 ),
 ( 0.000000000000000000, 0.06455784592971904046, 0.1270135315497586959, 0.1879548102020904554, 0.2480139127896340001, 0.3077476818488372734, 0.3682345146974851935, 0.4294698439426692937, 0.4927434367465849951, 0.5562577687060832332, 0.6182167855431435211, 0.6796554755875550136, 0.7412455456206294979, 0.8034152647056966856, 0.8668154615439921384, 0.9323283119492651316, 1.000000000000000000 ),
 .UNSPECIFIED. ) ;
#3510 = CARTESIAN_POINT ( 'NONE',  ( -0.1307692307692307765, 0.5999999999999999778, 0.000000000000000000 ) ) ;
#3511 = CARTESIAN_POINT ( 'NONE',  ( -0.8996886787743655356, 0.5143531435190650258, 0.1000000000000000056 ) ) ;
#3512 = CARTESIAN_POINT ( 'NONE',  ( -0.5140029193874945390, 0.1777056002679515967, 0.1000000000000000056 ) ) ;
#3513 = CARTESIAN_POINT ( 'NONE',  ( -1.867264443638022575, 0.007889745843672675216, 1.355252715606880543E-17 ) ) ;
#3514 = FILL_AREA_STYLE ('',( #4654 ) ) ;
#3515 = CARTESIAN_POINT ( 'NONE',  ( -8.665000000000004476, 4.035000000000000142, -3.400000000000003020 ) ) ;
#3516 = ORIENTED_EDGE ( 'NONE', *, *, #729, .T. ) ;
#3517 = ADVANCED_FACE ( 'NONE', ( #4681 ), #3335, .T. ) ;
#3518 = MECHANICAL_DESIGN_GEOMETRIC_PRESENTATION_REPRESENTATION (  '', ( #2278 ), #709 ) ;
#3519 = ORIENTED_EDGE ( 'NONE', *, *, #1659, .T. ) ;
#3520 = DIRECTION ( 'NONE',  ( 0.000000000000000000, -0.000000000000000000, 1.000000000000000000 ) ) ;
#3521 = VECTOR ( 'NONE', #733, 1000.000000000000000 ) ;
#3522 = CARTESIAN_POINT ( 'NONE',  ( -0.9474899385912244343, 0.4769825704226118845, 0.1000000000000000056 ) ) ;
#3523 = FACE_OUTER_BOUND ( 'NONE', #2790, .T. ) ;
#3524 = DIRECTION ( 'NONE',  ( -1.000000000000000000, 0.000000000000000000, 0.000000000000000000 ) ) ;
#3525 = CARTESIAN_POINT ( 'NONE',  ( -2.018854491492194647, 0.1017559687827084003, 1.355252715606880543E-17 ) ) ;
#3526 = CARTESIAN_POINT ( 'NONE',  ( -0.1307692307692307765, 0.06153846153846153494, 0.000000000000000000 ) ) ;
#3527 = STYLED_ITEM ( 'NONE', ( #456 ), #4827 ) ;
#3528 = ORIENTED_EDGE ( 'NONE', *, *, #4493, .F. ) ;
#3529 = CARTESIAN_POINT ( 'NONE',  ( -1.638461538461538192, 0.5384615384615384359, 0.1000000000000000056 ) ) ;
#3530 = CARTESIAN_POINT ( 'NONE',  ( -0.7611570504342737298, 0.5535701939500979885, 0.1000000000000000056 ) ) ;
#3531 = PLANE ( 'NONE',  #3535 ) ;
#3532 = LINE ( 'NONE', #2122, #4946 ) ;
#3533 = ORIENTED_EDGE ( 'NONE', *, *, #1242, .T. ) ;
#3534 = DIRECTION ( 'NONE',  ( -1.000000000000000000, -0.000000000000000000, -0.000000000000000000 ) ) ;
#3535 = AXIS2_PLACEMENT_3D ( 'NONE', #656, #4724, #2699 ) ;
#3536 = ORIENTED_EDGE ( 'NONE', *, *, #907, .F. ) ;
#3537 = UNCERTAINTY_MEASURE_WITH_UNIT (LENGTH_MEASURE( 1.000000000000000082E-05 ), #3306, 'distance_accuracy_value', 'NONE');
#3538 = LINE ( 'NONE', #1555, #438 ) ;
#3539 = VERTEX_POINT ( 'NONE', #4959 ) ;
#3540 = ORIENTED_EDGE ( 'NONE', *, *, #1577, .T. ) ;
#3541 = EDGE_LOOP ( 'NONE', ( #4882, #4455, #3406, #966 ) ) ;
#3542 = ORIENTED_EDGE ( 'NONE', *, *, #2565, .T. ) ;
#3543 = CARTESIAN_POINT ( 'NONE',  ( -2.547475961538461231, 0.2538461538461538325, 0.000000000000000000 ) ) ;
#3544 = ADVANCED_FACE ( 'NONE', ( #4307 ), #138, .F. ) ;
#3545 = CARTESIAN_POINT ( 'NONE',  ( -0.8140785415391361690, 0.5480183052969317403, 0.000000000000000000 ) ) ;
#3546 = VECTOR ( 'NONE', #3454, 1000.000000000000000 ) ;
#3547 = EDGE_CURVE ( 'NONE', #4138, #727, #27, .T. ) ;
#3548 = CARTESIAN_POINT ( 'NONE',  ( -0.8518246629737538100, 0.6027709659316595747, 0.000000000000000000 ) ) ;
#3549 = PLANE ( 'NONE',  #3879 ) ;
#3550 = VERTEX_POINT ( 'NONE', #4937 ) ;
#3551 = FILL_AREA_STYLE_COLOUR ( '', #2627 ) ;
#3552 = PLANE ( 'NONE',  #931 ) ;
#3553 = VECTOR ( 'NONE', #107, 1000.000000000000000 ) ;
#3554 = CARTESIAN_POINT ( 'NONE',  ( -0.9037755254050590104, 0.01724139414240828672, 0.1000000000000000056 ) ) ;
#3555 = CARTESIAN_POINT ( 'NONE',  ( -2.022816069659676863, 0.3133505337227910914, 0.000000000000000000 ) ) ;
#3556 = VECTOR ( 'NONE', #735, 1000.000000000000000 ) ;
#3557 = FILL_AREA_STYLE_COLOUR ( '', #2426 ) ;
#3558 = CARTESIAN_POINT ( 'NONE',  ( -0.8864547281675227985, 0.5217704700234978565, 0.1000000000000000056 ) ) ;
#3559 = CARTESIAN_POINT ( 'NONE',  ( -0.8699618471243657503, 0.5969183433631014557, 0.000000000000000000 ) ) ;
#3560 = VECTOR ( 'NONE', #2876, 1000.000000000000000 ) ;
#3561 = CARTESIAN_POINT ( 'NONE',  ( -1.995606663782776069, 0.07415531155154807263, 0.1000000000000000056 ) ) ;
#3562 = SURFACE_STYLE_FILL_AREA ( #1252 ) ;
#3563 = DIRECTION ( 'NONE',  ( -0.7970624896273533766, -0.6038968352533777839, 0.000000000000000000 ) ) ;
#3564 = DIRECTION ( 'NONE',  ( -2.602085213965204015E-14, 0.000000000000000000, -1.000000000000000000 ) ) ;
#3565 = CARTESIAN_POINT ( 'NONE',  ( -1.638461538461538192, 0.5384615384615384359, 0.1000000000000000056 ) ) ;
#3566 = DIRECTION ( 'NONE',  ( -0.000000000000000000, -0.000000000000000000, -1.000000000000000000 ) ) ;
#3567 = PRESENTATION_STYLE_ASSIGNMENT (( #3415 ) ) ;
#3568 = ADVANCED_FACE ( 'NONE', ( #4179 ), #2534, .T. ) ;
#3569 = CARTESIAN_POINT ( 'NONE',  ( -0.8513914757058095306, -0.002729332317424833926, 1.355252715606880543E-17 ) ) ;
#3570 = ORIENTED_EDGE ( 'NONE', *, *, #4820, .T. ) ;
#3571 = DIRECTION ( 'NONE',  ( -0.000000000000000000, -0.000000000000000000, -1.000000000000000000 ) ) ;
#3572 = CARTESIAN_POINT ( 'NONE',  ( 8.489999999999998437, 0.000000000000000000, 0.000000000000000000 ) ) ;
#3573 = AXIS2_PLACEMENT_3D ( 'NONE', #4635, #1036, #4663 ) ;
#3574 = EDGE_CURVE ( 'NONE', #505, #180, #983, .T. ) ;
#3575 = CARTESIAN_POINT ( 'NONE',  ( -1.138461538461538414, 0.000000000000000000, 0.000000000000000000 ) ) ;
#3576 = CARTESIAN_POINT ( 'NONE',  ( -1.818235943201547800, 0.5948093149630657717, 0.1000000000000000056 ) ) ;
#3577 = FILL_AREA_STYLE_COLOUR ( '', #1923 ) ;
#3578 = CARTESIAN_POINT ( 'NONE',  ( -1.951730171704494810, 0.1172829883459740180, 0.1000000000000000056 ) ) ;
#3579 = VECTOR ( 'NONE', #3308, 1000.000000000000000 ) ;
#3580 = VERTEX_POINT ( 'NONE', #34 ) ;
#3581 = PLANE ( 'NONE',  #543 ) ;
#3582 = FILL_AREA_STYLE ('',( #2021 ) ) ;
#3583 = SURFACE_SIDE_STYLE ('',( #714 ) ) ;
#3584 = CARTESIAN_POINT ( 'NONE',  ( -2.012876717895006884, 0.3717133122127723177, 0.1000000000000000056 ) ) ;
#3585 = LINE ( 'NONE', #5067, #1449 ) ;
#3586 = ORIENTED_EDGE ( 'NONE', *, *, #1299, .F. ) ;
#3587 = ADVANCED_FACE ( 'NONE', ( #2702 ), #4900, .T. ) ;
#3588 = EDGE_CURVE ( 'NONE', #4970, #4705, #2064, .T. ) ;
#3589 = CARTESIAN_POINT ( 'NONE',  ( -1.015384615384615330, 0.4899038461538460787, 0.1000000000000000056 ) ) ;
#3590 = EDGE_LOOP ( 'NONE', ( #2171, #4826, #3889 ) ) ;
#3591 = LINE ( 'NONE', #298, #3020 ) ;
#3592 = CARTESIAN_POINT ( 'NONE',  ( -1.963631448785753797, 0.1286951578552254227, -1.355252715606880543E-17 ) ) ;
#3593 = ORIENTED_EDGE ( 'NONE', *, *, #2315, .F. ) ;
#3594 = ORIENTED_EDGE ( 'NONE', *, *, #3171, .T. ) ;
#3595 =( NAMED_UNIT ( * ) SI_UNIT ( $, .STERADIAN. ) SOLID_ANGLE_UNIT ( ) );
#3596 = ORIENTED_EDGE ( 'NONE', *, *, #4728, .T. ) ;
#3597 = CARTESIAN_POINT ( 'NONE',  ( -1.849293797892433977, 0.5259844748879166643, 0.000000000000000000 ) ) ;
#3598 = LINE ( 'NONE', #133, #1782 ) ;
#3599 = AXIS2_PLACEMENT_3D ( 'NONE', #1045, #3476, #5034 ) ;
#3600 = ORIENTED_EDGE ( 'NONE', *, *, #2128, .T. ) ;
#3601 = EDGE_CURVE ( 'NONE', #4398, #2166, #3624, .T. ) ;
#3602 = CARTESIAN_POINT ( 'NONE',  ( -0.5007762797956386569, 0.09700747304513340774, 0.000000000000000000 ) ) ;
#3603 = EDGE_LOOP ( 'NONE', ( #3264, #953, #3481, #899 ) ) ;
#3604 = ORIENTED_EDGE ( 'NONE', *, *, #108, .F. ) ;
#3605 = FILL_AREA_STYLE ('',( #1483 ) ) ;
#3606 = FACE_OUTER_BOUND ( 'NONE', #4572, .T. ) ;
#3607 = VERTEX_POINT ( 'NONE', #4426 ) ;
#3608 = CARTESIAN_POINT ( 'NONE',  ( -1.884323015916508970, 0.07873172317128203368, -1.355252715606880543E-17 ) ) ;
#3609 = LINE ( 'NONE', #3485, #207 ) ;
#3610 = FACE_OUTER_BOUND ( 'NONE', #2477, .T. ) ;
#3611 = PRESENTATION_LAYER_ASSIGNMENT (  '', '', ( #2971 ) ) ;
#3612 = CARTESIAN_POINT ( 'NONE',  ( -1.015384615384615330, 0.4899038461538460787, 0.1000000000000000056 ) ) ;
#3613 = ADVANCED_FACE ( 'NONE', ( #1226 ), #3166, .T. ) ;
#3614 = PLANE ( 'NONE',  #2518 ) ;
#3615 = CARTESIAN_POINT ( 'NONE',  ( -0.7539663461538461675, 0.04615384615384614947, 0.1000000000000000056 ) ) ;
#3616 = CARTESIAN_POINT ( 'NONE',  ( -0.4600248428376622623, 0.1610036274238266230, 0.000000000000000000 ) ) ;
#3617 = VECTOR ( 'NONE', #2650, 1000.000000000000000 ) ;
#3618 = CARTESIAN_POINT ( 'NONE',  ( -1.900276153192751227, 0.5083451564871769301, 0.1000000000000000056 ) ) ;
#3619 = VECTOR ( 'NONE', #4387, 1000.000000000000000 ) ;
#3620 = DIRECTION ( 'NONE',  ( 1.000000000000000000, 0.000000000000000000, 0.000000000000000000 ) ) ;
#3621 = LINE ( 'NONE', #4850, #3295 ) ;
#3622 = CARTESIAN_POINT ( 'NONE',  ( -8.665000000000004476, -0.000000000000000000, -3.400000000000003020 ) ) ;
#3623 = CARTESIAN_POINT ( 'NONE',  ( -1.015384615384615330, 0.4899038461538460787, 0.000000000000000000 ) ) ;
#3624 = LINE ( 'NONE', #1236, #3365 ) ;
#3625 = UNCERTAINTY_MEASURE_WITH_UNIT (LENGTH_MEASURE( 1.000000000000000082E-05 ), #1109, 'distance_accuracy_value', 'NONE');
#3626 = CARTESIAN_POINT ( 'NONE',  ( 9.799999999999995381, -5.000000000000000000, 10.30000000000000071 ) ) ;
#3627 = CARTESIAN_POINT ( 'NONE',  ( -1.963631448785753797, 0.1286951578552254227, 0.1000000000000000056 ) ) ;
#3628 = CARTESIAN_POINT ( 'NONE',  ( -0.4360167853856298237, 0.3666724908760816137, 0.1000000000000000056 ) ) ;
#3629 = DIRECTION ( 'NONE',  ( 1.000000000000000000, 0.000000000000000000, 0.000000000000000000 ) ) ;
#3630 = CARTESIAN_POINT ( 'NONE',  ( -9.115000000000005542, -3.584999999999999520, 1.068543264670088319E-15 ) ) ;
#3631 = CARTESIAN_POINT ( 'NONE',  ( -1.790261629680673927, 0.5344681167540439315, 0.1000000000000000056 ) ) ;
#3632 = PRESENTATION_LAYER_ASSIGNMENT (  '', '', ( #218 ) ) ;
#3633 = EDGE_CURVE ( 'NONE', #5, #59, #3051, .T. ) ;
#3634 = EDGE_CURVE ( 'NONE', #4522, #1340, #5172, .T. ) ;
#3635 = ORIENTED_EDGE ( 'NONE', *, *, #1485, .T. ) ;
#3636 = CARTESIAN_POINT ( 'NONE',  ( -1.476923076923076783, 0.5999999999999999778, 0.1000000000000000056 ) ) ;
#3637 = ADVANCED_FACE ( 'NONE', ( #5046 ), #755, .T. ) ;
#3638 = CARTESIAN_POINT ( 'NONE',  ( -0.8329352171208824762, -0.007401092898661713361, 0.1000000000000000056 ) ) ;
#3639 = VECTOR ( 'NONE', #2519, 1000.000000000000000 ) ;
#3640 = EDGE_CURVE ( 'NONE', #3483, #494, #2387, .T. ) ;
#3641 = CARTESIAN_POINT ( 'NONE',  ( -9.115000000000005542, 3.585000000000000409, -3.400000000000003020 ) ) ;
#3642 = CARTESIAN_POINT ( 'NONE',  ( -0.9682692307692306599, 0.4538461538461537881, 0.1000000000000000056 ) ) ;
#3643 = VECTOR ( 'NONE', #1869, 1000.000000000000000 ) ;
#3644 = CARTESIAN_POINT ( 'NONE',  ( -1.896153846153846079, 0.5783653846153846700, 0.000000000000000000 ) ) ;
#3645 = CARTESIAN_POINT ( 'NONE',  ( 0.9366666666666630947, -3.893333333333333535, -3.466666666666665453 ) ) ;
#3646 = SURFACE_STYLE_USAGE ( .BOTH. , #14 ) ;
#3647 = AXIS2_PLACEMENT_3D ( 'NONE', #603, #3418, #3059 ) ;
#3648 = ORIENTED_EDGE ( 'NONE', *, *, #4797, .F. ) ;
#3649 = VERTEX_POINT ( 'NONE', #4046 ) ;
#3650 = CARTESIAN_POINT ( 'NONE',  ( -0.5068509615384614309, 0.08954326923076921796, 0.1000000000000000056 ) ) ;
#3651 = ORIENTED_EDGE ( 'NONE', *, *, #2128, .F. ) ;
#3652 = CARTESIAN_POINT ( 'NONE',  ( -0.7543269230769229505, -0.01538461538461538373, 0.000000000000000000 ) ) ;
#3653 = VERTEX_POINT ( 'NONE', #1638 ) ;
#3654 = ORIENTED_EDGE ( 'NONE', *, *, #2701, .T. ) ;
#3655 = CARTESIAN_POINT ( 'NONE',  ( -0.4309879727339731015, 0.2932174950738097863, 0.1000000000000000056 ) ) ;
#3656 = LINE ( 'NONE', #363, #1327 ) ;
#3657 = ORIENTED_EDGE ( 'NONE', *, *, #3320, .F. ) ;
#3658 = ORIENTED_EDGE ( 'NONE', *, *, #20, .F. ) ;
#3659 = ORIENTED_EDGE ( 'NONE', *, *, #4367, .T. ) ;
#3660 = CARTESIAN_POINT ( 'NONE',  ( -2.441706730769230838, 0.4830528846153845923, 0.1000000000000000056 ) ) ;
#3661 = LINE ( 'NONE', #3131, #829 ) ;
#3662 = PRODUCT_DEFINITION ( 'Î´Öª', '', #1066, #1166 ) ;
#3663 = EDGE_LOOP ( 'NONE', ( #2891, #5213, #2410, #3540 ) ) ;
#3664 = ORIENTED_EDGE ( 'NONE', *, *, #2644, .T. ) ;
#3665 = ORIENTED_EDGE ( 'NONE', *, *, #4126, .F. ) ;
#3666 = CARTESIAN_POINT ( 'NONE',  ( -0.5982448635566826045, 0.5806018483350003923, 1.355252715606880543E-17 ) ) ;
#3667 = SURFACE_STYLE_USAGE ( .BOTH. , #3682 ) ;
#3668 = EDGE_LOOP ( 'NONE', ( #624, #4584, #3146, #4581 ) ) ;
#3669 = CARTESIAN_POINT ( 'NONE',  ( -1.878846153846153610, 0.07680288461538460620, 0.000000000000000000 ) ) ;
#3670 = VECTOR ( 'NONE', #4113, 1000.000000000000000 ) ;
#3671 = MECHANICAL_DESIGN_GEOMETRIC_PRESENTATION_REPRESENTATION (  '', ( #3392 ), #4318 ) ;
#3672 = EDGE_CURVE ( 'NONE', #2415, #2093, #2877, .T. ) ;
#3673 = CARTESIAN_POINT ( 'NONE',  ( 0.000000000000000000, 0.000000000000000000, 0.1000000000000000056 ) ) ;
#3674 = CARTESIAN_POINT ( 'NONE',  ( -0.7543269230769229505, -0.01538461538461538373, 0.000000000000000000 ) ) ;
#3675 = CARTESIAN_POINT ( 'NONE',  ( -1.766083608121416404, 0.5361973718412391676, 0.1000000000000000056 ) ) ;
#3676 = DIRECTION ( 'NONE',  ( 1.000000000000000000, -0.000000000000000000, -0.000000000000000000 ) ) ;
#3677 = DIRECTION ( 'NONE',  ( 1.000000000000000000, 0.000000000000000000, 0.000000000000000000 ) ) ;
#3678 = PRESENTATION_STYLE_ASSIGNMENT (( #480 ) ) ;
#3679 = SURFACE_STYLE_FILL_AREA ( #894 ) ;
#3680 = DIRECTION ( 'NONE',  ( -0.000000000000000000, -0.000000000000000000, -1.000000000000000000 ) ) ;
#3681 = CARTESIAN_POINT ( 'NONE',  ( -2.050323695688066827, 0.4328569179779485077, 0.000000000000000000 ) ) ;
#3682 = SURFACE_SIDE_STYLE ('',( #3562 ) ) ;
#3683 = CARTESIAN_POINT ( 'NONE',  ( -1.763632159302119584, 0.06238060091446685079, 0.1000000000000000056 ) ) ;
#3684 = CARTESIAN_POINT ( 'NONE',  ( -0.8718892792552758175, 0.07062146756542136972, 0.1000000000000000056 ) ) ;
#3685 = FILL_AREA_STYLE_COLOUR ( '', #1026 ) ;
#3686 = LINE ( 'NONE', #2775, #92 ) ;
#3687 = COLOUR_RGB ( '',0.7960784313725489669, 0.8235294117647058432, 0.9372549019607843146 ) ;
#3688 = CARTESIAN_POINT ( 'NONE',  ( -0.8329352171208824762, -0.007401092898661713361, 0.000000000000000000 ) ) ;
#3689 = EDGE_LOOP ( 'NONE', ( #4342, #1508, #1157, #2038, #1844, #4085, #2488, #102, #3198, #236, #5093 ) ) ;
#3690 = CARTESIAN_POINT ( 'NONE',  ( -0.7478737230098881916, -0.01533970237505151261, -0.000000000000000000 ) ) ;
#3691 =( GEOMETRIC_REPRESENTATION_CONTEXT ( 3 ) GLOBAL_UNCERTAINTY_ASSIGNED_CONTEXT ( ( #266 ) ) GLOBAL_UNIT_ASSIGNED_CONTEXT ( ( #878, #4898, #1249 ) ) REPRESENTATION_CONTEXT ( 'NONE', 'WORKASPACE' ) );
#3692 = UNCERTAINTY_MEASURE_WITH_UNIT (LENGTH_MEASURE( 1.000000000000000082E-05 ), #2942, 'distance_accuracy_value', 'NONE');
#3693 = DIRECTION ( 'NONE',  ( 0.000000000000000000, -1.000000000000000000, 0.000000000000000000 ) ) ;
#3694 = ORIENTED_EDGE ( 'NONE', *, *, #3906, .T. ) ;
#3695 = STYLED_ITEM ( 'NONE', ( #5191 ), #552 ) ;
#3696 = CARTESIAN_POINT ( 'NONE',  ( -0.7536057692307691624, 0.6153846153846153078, 1.355252715606880543E-17 ) ) ;
#3697 = VERTEX_POINT ( 'NONE', #5188 ) ;
#3698 = EDGE_CURVE ( 'NONE', #444, #1828, #598, .T. ) ;
#3699 = CARTESIAN_POINT ( 'NONE',  ( -0.8331179287675415379, 0.6072636496121586180, 0.1000000000000000056 ) ) ;
#3700 = CARTESIAN_POINT ( 'NONE',  ( 0.8699999999999968869, -3.959999999999999964, 3.875777422434217368E-17 ) ) ;
#3701 =( NAMED_UNIT ( * ) PLANE_ANGLE_UNIT ( ) SI_UNIT ( $, .RADIAN. ) );
#3702 = PRESENTATION_STYLE_ASSIGNMENT (( #1114 ) ) ;
#3703 = CARTESIAN_POINT ( 'NONE',  ( -0.7539663461538461675, 0.04615384615384614947, 0.1000000000000000056 ) ) ;
#3704 = CARTESIAN_POINT ( 'NONE',  ( -1.476923076923076783, 0.000000000000000000, 0.000000000000000000 ) ) ;
#3705 = CARTESIAN_POINT ( 'NONE',  ( -0.07692307692307691347, 0.5999999999999999778, 0.1000000000000000056 ) ) ;
#3706 =( NAMED_UNIT ( * ) PLANE_ANGLE_UNIT ( ) SI_UNIT ( $, .RADIAN. ) );
#3707 = VERTEX_POINT ( 'NONE', #2044 ) ;
#3708 = CARTESIAN_POINT ( 'NONE',  ( -1.476923076923076783, 0.06153846153846153494, 0.1000000000000000056 ) ) ;
#3709 = ORIENTED_EDGE ( 'NONE', *, *, #4697, .T. ) ;
#3710 =( NAMED_UNIT ( * ) PLANE_ANGLE_UNIT ( ) SI_UNIT ( $, .RADIAN. ) );
#3711 = EDGE_LOOP ( 'NONE', ( #4205, #756, #2097, #1393 ) ) ;
#3712 = CARTESIAN_POINT ( 'NONE',  ( -0.4493318278471197802, 0.1873041866429683289, 0.000000000000000000 ) ) ;
#3713 = DIRECTION ( 'NONE',  ( -0.000000000000000000, -1.000000000000000000, -0.000000000000000000 ) ) ;
#3714 = ORIENTED_EDGE ( 'NONE', *, *, #391, .F. ) ;
#3715 = CARTESIAN_POINT ( 'NONE',  ( 9.799999999999995381, -4.800000000000000711, 10.30000000000000071 ) ) ;
#3716 = CARTESIAN_POINT ( 'NONE',  ( -0.5724066060887854634, 0.4911676128063830471, 0.1000000000000000056 ) ) ;
#3717 = LINE ( 'NONE', #2687, #692 ) ;
#3718 = ORIENTED_EDGE ( 'NONE', *, *, #3317, .T. ) ;
#3719 = CARTESIAN_POINT ( 'NONE',  ( -9.115000000000005542, -3.685000000000000053, -3.499999999999998668 ) ) ;
#3720 = CARTESIAN_POINT ( 'NONE',  ( -0.6150687020934397786, 0.5200207373317451420, 0.000000000000000000 ) ) ;
#3721 = CARTESIAN_POINT ( 'NONE',  ( -2.076815253926656890, 0.2850116723033779831, -0.000000000000000000 ) ) ;
#3722 = EDGE_CURVE ( 'NONE', #1459, #1643, #3686, .T. ) ;
#3723 = ORIENTED_EDGE ( 'NONE', *, *, #5010, .F. ) ;
#3724 = DIRECTION ( 'NONE',  ( -0.000000000000000000, -0.000000000000000000, -1.000000000000000000 ) ) ;
#3725 = STYLED_ITEM ( 'NONE', ( #71 ), #5174 ) ;
#3726 = VECTOR ( 'NONE', #2436, 1000.000000000000000 ) ;
#3727 = CARTESIAN_POINT ( 'NONE',  ( -1.955290932732961284, 0.04120431465055967440, 0.1000000000000000056 ) ) ;
#3728 = ORIENTED_EDGE ( 'NONE', *, *, #1387, .T. ) ;
#3729 = CARTESIAN_POINT ( 'NONE',  ( -0.4600248428376622623, 0.1610036274238266230, 0.1000000000000000056 ) ) ;
#3730 = LINE ( 'NONE', #1819, #4035 ) ;
#3731 = STYLED_ITEM ( 'NONE', ( #4596 ), #1054 ) ;
#3732 =( NAMED_UNIT ( * ) PLANE_ANGLE_UNIT ( ) SI_UNIT ( $, .RADIAN. ) );
#3733 = FACE_OUTER_BOUND ( 'NONE', #4270, .T. ) ;
#3734 = CARTESIAN_POINT ( 'NONE',  ( -1.925255312152975185, 0.09773185531739661536, 0.1000000000000000056 ) ) ;
#3735 = VECTOR ( 'NONE', #2763, 1000.000000000000000 ) ;
#3736 = FILL_AREA_STYLE ('',( #4938 ) ) ;
#3737 = CARTESIAN_POINT ( 'NONE',  ( -1.763632159302119584, 0.06238060091446685079, 0.000000000000000000 ) ) ;
#3738 = CARTESIAN_POINT ( 'NONE',  ( 9.189999999999997726, -3.860000000000000764, -3.499999999999998668 ) ) ;
#3739 = AXIS2_PLACEMENT_3D ( 'NONE', #3239, #2468, #4048 ) ;
#3740 = SPHERICAL_SURFACE ( 'NONE', #2461, 0.2000000000000000111 ) ;
#3741 = EDGE_CURVE ( 'NONE', #1083, #5180, #4247, .T. ) ;
#3742 = CARTESIAN_POINT ( 'NONE',  ( 8.489999999999998437, 0.000000000000000000, 0.000000000000000000 ) ) ;
#3743 = VECTOR ( 'NONE', #531, 1000.000000000000000 ) ;
#3744 = CARTESIAN_POINT ( 'NONE',  ( 1.669999999999997042, -3.959999999999999964, -3.399999999999999467 ) ) ;
#3745 = CARTESIAN_POINT ( 'NONE',  ( 8.489999999999998437, -3.959999999999999964, 3.875777422434217368E-17 ) ) ;
#3746 = CARTESIAN_POINT ( 'NONE',  ( 1.669999999999997042, -3.959999999999999964, 3.875777422434217368E-17 ) ) ;
#3747 = DIRECTION ( 'NONE',  ( -0.000000000000000000, -0.000000000000000000, 1.000000000000000000 ) ) ;
#3748 = SURFACE_STYLE_FILL_AREA ( #3605 ) ;
#3749 = SURFACE_SIDE_STYLE ('',( #2133 ) ) ;
#3750 = DIRECTION ( 'NONE',  ( 0.000000000000000000, -0.000000000000000000, 1.000000000000000000 ) ) ;
#3751 = CARTESIAN_POINT ( 'NONE',  ( -0.7611570504342737298, 0.5535701939500979885, -0.000000000000000000 ) ) ;
#3752 = VECTOR ( 'NONE', #1987, 1000.000000000000000 ) ;
#3753 = CARTESIAN_POINT ( 'NONE',  ( -2.575841346153846079, 0.1923076923076923184, 0.1000000000000000056 ) ) ;
#3754 =( LENGTH_UNIT ( ) NAMED_UNIT ( * ) SI_UNIT ( .MILLI., .METRE. ) );
#3755 = ORIENTED_EDGE ( 'NONE', *, *, #1850, .T. ) ;
#3756 = CARTESIAN_POINT ( 'NONE',  ( -1.955290932732961284, 0.04120431465055967440, 0.000000000000000000 ) ) ;
#3757 = EDGE_CURVE ( 'NONE', #1647, #3962, #2572, .T. ) ;
#3758 = CARTESIAN_POINT ( 'NONE',  ( -2.018854491492194647, 0.1017559687827084003, 0.1000000000000000056 ) ) ;
#3759 = PLANE ( 'NONE',  #798 ) ;
#3760 = B_SPLINE_CURVE_WITH_KNOTS ( 'NONE', 3,
 ( #2975, #4564, #2992, #4579, #3734, #903, #1769, #4106, #507, #2573, #3762, #559, #4122, #2193, #918, #3375, #952, #2177, #3784 ),
 .UNSPECIFIED., .F., .F.,
 ( 4, 1, 1, 1, 1, 1, 1, 1, 1, 1, 1, 1, 1, 1, 1, 1, 4 ),
 ( 0.000000000000000000, 0.06241450026327793887, 0.1233382314733143803, 0.1831245376921939449, 0.2417829946389432882, 0.3005788825509778661, 0.3596800748966264560, 0.4188816408500465327, 0.4795306644577831401, 0.5408505357600388308, 0.6023033958983802227, 0.6644632119464733977, 0.7278057226670118229, 0.7928948147812348024, 0.8596723283028316898, 0.9284644007334887927, 1.000000000000000000 ),
 .UNSPECIFIED. ) ;
#3761 = LINE ( 'NONE', #3144, #3521 ) ;
#3762 = CARTESIAN_POINT ( 'NONE',  ( -1.993728205365918882, 0.1692436262452402251, 0.1000000000000000056 ) ) ;
#3763 =( GEOMETRIC_REPRESENTATION_CONTEXT ( 3 ) GLOBAL_UNCERTAINTY_ASSIGNED_CONTEXT ( ( #2553 ) ) GLOBAL_UNIT_ASSIGNED_CONTEXT ( ( #2923, #3710, #1720 ) ) REPRESENTATION_CONTEXT ( 'NONE', 'WORKASPACE' ) );
#3764 = PLANE ( 'NONE',  #381 ) ;
#3765 = EDGE_CURVE ( 'NONE', #304, #3413, #2931, .T. ) ;
#3766 = CARTESIAN_POINT ( 'NONE',  ( -1.936366369723895753, 0.5606227844340020416, 0.000000000000000000 ) ) ;
#3767 = CARTESIAN_POINT ( 'NONE',  ( -1.476923076923076783, 0.2923076923076923239, 0.1000000000000000056 ) ) ;
#3768 = DIRECTION ( 'NONE',  ( -1.000000000000000000, 0.000000000000000000, 0.000000000000000000 ) ) ;
#3769 = CARTESIAN_POINT ( 'NONE',  ( -2.446153846153846345, 0.5999999999999999778, 0.000000000000000000 ) ) ;
#3770 = CARTESIAN_POINT ( 'NONE',  ( -0.4662775344299491809, 0.4522985635057724108, 0.000000000000000000 ) ) ;
#3771 = LINE ( 'NONE', #4671, #680 ) ;
#3772 = CARTESIAN_POINT ( 'NONE',  ( -1.988025569879804388, 0.5227485022185869301, 0.1000000000000000056 ) ) ;
#3773 = CARTESIAN_POINT ( 'NONE',  ( -1.861374198076108488, 0.5881830113118070580, 0.000000000000000000 ) ) ;
#3774 = ORIENTED_EDGE ( 'NONE', *, *, #3981, .F. ) ;
#3775 = CARTESIAN_POINT ( 'NONE',  ( 1.569999999999997620, -3.860000000000000764, -3.499999999999998668 ) ) ;
#3776 = VERTEX_POINT ( 'NONE', #68 ) ;
#3777 = EDGE_LOOP ( 'NONE', ( #1842, #4641, #2364, #1579 ) ) ;
#3778 = VERTEX_POINT ( 'NONE', #2108 ) ;
#3779 = CARTESIAN_POINT ( 'NONE',  ( -9.800000000000002487, -4.800000000000000711, 10.30000000000000071 ) ) ;
#3780 = MECHANICAL_DESIGN_GEOMETRIC_PRESENTATION_REPRESENTATION (  '', ( #2971 ), #1432 ) ;
#3781 = ORIENTED_EDGE ( 'NONE', *, *, #4757, .F. ) ;
#3782 = CARTESIAN_POINT ( 'NONE',  ( -2.446153846153846345, 0.5999999999999999778, 0.1000000000000000056 ) ) ;
#3783 = VECTOR ( 'NONE', #3629, 1000.000000000000000 ) ;
#3784 = CARTESIAN_POINT ( 'NONE',  ( -2.023076923076922995, 0.2925480769230768829, 0.1000000000000000056 ) ) ;
#3785 = ORIENTED_EDGE ( 'NONE', *, *, #3102, .T. ) ;
#3786 = CARTESIAN_POINT ( 'NONE',  ( -2.076800950035132320, 0.3009672745981760156, 0.000000000000000000 ) ) ;
#3787 = UNCERTAINTY_MEASURE_WITH_UNIT (LENGTH_MEASURE( 1.000000000000000082E-05 ), #1930, 'distance_accuracy_value', 'NONE');
#3788 = EDGE_LOOP ( 'NONE', ( #2210, #2150, #1014, #3338 ) ) ;
#3789 = PRESENTATION_STYLE_ASSIGNMENT (( #2487 ) ) ;
#3790 = ORIENTED_EDGE ( 'NONE', *, *, #2539, .F. ) ;
#3791 = LINE ( 'NONE', #4657, #515 ) ;
#3792 = CARTESIAN_POINT ( 'NONE',  ( -0.6801425261452223037, -0.008893972108629091822, -1.355252715606880543E-17 ) ) ;
#3793 = CARTESIAN_POINT ( 'NONE',  ( -1.770552884615384626, 0.000000000000000000, 1.355252715606880543E-17 ) ) ;
#3794 = DIRECTION ( 'NONE',  ( 0.000000000000000000, -2.478176394252582127E-16, -1.000000000000000000 ) ) ;
#3795 = AXIS2_PLACEMENT_3D ( 'NONE', #2681, #239, #3062 ) ;
#3796 = ORIENTED_EDGE ( 'NONE', *, *, #370, .T. ) ;
#3797 = FACE_OUTER_BOUND ( 'NONE', #2282, .T. ) ;
#3798 = CARTESIAN_POINT ( 'NONE',  ( -0.5857828291609875615, 0.5015166007674874971, 0.1000000000000000056 ) ) ;
#3799 = COLOUR_RGB ( '',0.7960784313725489669, 0.8235294117647058432, 0.9372549019607843146 ) ;
#3800 =( GEOMETRIC_REPRESENTATION_CONTEXT ( 3 ) GLOBAL_UNCERTAINTY_ASSIGNED_CONTEXT ( ( #3463 ) ) GLOBAL_UNIT_ASSIGNED_CONTEXT ( ( #3393, #3007, #599 ) ) REPRESENTATION_CONTEXT ( 'NONE', 'WORKASPACE' ) );
#3801 = CARTESIAN_POINT ( 'NONE',  ( 0.8699999999999968869, -3.959999999999999964, -3.399999999999999467 ) ) ;
#3802 = APPLICATION_PROTOCOL_DEFINITION ( 'draft international standard', 'automotive_design', 1998, #2947 ) ;
#3803 = B_SPLINE_CURVE_WITH_KNOTS ( 'NONE', 3,
 ( #4178, #625, #990, #1023, #187, #4192, #1805, #1377, #3004, #1004, #1431, #3798, #2641, #597, #3816, #3387, #2587, #1394, #554, #2985, #581, #4615, #3411, #1787, #2249, #1840, #154 ),
 .UNSPECIFIED., .F., .F.,
 ( 4, 1, 1, 1, 1, 1, 1, 1, 1, 1, 1, 1, 1, 1, 1, 1, 1, 1, 1, 1, 1, 1, 1, 1, 4 ),
 ( 0.000000000000000000, 0.04395490890619424551, 0.08750187479760458686, 0.1304626267314903665, 0.1727520205665173114, 0.2154030673796032969, 0.2576498297432395224, 0.3001527489572939356, 0.3431214895020866518, 0.3859251632064335524, 0.4276857274028015854, 0.4688179504865897518, 0.5094918001549958442, 0.5498830310733487936, 0.5899800229668862306, 0.6304052300068400116, 0.6708686260826384196, 0.7113839438381757141, 0.7516272580635841027, 0.7917755768651915105, 0.8324589188037422316, 0.8733190450172880759, 0.9145429556263491300, 0.9569235582098846171, 1.000000000000000000 ),
 .UNSPECIFIED. ) ;
#3804 = DIRECTION ( 'NONE',  ( -1.000000000000000000, 0.000000000000000000, -0.000000000000000000 ) ) ;
#3805 = DIRECTION ( 'NONE',  ( -1.000000000000000000, -0.000000000000000000, 0.000000000000000000 ) ) ;
#3806 = VECTOR ( 'NONE', #3443, 1000.000000000000000 ) ;
#3807 = CARTESIAN_POINT ( 'NONE',  ( -2.065211790533655556, 0.3895553712263126189, 0.000000000000000000 ) ) ;
#3808 = CARTESIAN_POINT ( 'NONE',  ( -0.5374314281561211049, 0.4557406285019685588, 0.1000000000000000056 ) ) ;
#3809 = CARTESIAN_POINT ( 'NONE',  ( -0.7351133189933038992, -0.01525089246032976416, 0.1000000000000000056 ) ) ;
#3810 = EDGE_CURVE ( 'NONE', #3403, #4134, #3868, .T. ) ;
#3811 = SURFACE_STYLE_FILL_AREA ( #4763 ) ;
#3812 = FACE_OUTER_BOUND ( 'NONE', #2897, .T. ) ;
#3813 = CARTESIAN_POINT ( 'NONE',  ( -9.115000000000005542, -3.584999999999999520, 1.068543264670088319E-15 ) ) ;
#3814 = CARTESIAN_POINT ( 'NONE',  ( -1.736665245658764345, 0.5997775520700107110, 0.1000000000000000056 ) ) ;
#3815 = PRESENTATION_STYLE_ASSIGNMENT (( #2286 ) ) ;
#3816 = CARTESIAN_POINT ( 'NONE',  ( -0.5481949671513002276, 0.4683173727743822901, 0.1000000000000000056 ) ) ;
#3817 = ORIENTED_EDGE ( 'NONE', *, *, #150, .T. ) ;
#3818 =( LENGTH_UNIT ( ) NAMED_UNIT ( * ) SI_UNIT ( .MILLI., .METRE. ) );
#3819 = MECHANICAL_DESIGN_GEOMETRIC_PRESENTATION_REPRESENTATION (  '', ( #1053 ), #3488 ) ;
#3820 = DIRECTION ( 'NONE',  ( 0.000000000000000000, 0.000000000000000000, 1.000000000000000000 ) ) ;
#3821 = CARTESIAN_POINT ( 'NONE',  ( -0.9246520933148569821, 0.4972637946028917177, 0.000000000000000000 ) ) ;
#3822 = CARTESIAN_POINT ( 'NONE',  ( -0.5481949671513002276, 0.4683173727743822901, 0.1000000000000000056 ) ) ;
#3823 = CARTESIAN_POINT ( 'NONE',  ( -10.00000000000000355, 5.000000000000000000, 10.50000000000000000 ) ) ;
#3824 = CARTESIAN_POINT ( 'NONE',  ( -0.6264479238439252251, 0.5934583333223349966, 0.000000000000000000 ) ) ;
#3825 =( LENGTH_UNIT ( ) NAMED_UNIT ( * ) SI_UNIT ( .MILLI., .METRE. ) );
#3826 = CARTESIAN_POINT ( 'NONE',  ( -1.476923076923076783, 0.2923076923076923239, 0.000000000000000000 ) ) ;
#3827 = LINE ( 'NONE', #2938, #1063 ) ;
#3828 =( NAMED_UNIT ( * ) PLANE_ANGLE_UNIT ( ) SI_UNIT ( $, .RADIAN. ) );
#3829 = PRESENTATION_LAYER_ASSIGNMENT (  '', '', ( #4627 ) ) ;
#3830 = EDGE_CURVE ( 'NONE', #4475, #309, #3299, .T. ) ;
#3831 = CARTESIAN_POINT ( 'NONE',  ( -0.4848316964480539615, 0.2905308121890727291, 1.355252715606880543E-17 ) ) ;
#3832 = ORIENTED_EDGE ( 'NONE', *, *, #4098, .T. ) ;
#3833 = CARTESIAN_POINT ( 'NONE',  ( -0.7351133189933038992, -0.01525089246032976416, 0.1000000000000000056 ) ) ;
#3834 = ORIENTED_EDGE ( 'NONE', *, *, #1759, .F. ) ;
#3835 = B_SPLINE_SURFACE_WITH_KNOTS ( 'NONE', 3, 1, ( 
 ( #478, #2529 ),
 ( #3386, #3312 ),
 ( #3814, #1415 ),
 ( #4623, #3502 ),
 ( #3888, #4295 ),
 ( #2852, #924 ),
 ( #2141, #4854 ),
 ( #3439, #806 ),
 ( #3473, #3030 ),
 ( #2272, #3883 ),
 ( #4239, #5033 ) ),
 .UNSPECIFIED., .F., .F., .F.,
 ( 4, 1, 1, 1, 1, 1, 1, 1, 4 ),
 ( 2, 2 ),
 ( 0.000000000000000000, 0.1642892164747617734, 0.3174059112304908892, 0.4588436116410197774, 0.5893665423053098262, 0.7078313187781728466, 0.8157700306990046668, 0.9128799029021262834, 1.000000000000000000 ),
 ( 0.000000000000000000, 1.000000000000000000 ),
 .UNSPECIFIED. ) ;
#3836 = CARTESIAN_POINT ( 'NONE',  ( -0.6801425261452223037, -0.008893972108629091822, 0.1000000000000000056 ) ) ;
#3837 = ORIENTED_EDGE ( 'NONE', *, *, #1061, .T. ) ;
#3838 = VERTEX_POINT ( 'NONE', #486 ) ;
#3839 = CARTESIAN_POINT ( 'NONE',  ( -1.138461538461538414, 0.5999999999999999778, 0.1000000000000000056 ) ) ;
#3840 = FACE_OUTER_BOUND ( 'NONE', #3326, .T. ) ;
#3841 = ORIENTED_EDGE ( 'NONE', *, *, #4859, .T. ) ;
#3842 = ORIENTED_EDGE ( 'NONE', *, *, #3096, .T. ) ;
#3843 = ORIENTED_EDGE ( 'NONE', *, *, #3956, .F. ) ;
#3844 = EDGE_LOOP ( 'NONE', ( #4059, #1018, #62, #1941 ) ) ;
#3845 = ORIENTED_EDGE ( 'NONE', *, *, #3122, .F. ) ;
#3846 = VECTOR ( 'NONE', #203, 1000.000000000000000 ) ;
#3847 = STYLED_ITEM ( 'NONE', ( #1595 ), #1762 ) ;
#3848 = ORIENTED_EDGE ( 'NONE', *, *, #766, .T. ) ;
#3849 = SURFACE_STYLE_FILL_AREA ( #485 ) ;
#3850 = UNCERTAINTY_MEASURE_WITH_UNIT (LENGTH_MEASURE( 1.000000000000000082E-05 ), #4357, 'distance_accuracy_value', 'NONE');
#3851 = ORIENTED_EDGE ( 'NONE', *, *, #1724, .F. ) ;
#3852 = LINE ( 'NONE', #3642, #2236 ) ;
#3853 = CARTESIAN_POINT ( 'NONE',  ( -0.8139846175616527457, 0.6108835472944059708, -1.355252715606880543E-17 ) ) ;
#3854 = COLOUR_RGB ( '',0.7960784313725489669, 0.8235294117647058432, 0.9372549019607843146 ) ;
#3855 = CARTESIAN_POINT ( 'NONE',  ( -0.6984407131389754886, 0.05032142553355253151, 0.1000000000000000056 ) ) ;
#3856 = PLANE ( 'NONE',  #3647 ) ;
#3857 = EDGE_CURVE ( 'NONE', #1280, #3327, #4738, .T. ) ;
#3858 = CARTESIAN_POINT ( 'NONE',  ( -0.6460819730816871331, -0.0007312983922106492838, -1.355252715606880543E-17 ) ) ;
#3859 = LINE ( 'NONE', #2524, #2914 ) ;
#3860 = CARTESIAN_POINT ( 'NONE',  ( -1.638461538461538192, 0.06153846153846153494, 0.1000000000000000056 ) ) ;
#3861 = LINE ( 'NONE', #1185, #2500 ) ;
#3862 = PLANE ( 'NONE',  #2424 ) ;
#3863 = DIRECTION ( 'NONE',  ( 1.000000000000000000, 0.000000000000000000, 0.000000000000000000 ) ) ;
#3864 = DIRECTION ( 'NONE',  ( 0.5773502691896323924, -0.5773502691896323924, -0.5773502691896122974 ) ) ;
#3865 = EDGE_CURVE ( 'NONE', #792, #2843, #2255, .T. ) ;
#3866 = EDGE_CURVE ( 'NONE', #4819, #317, #3989, .T. ) ;
#3867 = VECTOR ( 'NONE', #2685, 1000.000000000000114 ) ;
#3868 = B_SPLINE_CURVE_WITH_KNOTS ( 'NONE', 3,
 ( #1727, #472, #2507, #3285, #2076, #3699, #4530, #885, #4497, #2927, #1294, #4879, #4075, #32, #4482, #1253, #1278, #1682, #1310 ),
 .UNSPECIFIED., .F., .F.,
 ( 4, 1, 1, 1, 1, 1, 1, 1, 1, 1, 1, 1, 1, 1, 1, 1, 4 ),
 ( 0.000000000000000000, 0.06854753670890291473, 0.1356829456230483621, 0.2012149895263285748, 0.2656822347546962670, 0.3292668348172589909, 0.3923954278443287369, 0.4550697616521436339, 0.5171268500645063160, 0.5787900352866524045, 0.6397398633435414927, 0.7001915036663084457, 0.7598062425966705113, 0.8196283192750080104, 0.8793547910462767847, 0.9395116077646613606, 1.000000000000000000 ),
 .UNSPECIFIED. ) ;
#3869 = CARTESIAN_POINT ( 'NONE',  ( -0.9796569983094327583, 0.5308780743774792477, 0.1000000000000000056 ) ) ;
#3870 = CARTESIAN_POINT ( 'NONE',  ( -0.5033882250056970209, 0.1999756045064662036, 1.355252715606880543E-17 ) ) ;
#3871 = CARTESIAN_POINT ( 'NONE',  ( -0.4929715287973645554, 0.3674491358718945944, -1.355252715606880543E-17 ) ) ;
#3872 = CARTESIAN_POINT ( 'NONE',  ( -9.015000000000005898, -3.685000000000000053, -3.499999999999998668 ) ) ;
#3873 = CARTESIAN_POINT ( 'NONE',  ( -1.015384615384615330, 0.4899038461538460787, 0.1000000000000000056 ) ) ;
#3874 = CARTESIAN_POINT ( 'NONE',  ( -2.333052884615384404, 0.2538461538461538880, 0.000000000000000000 ) ) ;
#3875 = CARTESIAN_POINT ( 'NONE',  ( -0.5068509615384614309, 0.08954326923076921796, 0.000000000000000000 ) ) ;
#3876 = CARTESIAN_POINT ( 'NONE',  ( -0.1307692307692307765, 0.5999999999999999778, 0.000000000000000000 ) ) ;
#3877 = ADVANCED_FACE ( 'NONE', ( #4368 ), #4678, .T. ) ;
#3878 = CARTESIAN_POINT ( 'NONE',  ( -2.212620192307692246, 0.000000000000000000, 0.1000000000000000056 ) ) ;
#3879 = AXIS2_PLACEMENT_3D ( 'NONE', #747, #1165, #1563 ) ;
#3880 = DIRECTION ( 'NONE',  ( 0.000000000000000000, 0.000000000000000000, 1.000000000000000000 ) ) ;
#3881 = CARTESIAN_POINT ( 'NONE',  ( -0.4852563960391603759, 0.2731192262148837702, 0.1000000000000000056 ) ) ;
#3882 = CARTESIAN_POINT ( 'NONE',  ( -2.055737091996137966, 0.1693708577592524522, 0.1000000000000000056 ) ) ;
#3883 = CARTESIAN_POINT ( 'NONE',  ( -1.890846469531602736, 0.5801201049181025082, 0.000000000000000000 ) ) ;
#3884 = CARTESIAN_POINT ( 'NONE',  ( 9.189999999999997726, -3.759999999999999343, -3.499999999999998668 ) ) ;
#3885 = LINE ( 'NONE', #170, #3022 ) ;
#3886 = CARTESIAN_POINT ( 'NONE',  ( -0.5033882250056970209, 0.1999756045064662036, 0.000000000000000000 ) ) ;
#3887 =( GEOMETRIC_REPRESENTATION_CONTEXT ( 3 ) GLOBAL_UNCERTAINTY_ASSIGNED_CONTEXT ( ( #1665 ) ) GLOBAL_UNIT_ASSIGNED_CONTEXT ( ( #3304, #905, #4107 ) ) REPRESENTATION_CONTEXT ( 'NONE', 'WORKASPACE' ) );
#3888 = CARTESIAN_POINT ( 'NONE',  ( -1.793304595930337975, 0.5972040908718565522, 0.1000000000000000056 ) ) ;
#3889 = ORIENTED_EDGE ( 'NONE', *, *, #4567, .F. ) ;
#3890 = VERTEX_POINT ( 'NONE', #2123 ) ;
#3891 = ORIENTED_EDGE ( 'NONE', *, *, #4968, .F. ) ;
#3892 = B_SPLINE_CURVE_WITH_KNOTS ( 'NONE', 3,
 ( #3652, #3690, #4842, #4084, #4009, #4808, #4488, #4434, #1672, #3243, #2460, #845, #2031, #4052, #2100, #1655, #2069, #3276, #3257 ),
 .UNSPECIFIED., .F., .F.,
 ( 4, 1, 1, 1, 1, 1, 1, 1, 1, 1, 1, 1, 1, 1, 1, 1, 4 ),
 ( 0.000000000000000000, 0.06966280089907717077, 0.1377495622582725898, 0.2039167435177823839, 0.2687798623293365385, 0.3324137064772237360, 0.3947535404471391729, 0.4561800316591683169, 0.5169956491967196976, 0.5773959379659517888, 0.6371983435092750669, 0.6969991842614545741, 0.7567561942255591756, 0.8165539052726074054, 0.8769479965978698166, 0.9381317879205948174, 1.000000000000000000 ),
 .UNSPECIFIED. ) ;
#3893 =( LENGTH_UNIT ( ) NAMED_UNIT ( * ) SI_UNIT ( .MILLI., .METRE. ) );
#3894 = ORIENTED_EDGE ( 'NONE', *, *, #289, .F. ) ;
#3895 = ADVANCED_FACE ( 'NONE', ( #342 ), #4063, .F. ) ;
#3896 = CARTESIAN_POINT ( 'NONE',  ( -0.9246520933148569821, 0.4972637946028917177, 0.000000000000000000 ) ) ;
#3897 = MECHANICAL_DESIGN_GEOMETRIC_PRESENTATION_REPRESENTATION (  '', ( #218 ), #4431 ) ;
#3898 = EDGE_CURVE ( 'NONE', #1124, #1083, #3928, .T. ) ;
#3899 = EDGE_CURVE ( 'NONE', #4958, #1647, #4984, .T. ) ;
#3900 = CARTESIAN_POINT ( 'NONE',  ( -0.5429498591936984253, 0.1367932429105855052, 1.355252715606880543E-17 ) ) ;
#3901 = ORIENTED_EDGE ( 'NONE', *, *, #4704, .T. ) ;
#3902 = CARTESIAN_POINT ( 'NONE',  ( -2.048085292651681488, 0.1511404904450915077, 0.1000000000000000056 ) ) ;
#3903 = CARTESIAN_POINT ( 'NONE',  ( -8.765000000000004121, -4.035000000000000142, -3.499999999999998668 ) ) ;
#3904 = FACE_OUTER_BOUND ( 'NONE', #2288, .T. ) ;
#3905 = DIRECTION ( 'NONE',  ( -1.000000000000000000, -0.000000000000000000, 0.000000000000000000 ) ) ;
#3906 = EDGE_CURVE ( 'NONE', #4438, #3580, #1600, .T. ) ;
#3907 = ORIENTED_EDGE ( 'NONE', *, *, #3927, .F. ) ;
#3908 = LINE ( 'NONE', #2365, #898 ) ;
#3909 = ORIENTED_EDGE ( 'NONE', *, *, #2944, .T. ) ;
#3910 = VECTOR ( 'NONE', #3949, 1000.000000000000114 ) ;
#3911 = DIRECTION ( 'NONE',  ( 0.000000000000000000, 1.000000000000000000, 0.000000000000000000 ) ) ;
#3912 = VERTEX_POINT ( 'NONE', #142 ) ;
#3913 = B_SPLINE_SURFACE_WITH_KNOTS ( 'NONE', 3, 1, ( 
 ( #1396, #4194 ),
 ( #3373, #1808 ),
 ( #2890, #4484 ),
 ( #459, #870 ),
 ( #73, #2095 ),
 ( #3684, #4078 ),
 ( #1685, #2496 ),
 ( #2078, #474 ),
 ( #4868, #2510 ),
 ( #4465, #4855 ),
 ( #865, #435 ) ),
 .UNSPECIFIED., .F., .F., .F.,
 ( 4, 1, 1, 1, 1, 1, 1, 1, 4 ),
 ( 2, 2 ),
 ( 0.000000000000000000, 0.1285151895116614373, 0.2529486363526579629, 0.3747547340060043974, 0.4959397538670500816, 0.6171806414298928178, 0.7409094692781376112, 0.8678111481862029741, 1.000000000000000000 ),
 ( 0.000000000000000000, 1.000000000000000000 ),
 .UNSPECIFIED. ) ;
#3914 = VECTOR ( 'NONE', #4485, 1000.000000000000114 ) ;
#3915 = MECHANICAL_DESIGN_GEOMETRIC_PRESENTATION_REPRESENTATION (  '', ( #3106 ), #4183 ) ;
#3916 = CARTESIAN_POINT ( 'NONE',  ( -0.9362953712375989834, 0.4874509009522207115, 0.1000000000000000056 ) ) ;
#3917 = VECTOR ( 'NONE', #3864, 1000.000000000000114 ) ;
#3918 = DIRECTION ( 'NONE',  ( 0.000000000000000000, -1.000000000000000000, 0.000000000000000000 ) ) ;
#3919 = CARTESIAN_POINT ( 'NONE',  ( -1.821677739026949405, 0.001854826686648182281, 0.1000000000000000056 ) ) ;
#3920 = VECTOR ( 'NONE', #3724, 1000.000000000000000 ) ;
#3921 = PRESENTATION_LAYER_ASSIGNMENT (  '', '', ( #4016 ) ) ;
#3922 = ADVANCED_FACE ( 'NONE', ( #1545 ), #2235, .T. ) ;
#3923 = CARTESIAN_POINT ( 'NONE',  ( -2.017468206930220553, 0.3530313358595831286, 0.000000000000000000 ) ) ;
#3924 = DIRECTION ( 'NONE',  ( -1.000000000000000000, 0.000000000000000000, -0.000000000000000000 ) ) ;
#3925 = PRESENTATION_LAYER_ASSIGNMENT (  '', '', ( #3695 ) ) ;
#3926 = PRESENTATION_LAYER_ASSIGNMENT (  '', '', ( #3392 ) ) ;
#3927 = EDGE_CURVE ( 'NONE', #3258, #4599, #4563, .T. ) ;
#3928 = LINE ( 'NONE', #3267, #2694 ) ;
#3929 = LINE ( 'NONE', #24, #1997 ) ;
#3930 = B_SPLINE_CURVE_WITH_KNOTS ( 'NONE', 3,
 ( #2881, #495, #858, #445, #3274, #4444, #1703, #4891, #4858, #2098, #4840, #4050, #2514, #3688, #4501, #3254, #4471, #4512, #3674 ),
 .UNSPECIFIED., .F., .F.,
 ( 4, 1, 1, 1, 1, 1, 1, 1, 1, 1, 1, 1, 1, 1, 1, 1, 4 ),
 ( 0.000000000000000000, 0.06167423887742583266, 0.1230530616348055467, 0.1834750007317018927, 0.2437265005106115101, 0.3042789165122535833, 0.3648629209606825685, 0.4259462039686192081, 0.4873912299654076241, 0.5492203840754763533, 0.6111435886926027683, 0.6735285303101515852, 0.7369614566573037262, 0.8007852828728397876, 0.8660125956416145909, 0.9321007477905784988, 1.000000000000000000 ),
 .UNSPECIFIED. ) ;
#3931 = DIRECTION ( 'NONE',  ( 0.5773502691896257311, -0.5773502691896257311, -0.5773502691896257311 ) ) ;
#3932 = CARTESIAN_POINT ( 'NONE',  ( -0.9369592980430998530, 0.5643679384133911681, 0.000000000000000000 ) ) ;
#3933 = CARTESIAN_POINT ( 'NONE',  ( -2.048085292651681488, 0.1511404904450915077, 1.355252715606880543E-17 ) ) ;
#3934 = DIRECTION ( 'NONE',  ( 0.000000000000000000, -1.000000000000000000, 0.000000000000000000 ) ) ;
#3935 = CARTESIAN_POINT ( 'NONE',  ( -2.022816069659676863, 0.3133505337227910914, 0.1000000000000000056 ) ) ;
#3936 = CARTESIAN_POINT ( 'NONE',  ( -2.076923076923077094, 0.2924278846153846034, 0.1000000000000000056 ) ) ;
#3937 = DIRECTION ( 'NONE',  ( 0.000000000000000000, -1.000000000000000000, 0.000000000000000000 ) ) ;
#3938 = CARTESIAN_POINT ( 'NONE',  ( -1.945451977105734365, 0.4787754988360474195, 0.1000000000000000056 ) ) ;
#3939 = ADVANCED_FACE ( 'NONE', ( #3170 ), #4940, .F. ) ;
#3940 = CARTESIAN_POINT ( 'NONE',  ( -0.8442147996659569165, 0.5401491799311823883, 0.1000000000000000056 ) ) ;
#3941 = DIRECTION ( 'NONE',  ( -1.000000000000000000, 0.000000000000000000, -0.000000000000000000 ) ) ;
#3942 = CARTESIAN_POINT ( 'NONE',  ( -1.969492598579914544, 0.05100258119593960304, 1.355252715606880543E-17 ) ) ;
#3943 = MECHANICAL_DESIGN_GEOMETRIC_PRESENTATION_REPRESENTATION (  '', ( #4781 ), #3347 ) ;
#3944 = DIRECTION ( 'NONE',  ( 1.000000000000000000, 0.000000000000000000, -0.000000000000000000 ) ) ;
#3945 = B_SPLINE_SURFACE_WITH_KNOTS ( 'NONE', 3, 1, ( 
 ( #713, #1079 ),
 ( #3098, #277 ),
 ( #701, #1548 ),
 ( #2344, #1897 ),
 ( #2370, #5136 ),
 ( #261, #3138 ),
 ( #730, #4721 ),
 ( #3882, #4686 ),
 ( #3902, #3933 ),
 ( #1916, #4286 ),
 ( #4356, #5110 ),
 ( #2289, #3525 ),
 ( #5123, #1487 ),
 ( #3561, #2312 ),
 ( #3494, #1533 ),
 ( #1146, #3942 ),
 ( #1110, #1963 ),
 ( #3112, #4337 ),
 ( #5085, #310 ),
 ( #5065, #2711 ),
 ( #2328, #2725 ),
 ( #2695, #3513 ),
 ( #2745, #1097 ),
 ( #3919, #3074 ),
 ( #1515, #668 ),
 ( #1498, #4699 ),
 ( #291, #4316 ) ),
 .UNSPECIFIED., .F., .F., .F.,
 ( 4, 1, 1, 1, 1, 1, 1, 1, 1, 1, 1, 1, 1, 1, 1, 1, 1, 1, 1, 1, 1, 1, 1, 1, 4 ),
 ( 2, 2 ),
 ( 0.000000000000000000, 0.04608068338724804341, 0.09080679960761617320, 0.1342952705290696158, 0.1770243856662441773, 0.2188227336826556180, 0.2602441163273732649, 0.3010798671134451432, 0.3416138942851570381, 0.3815834185517461563, 0.4201195913296164597, 0.4580746185423136274, 0.4947384876076564297, 0.5311946228937133307, 0.5669336984503777765, 0.6027126507379958475, 0.6383266061284350590, 0.6748532488548240060, 0.7134673707840595291, 0.7544418038483806654, 0.7978153607124992552, 0.8439894562081103890, 0.8930715698796477531, 0.9449633461781441479, 1.000000000000000000 ),
 ( 0.000000000000000000, 1.000000000000000000 ),
 .UNSPECIFIED. ) ;
#3946 = SURFACE_SIDE_STYLE ('',( #4290 ) ) ;
#3947 = DIRECTION ( 'NONE',  ( -1.000000000000000000, 0.000000000000000000, -0.000000000000000000 ) ) ;
#3948 = VERTEX_POINT ( 'NONE', #1827 ) ;
#3949 = DIRECTION ( 'NONE',  ( 0.4188422247446068059, 0.9080590238365501277, 0.000000000000000000 ) ) ;
#3950 = ORIENTED_EDGE ( 'NONE', *, *, #1162, .T. ) ;
#3951 = ORIENTED_EDGE ( 'NONE', *, *, #1139, .T. ) ;
#3952 = DIRECTION ( 'NONE',  ( 0.000000000000000000, -1.000000000000000000, 0.000000000000000000 ) ) ;
#3953 = ORIENTED_EDGE ( 'NONE', *, *, #4367, .F. ) ;
#3954 = EDGE_CURVE ( 'NONE', #4886, #3697, #1429, .T. ) ;
#3955 = ORIENTED_EDGE ( 'NONE', *, *, #150, .F. ) ;
#3956 = EDGE_CURVE ( 'NONE', #134, #470, #2751, .T. ) ;
#3957 = LINE ( 'NONE', #3878, #3783 ) ;
#3958 = CARTESIAN_POINT ( 'NONE',  ( -1.865024038461538192, 0.5216346153846153078, 0.1000000000000000056 ) ) ;
#3959 = ORIENTED_EDGE ( 'NONE', *, *, #3722, .F. ) ;
#3960 = ORIENTED_EDGE ( 'NONE', *, *, #1042, .F. ) ;
#3961 = ORIENTED_EDGE ( 'NONE', *, *, #1115, .F. ) ;
#3962 = VERTEX_POINT ( 'NONE', #5064 ) ;
#3963 = ORIENTED_EDGE ( 'NONE', *, *, #2616, .T. ) ;
#3964 = CARTESIAN_POINT ( 'NONE',  ( -9.115000000000005542, -4.035000000000000142, 1.123652370631719412E-15 ) ) ;
#3965 = VECTOR ( 'NONE', #4177, 1000.000000000000000 ) ;
#3966 = CARTESIAN_POINT ( 'NONE',  ( -1.861374198076108488, 0.5881830113118070580, 0.1000000000000000056 ) ) ;
#3967 =( NAMED_UNIT ( * ) PLANE_ANGLE_UNIT ( ) SI_UNIT ( $, .RADIAN. ) );
#3968 = ORIENTED_EDGE ( 'NONE', *, *, #1349, .F. ) ;
#3969 = CARTESIAN_POINT ( 'NONE',  ( -1.884323015916508970, 0.07873172317128203368, 0.1000000000000000056 ) ) ;
#3970 = FILL_AREA_STYLE ('',( #2662 ) ) ;
#3971 = CARTESIAN_POINT ( 'NONE',  ( -1.831835604059490530, 0.5292116816059116990, 0.000000000000000000 ) ) ;
#3972 = ADVANCED_FACE ( 'NONE', ( #1933 ), #805, .T. ) ;
#3973 = CARTESIAN_POINT ( 'NONE',  ( -1.878846153846153610, 0.07680288461538460620, 0.1000000000000000056 ) ) ;
#3974 = VECTOR ( 'NONE', #655, 1000.000000000000000 ) ;
#3975 = DIRECTION ( 'NONE',  ( 1.000000000000000000, 0.000000000000000000, 0.000000000000000000 ) ) ;
#3976 = FACE_OUTER_BOUND ( 'NONE', #378, .T. ) ;
#3977 =( LENGTH_UNIT ( ) NAMED_UNIT ( * ) SI_UNIT ( .MILLI., .METRE. ) );
#3978 = CARTESIAN_POINT ( 'NONE',  ( -2.012876717895006884, 0.3717133122127723177, 0.000000000000000000 ) ) ;
#3979 = LINE ( 'NONE', #4972, #1159 ) ;
#3980 = LINE ( 'NONE', #2467, #3492 ) ;
#3981 = EDGE_CURVE ( 'NONE', #245, #4153, #4604, .T. ) ;
#3982 = AXIS2_PLACEMENT_3D ( 'NONE', #2118, #99, #482 ) ;
#3983 = CARTESIAN_POINT ( 'NONE',  ( -0.7543269230769229505, -0.01538461538461538373, 0.1000000000000000056 ) ) ;
#3984 = CARTESIAN_POINT ( 'NONE',  ( -2.023076923076922995, 0.2925480769230768829, 0.1000000000000000056 ) ) ;
#3985 = LINE ( 'NONE', #2825, #276 ) ;
#3986 = LINE ( 'NONE', #1315, #2691 ) ;
#3987 = CARTESIAN_POINT ( 'NONE',  ( -1.878846153846153610, 0.07680288461538460620, 0.1000000000000000056 ) ) ;
#3988 = DIRECTION ( 'NONE',  ( -1.000000000000000000, 0.000000000000000000, 0.000000000000000000 ) ) ;
#3989 = LINE ( 'NONE', #4851, #4915 ) ;
#3990 = SURFACE_STYLE_FILL_AREA ( #328 ) ;
#3991 = DIRECTION ( 'NONE',  ( 0.000000000000000000, -0.000000000000000000, -1.000000000000000000 ) ) ;
#3992 = CARTESIAN_POINT ( 'NONE',  ( -1.476923076923076783, 0.3538461538461538103, 0.1000000000000000056 ) ) ;
#3993 = CARTESIAN_POINT ( 'NONE',  ( -2.441706730769230838, 0.4830528846153845923, 0.1000000000000000056 ) ) ;
#3994 = CARTESIAN_POINT ( 'NONE',  ( -1.999723771506162429, 0.4067718029050322315, 0.1000000000000000056 ) ) ;
#3995 = STYLED_ITEM ( 'NONE', ( #2450 ), #3489 ) ;
#3996 = ORIENTED_EDGE ( 'NONE', *, *, #942, .T. ) ;
#3997 = EDGE_CURVE ( 'NONE', #3462, #1644, #463, .T. ) ;
#3998 = ADVANCED_FACE ( 'NONE', ( #912 ), #1849, .F. ) ;
#3999 = CARTESIAN_POINT ( 'NONE',  ( -9.800000000000002487, 4.800000000000000711, 10.30000000000000071 ) ) ;
#4000 = CARTESIAN_POINT ( 'NONE',  ( -0.7502403846153845590, 0.5538461538461537659, 0.1000000000000000056 ) ) ;
#4001 = UNCERTAINTY_MEASURE_WITH_UNIT (LENGTH_MEASURE( 1.000000000000000082E-05 ), #4853, 'distance_accuracy_value', 'NONE');
#4002 = CARTESIAN_POINT ( 'NONE',  ( -2.065211790533655556, 0.3895553712263126189, 0.000000000000000000 ) ) ;
#4003 =( NAMED_UNIT ( * ) SI_UNIT ( $, .STERADIAN. ) SOLID_ANGLE_UNIT ( ) );
#4004 = CARTESIAN_POINT ( 'NONE',  ( -1.004027749359492683, 0.09580324650680960286, 1.355252715606880543E-17 ) ) ;
#4005 = CIRCLE ( 'NONE', #4159, 0.2000000000000005107 ) ;
#4006 = CARTESIAN_POINT ( 'NONE',  ( -2.575841346153846079, 0.1923076923076923184, 0.1000000000000000056 ) ) ;
#4007 =( NAMED_UNIT ( * ) PLANE_ANGLE_UNIT ( ) SI_UNIT ( $, .RADIAN. ) );
#4008 = SURFACE_STYLE_FILL_AREA ( #3514 ) ;
#4009 = CARTESIAN_POINT ( 'NONE',  ( -0.6979324620080854524, -0.01184942314816713436, 0.000000000000000000 ) ) ;
#4010 = ORIENTED_EDGE ( 'NONE', *, *, #2161, .F. ) ;
#4011 = EDGE_CURVE ( 'NONE', #2901, #2083, #2987, .T. ) ;
#4012 = DIRECTION ( 'NONE',  ( -1.000000000000000000, 0.000000000000000000, 0.000000000000000000 ) ) ;
#4013 = SURFACE_STYLE_USAGE ( .BOTH. , #2071 ) ;
#4014 = VERTEX_POINT ( 'NONE', #700 ) ;
#4015 = EDGE_LOOP ( 'NONE', ( #2895, #2345, #4739, #2857 ) ) ;
#4016 = STYLED_ITEM ( 'NONE', ( #833 ), #659 ) ;
#4017 = CARTESIAN_POINT ( 'NONE',  ( -1.476923076923076783, 0.06153846153846153494, 0.1000000000000000056 ) ) ;
#4018 = CARTESIAN_POINT ( 'NONE',  ( -2.001523273264580904, 0.1845931405890247901, 0.1000000000000000056 ) ) ;
#4019 = VERTEX_POINT ( 'NONE', #4371 ) ;
#4020 = CARTESIAN_POINT ( 'NONE',  ( -0.5225303327861570146, 0.5257338930716274339, 1.355252715606880543E-17 ) ) ;
#4021 = ORIENTED_EDGE ( 'NONE', *, *, #5181, .F. ) ;
#4022 = ORIENTED_EDGE ( 'NONE', *, *, #3830, .F. ) ;
#4023 = ADVANCED_FACE ( 'NONE', ( #3111 ), #2635, .T. ) ;
#4024 = CARTESIAN_POINT ( 'NONE',  ( -1.849516790166800373, 0.06978812089980490629, 0.000000000000000000 ) ) ;
#4025 = LINE ( 'NONE', #883, #1081 ) ;
#4026 = CARTESIAN_POINT ( 'NONE',  ( 9.289999999999997371, 3.759999999999999343, -3.499999999999998668 ) ) ;
#4027 = ORIENTED_EDGE ( 'NONE', *, *, #4697, .F. ) ;
#4028 = PRESENTATION_LAYER_ASSIGNMENT (  '', '', ( #4124 ) ) ;
#4029 = EDGE_CURVE ( 'NONE', #4706, #253, #4363, .T. ) ;
#4030 = CARTESIAN_POINT ( 'NONE',  ( -0.4732501380163957605, 0.1358947916165430536, 0.1000000000000000056 ) ) ;
#4031 = VECTOR ( 'NONE', #1512, 1000.000000000000000 ) ;
#4032 = ORIENTED_EDGE ( 'NONE', *, *, #2911, .T. ) ;
#4033 = B_SPLINE_SURFACE_WITH_KNOTS ( 'NONE', 3, 1, ( 
 ( #3199, #800 ),
 ( #4856, #3602 ),
 ( #1645, #2835 ),
 ( #4030, #36 ),
 ( #3253, #3616 ),
 ( #5178, #2873 ),
 ( #3226, #817 ),
 ( #4807, #840 ),
 ( #4429, #4821 ),
 ( #2806, #2050 ),
 ( #1207, #16 ) ),
 .UNSPECIFIED., .F., .F., .F.,
 ( 4, 1, 1, 1, 1, 1, 1, 1, 4 ),
 ( 2, 2 ),
 ( 0.000000000000000000, 0.1243285095938497231, 0.2471560163611866145, 0.3687797492913393871, 0.4907338624016478468, 0.6136137718478437142, 0.7389575757222154317, 0.8673105751912626449, 1.000000000000000000 ),
 ( 0.000000000000000000, 1.000000000000000000 ),
 .UNSPECIFIED. ) ;
#4034 = CARTESIAN_POINT ( 'NONE',  ( 1.669999999999997042, -3.660000000000000142, -3.399999999999999467 ) ) ;
#4035 = VECTOR ( 'NONE', #4242, 1000.000000000000114 ) ;
#4036 = CARTESIAN_POINT ( 'NONE',  ( -0.8152924188832407770, 0.05184046639612936019, 0.000000000000000000 ) ) ;
#4037 = EDGE_LOOP ( 'NONE', ( #2279, #3331, #1201, #165 ) ) ;
#4038 = CARTESIAN_POINT ( 'NONE',  ( -0.8868489060679795033, 0.009541294652496897302, 0.1000000000000000056 ) ) ;
#4039 = FACE_OUTER_BOUND ( 'NONE', #52, .T. ) ;
#4040 = CARTESIAN_POINT ( 'NONE',  ( -0.8718892792552758175, 0.07062146756542136972, 0.1000000000000000056 ) ) ;
#4041 = CARTESIAN_POINT ( 'NONE',  ( -7.776154080446695538, -3.805571426637654575, 10.40000000000000213 ) ) ;
#4042 = LINE ( 'NONE', #2689, #1801 ) ;
#4043 = LINE ( 'NONE', #1383, #3105 ) ;
#4044 = AXIS2_PLACEMENT_3D ( 'NONE', #3195, #1953, #3991 ) ;
#4045 = CARTESIAN_POINT ( 'NONE',  ( -2.664543269230768896, 0.000000000000000000, 0.000000000000000000 ) ) ;
#4046 = CARTESIAN_POINT ( 'NONE',  ( 8.489999999999998437, 3.959999999999999964, -3.400000000000003020 ) ) ;
#4047 = CARTESIAN_POINT ( 'NONE',  ( -1.831567575901209777, 0.06736670900023293551, 0.000000000000000000 ) ) ;
#4048 = DIRECTION ( 'NONE',  ( 0.000000000000000000, 0.000000000000000000, 1.000000000000000000 ) ) ;
#4049 = CARTESIAN_POINT ( 'NONE',  ( -8.765000000000004121, -3.935000000000000941, -3.499999999999998668 ) ) ;
#4050 = CARTESIAN_POINT ( 'NONE',  ( -0.8693624315064953922, 0.002949220173866397201, 0.000000000000000000 ) ) ;
#4051 = VECTOR ( 'NONE', #4056, 1000.000000000000000 ) ;
#4052 = CARTESIAN_POINT ( 'NONE',  ( -0.5561366732862572659, 0.04347991929881141193, 0.000000000000000000 ) ) ;
#4053 = VECTOR ( 'NONE', #539, 1000.000000000000000 ) ;
#4054 = AXIS2_PLACEMENT_3D ( 'NONE', #4339, #2698, #1951 ) ;
#4055 = CARTESIAN_POINT ( 'NONE',  ( -2.333052884615384404, 0.2538461538461538880, 0.1000000000000000056 ) ) ;
#4056 = DIRECTION ( 'NONE',  ( -0.000000000000000000, 1.000000000000000000, -0.000000000000000000 ) ) ;
#4057 = VERTEX_POINT ( 'NONE', #331 ) ;
#4058 = CIRCLE ( 'NONE', #3094, 0.2000000000000005107 ) ;
#4059 = ORIENTED_EDGE ( 'NONE', *, *, #1175, .F. ) ;
#4060 = AXIS2_PLACEMENT_3D ( 'NONE', #1826, #994, #3805 ) ;
#4061 = CARTESIAN_POINT ( 'NONE',  ( -0.6264479238439252251, 0.5934583333223349966, 0.1000000000000000056 ) ) ;
#4062 = FILL_AREA_STYLE_COLOUR ( '', #4679 ) ;
#4063 = PLANE ( 'NONE',  #1991 ) ;
#4064 = CARTESIAN_POINT ( 'NONE',  ( -8.665000000000004476, 0.000000000000000000, -3.400000000000003020 ) ) ;
#4065 = DIRECTION ( 'NONE',  ( 1.000000000000000000, 0.000000000000000000, 0.000000000000000000 ) ) ;
#4066 = CARTESIAN_POINT ( 'NONE',  ( -0.7543269230769229505, -0.01538461538461538373, 0.1000000000000000056 ) ) ;
#4067 = CARTESIAN_POINT ( 'NONE',  ( -1.690986266451797393, 0.5384305125771687850, 0.1000000000000000056 ) ) ;
#4068 = EDGE_CURVE ( 'NONE', #689, #376, #3293, .T. ) ;
#4069 = CARTESIAN_POINT ( 'NONE',  ( 9.799999999999995381, 4.800000000000000711, 10.50000000000000000 ) ) ;
#4070 = UNCERTAINTY_MEASURE_WITH_UNIT (LENGTH_MEASURE( 1.000000000000000082E-05 ), #852, 'distance_accuracy_value', 'NONE');
#4071 = LINE ( 'NONE', #3046, #1952 ) ;
#4072 = DIRECTION ( 'NONE',  ( -1.000000000000000000, 0.000000000000000000, 0.000000000000000000 ) ) ;
#4073 = SURFACE_STYLE_FILL_AREA ( #2209 ) ;
#4074 = CARTESIAN_POINT ( 'NONE',  ( -1.972116856782124783, 0.5369366762439107266, 0.000000000000000000 ) ) ;
#4075 = CARTESIAN_POINT ( 'NONE',  ( -0.9519532738215557011, 0.5540315146126306711, 0.1000000000000000056 ) ) ;
#4076 = CARTESIAN_POINT ( 'NONE',  ( -1.192307692307692069, 0.5384615384615384359, 0.000000000000000000 ) ) ;
#4077 = AXIS2_PLACEMENT_3D ( 'NONE', #867, #4483, #2889 ) ;
#4078 = CARTESIAN_POINT ( 'NONE',  ( -0.8718892792552758175, 0.07062146756542136972, -1.355252715606880543E-17 ) ) ;
#4079 = ORIENTED_EDGE ( 'NONE', *, *, #1992, .T. ) ;
#4080 =( NAMED_UNIT ( * ) PLANE_ANGLE_UNIT ( ) SI_UNIT ( $, .RADIAN. ) );
#4081 = ORIENTED_EDGE ( 'NONE', *, *, #1028, .F. ) ;
#4082 = ORIENTED_EDGE ( 'NONE', *, *, #3507, .T. ) ;
#4083 = EDGE_LOOP ( 'NONE', ( #4815, #1907, #4329, #2958 ) ) ;
#4084 = CARTESIAN_POINT ( 'NONE',  ( -0.7162735330026537284, -0.01381223518987952786, 0.000000000000000000 ) ) ;
#4085 = ORIENTED_EDGE ( 'NONE', *, *, #2582, .T. ) ;
#4086 = CARTESIAN_POINT ( 'NONE',  ( -1.739634633038202205, 0.5374953114882161653, 0.1000000000000000056 ) ) ;
#4087 = FACE_OUTER_BOUND ( 'NONE', #605, .T. ) ;
#4088 = ORIENTED_EDGE ( 'NONE', *, *, #411, .F. ) ;
#4089 = ORIENTED_EDGE ( 'NONE', *, *, #2911, .F. ) ;
#4090 = FILL_AREA_STYLE ('',( #61 ) ) ;
#4091 = ORIENTED_EDGE ( 'NONE', *, *, #410, .T. ) ;
#4092 = ORIENTED_EDGE ( 'NONE', *, *, #475, .T. ) ;
#4093 = LINE ( 'NONE', #55, #4893 ) ;
#4094 = DIRECTION ( 'NONE',  ( 0.000000000000000000, 0.000000000000000000, 1.000000000000000000 ) ) ;
#4095 = ORIENTED_EDGE ( 'NONE', *, *, #1447, .F. ) ;
#4096 = VECTOR ( 'NONE', #772, 1000.000000000000000 ) ;
#4097 = CARTESIAN_POINT ( 'NONE',  ( -0.5185910106711868472, 0.4284551003175791628, 0.000000000000000000 ) ) ;
#4098 = EDGE_CURVE ( 'NONE', #3948, #4457, #5041, .T. ) ;
#4099 = VECTOR ( 'NONE', #1183, 1000.000000000000000 ) ;
#4100 = ORIENTED_EDGE ( 'NONE', *, *, #418, .F. ) ;
#4101 = PLANE ( 'NONE',  #3428 ) ;
#4102 =( NAMED_UNIT ( * ) PLANE_ANGLE_UNIT ( ) SI_UNIT ( $, .RADIAN. ) );
#4103 = LINE ( 'NONE', #1925, #2175 ) ;
#4104 = SURFACE_STYLE_FILL_AREA ( #1697 ) ;
#4105 =( LENGTH_UNIT ( ) NAMED_UNIT ( * ) SI_UNIT ( .MILLI., .METRE. ) );
#4106 = CARTESIAN_POINT ( 'NONE',  ( -1.963631448785753797, 0.1286951578552254227, 0.1000000000000000056 ) ) ;
#4107 =( NAMED_UNIT ( * ) SI_UNIT ( $, .STERADIAN. ) SOLID_ANGLE_UNIT ( ) );
#4108 = VECTOR ( 'NONE', #2770, 1000.000000000000000 ) ;
#4109 = VECTOR ( 'NONE', #2080, 1000.000000000000000 ) ;
#4110 = CARTESIAN_POINT ( 'NONE',  ( -8.665000000000004476, 0.000000000000000000, 0.000000000000000000 ) ) ;
#4111 = DIRECTION ( 'NONE',  ( -1.000000000000000000, 0.000000000000000000, 0.000000000000000000 ) ) ;
#4112 = CARTESIAN_POINT ( 'NONE',  ( -0.5010250354689655961, 0.5027599357063354812, 0.000000000000000000 ) ) ;
#4113 = DIRECTION ( 'NONE',  ( -0.000000000000000000, -0.000000000000000000, -1.000000000000000000 ) ) ;
#4114 = LINE ( 'NONE', #2757, #4798 ) ;
#4115 = CARTESIAN_POINT ( 'NONE',  ( -1.707331730769230616, 0.06153846153846153494, 0.000000000000000000 ) ) ;
#4116 = EDGE_CURVE ( 'NONE', #1839, #3550, #2251, .T. ) ;
#4117 = VERTEX_POINT ( 'NONE', #1582 ) ;
#4118 = DIRECTION ( 'NONE',  ( -0.000000000000000000, 0.000000000000000000, 1.000000000000000000 ) ) ;
#4119 = CARTESIAN_POINT ( 'NONE',  ( -1.865024038461538192, 0.5216346153846153078, 0.1000000000000000056 ) ) ;
#4120 = SURFACE_STYLE_USAGE ( .BOTH. , #2571 ) ;
#4121 = ORIENTED_EDGE ( 'NONE', *, *, #2944, .F. ) ;
#4122 = CARTESIAN_POINT ( 'NONE',  ( -2.008354964394539532, 0.2006057366267238740, 0.1000000000000000056 ) ) ;
#4123 = EDGE_CURVE ( 'NONE', #4659, #4886, #4916, .T. ) ;
#4124 = STYLED_ITEM ( 'NONE', ( #5054 ), #3544 ) ;
#4125 = DIRECTION ( 'NONE',  ( 1.000000000000000000, -0.000000000000000000, 0.000000000000000000 ) ) ;
#4126 = EDGE_CURVE ( 'NONE', #4117, #1340, #2926, .T. ) ;
#4127 = CARTESIAN_POINT ( 'NONE',  ( -1.811289457450238727, 0.06519494639651757240, 0.000000000000000000 ) ) ;
#4128 = SURFACE_SIDE_STYLE ('',( #1559 ) ) ;
#4129 = CARTESIAN_POINT ( 'NONE',  ( -0.5104973992389458815, 0.4139629074658842112, 0.000000000000000000 ) ) ;
#4130 = SURFACE_STYLE_USAGE ( .BOTH. , #2169 ) ;
#4131 = CARTESIAN_POINT ( 'NONE',  ( -2.723076923076923173, 0.000000000000000000, 0.1000000000000000056 ) ) ;
#4132 = LINE ( 'NONE', #312, #114 ) ;
#4133 = MECHANICAL_DESIGN_GEOMETRIC_PRESENTATION_REPRESENTATION (  '', ( #4480 ), #4309 ) ;
#4134 = VERTEX_POINT ( 'NONE', #3589 ) ;
#4135 = FILL_AREA_STYLE ('',( #3355 ) ) ;
#4136 = CARTESIAN_POINT ( 'NONE',  ( -2.441706730769230838, 0.4830528846153845923, 0.1000000000000000056 ) ) ;
#4137 = FILL_AREA_STYLE_COLOUR ( '', #5133 ) ;
#4138 = VERTEX_POINT ( 'NONE', #26 ) ;
#4139 = CARTESIAN_POINT ( 'NONE',  ( -0.9582315161667508407, 0.4658089342269182143, 0.000000000000000000 ) ) ;
#4140 = CARTESIAN_POINT ( 'NONE',  ( -0.6799551361419354789, 0.5454712172434104112, 0.1000000000000000056 ) ) ;
#4141 = LINE ( 'NONE', #2102, #916 ) ;
#4142 = DIRECTION ( 'NONE',  ( -0.000000000000000000, -0.000000000000000000, 1.000000000000000000 ) ) ;
#4143 = VERTEX_POINT ( 'NONE', #426 ) ;
#4144 = ORIENTED_EDGE ( 'NONE', *, *, #3865, .T. ) ;
#4145 = DIRECTION ( 'NONE',  ( -1.000000000000000000, 0.000000000000000000, 0.000000000000000000 ) ) ;
#4146 = CARTESIAN_POINT ( 'NONE',  ( -0.4533680456347409238, 0.4250190868945621925, 0.000000000000000000 ) ) ;
#4147 = CARTESIAN_POINT ( 'NONE',  ( -1.995606663782776069, 0.07415531155154807263, 0.000000000000000000 ) ) ;
#4148 = VERTEX_POINT ( 'NONE', #4830 ) ;
#4149 = DIRECTION ( 'NONE',  ( 0.5773502691896323924, -0.5773502691896323924, 0.5773502691896122974 ) ) ;
#4150 = MECHANICAL_DESIGN_GEOMETRIC_PRESENTATION_REPRESENTATION (  '', ( #110 ), #1474 ) ;
#4151 = ORIENTED_EDGE ( 'NONE', *, *, #569, .T. ) ;
#4152 = LINE ( 'NONE', #3636, #3334 ) ;
#4153 = VERTEX_POINT ( 'NONE', #3623 ) ;
#4154 = CARTESIAN_POINT ( 'NONE',  ( -1.924319472397161057, 0.02449217801007875367, 0.1000000000000000056 ) ) ;
#4155 = ORIENTED_EDGE ( 'NONE', *, *, #3640, .F. ) ;
#4156 = ORIENTED_EDGE ( 'NONE', *, *, #1882, .T. ) ;
#4157 = FACE_OUTER_BOUND ( 'NONE', #290, .T. ) ;
#4158 = CARTESIAN_POINT ( 'NONE',  ( 9.289999999999997371, -3.660000000000000142, 3.875777422434217368E-17 ) ) ;
#4159 = AXIS2_PLACEMENT_3D ( 'NONE', #2976, #3377, #3820 ) ;
#4160 = ORIENTED_EDGE ( 'NONE', *, *, #3289, .T. ) ;
#4161 = SURFACE_STYLE_USAGE ( .BOTH. , #2611 ) ;
#4162 = LINE ( 'NONE', #3993, #1091 ) ;
#4163 = CARTESIAN_POINT ( 'NONE',  ( -0.7422942766078075572, 0.6151080431537363502, 0.1000000000000000056 ) ) ;
#4164 = CARTESIAN_POINT ( 'NONE',  ( -1.972116856782124783, 0.5369366762439107266, 0.1000000000000000056 ) ) ;
#4165 = UNCERTAINTY_MEASURE_WITH_UNIT (LENGTH_MEASURE( 1.000000000000000082E-05 ), #40, 'distance_accuracy_value', 'NONE');
#4166 = CARTESIAN_POINT ( 'NONE',  ( -0.6307746857873077762, 0.5278564390386435434, -1.355252715606880543E-17 ) ) ;
#4167 = CARTESIAN_POINT ( 'NONE',  ( -2.664543269230768896, 0.000000000000000000, 0.1000000000000000056 ) ) ;
#4168 = DIRECTION ( 'NONE',  ( 0.000000000000000000, -0.000000000000000000, -1.000000000000000000 ) ) ;
#4169 = CARTESIAN_POINT ( 'NONE',  ( -7.776154080446695538, -3.805571426637654575, 10.50000000000000000 ) ) ;
#4170 = AXIS2_PLACEMENT_3D ( 'NONE', #3167, #759, #3975 ) ;
#4171 = LINE ( 'NONE', #1995, #2564 ) ;
#4172 = EDGE_CURVE ( 'NONE', #2734, #4771, #86, .T. ) ;
#4173 =( NAMED_UNIT ( * ) SI_UNIT ( $, .STERADIAN. ) SOLID_ANGLE_UNIT ( ) );
#4174 = EDGE_CURVE ( 'NONE', #879, #2459, #4180, .T. ) ;
#4175 = DIRECTION ( 'NONE',  ( -1.000000000000000000, -0.000000000000000000, -0.000000000000000000 ) ) ;
#4176 = EDGE_CURVE ( 'NONE', #3413, #440, #3168, .T. ) ;
#4177 = DIRECTION ( 'NONE',  ( -0.000000000000000000, -0.000000000000000000, -1.000000000000000000 ) ) ;
#4178 = CARTESIAN_POINT ( 'NONE',  ( -0.7502403846153845590, 0.5538461538461537659, 0.1000000000000000056 ) ) ;
#4179 = FACE_OUTER_BOUND ( 'NONE', #503, .T. ) ;
#4180 = LINE ( 'NONE', #4419, #4243 ) ;
#4181 = VECTOR ( 'NONE', #4761, 1000.000000000000000 ) ;
#4182 = CARTESIAN_POINT ( 'NONE',  ( -1.865024038461538192, 0.5216346153846153078, 0.1000000000000000056 ) ) ;
#4183 =( GEOMETRIC_REPRESENTATION_CONTEXT ( 3 ) GLOBAL_UNCERTAINTY_ASSIGNED_CONTEXT ( ( #2060 ) ) GLOBAL_UNIT_ASSIGNED_CONTEXT ( ( #5154, #3967, #2771 ) ) REPRESENTATION_CONTEXT ( 'NONE', 'WORKASPACE' ) );
#4184 = FILL_AREA_STYLE ('',( #3359 ) ) ;
#4185 = COLOUR_RGB ( '',0.7960784313725489669, 0.8235294117647058432, 0.9372549019607843146 ) ;
#4186 = CARTESIAN_POINT ( 'NONE',  ( -9.015000000000005898, 3.935000000000000941, -3.499999999999998668 ) ) ;
#4187 = CARTESIAN_POINT ( 'NONE',  ( -0.6298039370202361820, 0.004505701595699446345, 0.1000000000000000056 ) ) ;
#4188 = ORIENTED_EDGE ( 'NONE', *, *, #2929, .F. ) ;
#4189 = DIRECTION ( 'NONE',  ( 0.000000000000000000, -0.7071067811865475727, 0.7071067811865475727 ) ) ;
#4190 = CARTESIAN_POINT ( 'NONE',  ( 0.000000000000000000, 0.000000000000000000, 0.000000000000000000 ) ) ;
#4191 = PRODUCT_RELATED_PRODUCT_CATEGORY ( 'part', '', ( #4987 ) ) ;
#4192 = CARTESIAN_POINT ( 'NONE',  ( -0.6799551361419354789, 0.5454712172434104112, 0.1000000000000000056 ) ) ;
#4193 = ORIENTED_EDGE ( 'NONE', *, *, #528, .F. ) ;
#4194 = CARTESIAN_POINT ( 'NONE',  ( -0.7539663461538461675, 0.04615384615384614947, -1.355252715606880543E-17 ) ) ;
#4195 = CARTESIAN_POINT ( 'NONE',  ( -0.8876359077297247824, 0.5902263665661413583, 0.1000000000000000056 ) ) ;
#4196 = STYLED_ITEM ( 'NONE', ( #4696 ), #383 ) ;
#4197 = EDGE_CURVE ( 'NONE', #1919, #2848, #2057, .T. ) ;
#4198 = CARTESIAN_POINT ( 'NONE',  ( -2.076800950035132320, 0.3009672745981760156, 0.1000000000000000056 ) ) ;
#4199 = CARTESIAN_POINT ( 'NONE',  ( -0.4360167853856298237, 0.3666724908760816137, 0.1000000000000000056 ) ) ;
#4200 = CARTESIAN_POINT ( 'NONE',  ( -9.800000000000002487, 5.000000000000000000, 10.30000000000000071 ) ) ;
#4201 = CARTESIAN_POINT ( 'NONE',  ( -0.5987705586500566834, 0.01760647347263260762, -1.355252715606880543E-17 ) ) ;
#4202 = DIRECTION ( 'NONE',  ( 0.000000000000000000, 0.000000000000000000, -1.000000000000000000 ) ) ;
#4203 = CARTESIAN_POINT ( 'NONE',  ( 1.669999999999997042, 0.000000000000000000, 0.000000000000000000 ) ) ;
#4204 = EDGE_LOOP ( 'NONE', ( #2774, #3121, #1300, #4021 ) ) ;
#4205 = ORIENTED_EDGE ( 'NONE', *, *, #1560, .T. ) ;
#4206 = ORIENTED_EDGE ( 'NONE', *, *, #2677, .F. ) ;
#4207 = CARTESIAN_POINT ( 'NONE',  ( -10.00000000000000355, -4.799999999999999822, 0.000000000000000000 ) ) ;
#4208 = EDGE_LOOP ( 'NONE', ( #1263, #2215, #1140, #5206 ) ) ;
#4209 = ORIENTED_EDGE ( 'NONE', *, *, #2872, .T. ) ;
#4210 = SURFACE_STYLE_FILL_AREA ( #3040 ) ;
#4211 = ORIENTED_EDGE ( 'NONE', *, *, #3698, .T. ) ;
#4212 = ORIENTED_EDGE ( 'NONE', *, *, #1072, .T. ) ;
#4213 = ORIENTED_EDGE ( 'NONE', *, *, #1242, .F. ) ;
#4214 = SURFACE_SIDE_STYLE ('',( #4073 ) ) ;
#4215 = ORIENTED_EDGE ( 'NONE', *, *, #4820, .F. ) ;
#4216 = VERTEX_POINT ( 'NONE', #828 ) ;
#4217 = CARTESIAN_POINT ( 'NONE',  ( -1.988025569879804388, 0.5227485022185869301, 0.1000000000000000056 ) ) ;
#4218 = ORIENTED_EDGE ( 'NONE', *, *, #3430, .F. ) ;
#4219 = CARTESIAN_POINT ( 'NONE',  ( -0.5374314281561211049, 0.4557406285019685588, -1.355252715606880543E-17 ) ) ;
#4220 = COLOUR_RGB ( '',0.7960784313725489669, 0.8235294117647058432, 0.9372549019607843146 ) ;
#4221 = FACE_OUTER_BOUND ( 'NONE', #4637, .T. ) ;
#4222 = CARTESIAN_POINT ( 'NONE',  ( -0.7478737230098881916, -0.01533970237505151261, -1.355252715606880543E-17 ) ) ;
#4223 =( NAMED_UNIT ( * ) SI_UNIT ( $, .STERADIAN. ) SOLID_ANGLE_UNIT ( ) );
#4224 = B_SPLINE_SURFACE_WITH_KNOTS ( 'NONE', 3, 1, ( 
 ( #2998, #3035 ),
 ( #3011, #4222 ),
 ( #3809, #1800 ),
 ( #591, #4994 ),
 ( #1012, #3400 ),
 ( #3836, #3792 ),
 ( #5007, #1408 ),
 ( #3453, #3858 ),
 ( #4187, #1870 ),
 ( #4655, #3440 ),
 ( #4980, #4201 ),
 ( #2661, #1817 ),
 ( #1831, #1452 ),
 ( #3420, #2243 ),
 ( #4611, #2216 ),
 ( #2647, #4241 ),
 ( #4632, #2633 ),
 ( #982, #4256 ),
 ( #2259, #5035 ) ),
 .UNSPECIFIED., .F., .F., .F.,
 ( 4, 1, 1, 1, 1, 1, 1, 1, 1, 1, 1, 1, 1, 1, 1, 1, 4 ),
 ( 2, 2 ),
 ( 0.000000000000000000, 0.06966280089907717077, 0.1377495622582725898, 0.2039167435177823839, 0.2687798623293365385, 0.3324137064772237360, 0.3947535404471391729, 0.4561800316591683169, 0.5169956491967196976, 0.5773959379659517888, 0.6371983435092750669, 0.6969991842614545741, 0.7567561942255591756, 0.8165539052726074054, 0.8769479965978698166, 0.9381317879205948174, 1.000000000000000000 ),
 ( 0.000000000000000000, 1.000000000000000000 ),
 .UNSPECIFIED. ) ;
#4225 = DIRECTION ( 'NONE',  ( 1.000000000000000000, 0.000000000000000000, 0.000000000000000000 ) ) ;
#4226 = VERTEX_POINT ( 'NONE', #2432 ) ;
#4227 = VECTOR ( 'NONE', #2084, 1000.000000000000000 ) ;
#4228 = LINE ( 'NONE', #4929, #3553 ) ;
#4229 = CARTESIAN_POINT ( 'NONE',  ( -1.584615384615384537, 0.5999999999999999778, 0.000000000000000000 ) ) ;
#4230 = CARTESIAN_POINT ( 'NONE',  ( -1.476923076923076783, 0.000000000000000000, 0.1000000000000000056 ) ) ;
#4231 = LINE ( 'NONE', #2445, #385 ) ;
#4232 = AXIS2_PLACEMENT_3D ( 'NONE', #3823, #235, #4269 ) ;
#4233 = AXIS2_PLACEMENT_3D ( 'NONE', #2723, #4335, #5167 ) ;
#4234 = EDGE_CURVE ( 'NONE', #5081, #470, #3985, .T. ) ;
#4235 = UNCERTAINTY_MEASURE_WITH_UNIT (LENGTH_MEASURE( 1.000000000000000082E-05 ), #3977, 'distance_accuracy_value', 'NONE');
#4236 = CARTESIAN_POINT ( 'NONE',  ( -0.9047353777028271926, 0.5825192009767882206, 0.1000000000000000056 ) ) ;
#4237 = FACE_OUTER_BOUND ( 'NONE', #1904, .T. ) ;
#4238 = CARTESIAN_POINT ( 'NONE',  ( -0.7257787694675613688, 0.04667990886927518568, 0.1000000000000000056 ) ) ;
#4239 = CARTESIAN_POINT ( 'NONE',  ( -1.896153846153846079, 0.5783653846153846700, 0.1000000000000000056 ) ) ;
#4240 = DIRECTION ( 'NONE',  ( -0.000000000000000000, -0.000000000000000000, -1.000000000000000000 ) ) ;
#4241 = CARTESIAN_POINT ( 'NONE',  ( -0.5303793403109833271, 0.06484745124865408383, -1.355252715606880543E-17 ) ) ;
#4242 = DIRECTION ( 'NONE',  ( -0.5773502691896323924, 0.5773502691896323924, -0.5773502691896122974 ) ) ;
#4243 = VECTOR ( 'NONE', #1612, 1000.000000000000000 ) ;
#4244 = LINE ( 'NONE', #1123, #984 ) ;
#4245 = CARTESIAN_POINT ( 'NONE',  ( -0.4307692307692307931, 0.3034855769230768718, 0.1000000000000000056 ) ) ;
#4246 = CARTESIAN_POINT ( 'NONE',  ( -1.770552884615384626, 0.000000000000000000, 0.1000000000000000056 ) ) ;
#4247 = LINE ( 'NONE', #3645, #602 ) ;
#4248 = ORIENTED_EDGE ( 'NONE', *, *, #3256, .T. ) ;
#4249 = CARTESIAN_POINT ( 'NONE',  ( -0.9519532738215557011, 0.5540315146126306711, 0.1000000000000000056 ) ) ;
#4250 = CARTESIAN_POINT ( 'NONE',  ( -8.765000000000004121, 4.035000000000000142, -3.499999999999998668 ) ) ;
#4251 = EDGE_CURVE ( 'NONE', #1400, #4599, #1038, .T. ) ;
#4252 = CARTESIAN_POINT ( 'NONE',  ( -0.4846845296773885092, 0.3052931565567709726, 0.1000000000000000056 ) ) ;
#4253 = CARTESIAN_POINT ( 'NONE',  ( -0.6460819730816871331, -0.0007312983922106492838, 0.1000000000000000056 ) ) ;
#4254 = PRESENTATION_LAYER_ASSIGNMENT (  '', '', ( #3725 ) ) ;
#4255 = DIRECTION ( 'NONE',  ( -0.000000000000000000, -0.000000000000000000, -1.000000000000000000 ) ) ;
#4256 = CARTESIAN_POINT ( 'NONE',  ( -0.5106435983868072848, 0.08524622795043473866, -1.355252715606880543E-17 ) ) ;
#4257 = DIRECTION ( 'NONE',  ( -0.000000000000000000, 1.000000000000000000, 0.000000000000000000 ) ) ;
#4258 = FILL_AREA_STYLE ('',( #5037 ) ) ;
#4259 = SURFACE_STYLE_USAGE ( .BOTH. , #1414 ) ;
#4260 = PRESENTATION_LAYER_ASSIGNMENT (  '', '', ( #3459 ) ) ;
#4261 = CARTESIAN_POINT ( 'NONE',  ( 8.656666666666664511, -3.826666666666667993, -3.566666666666665098 ) ) ;
#4262 = B_SPLINE_CURVE_WITH_KNOTS ( 'NONE', 3,
 ( #1736, #1302, #499, #914, #3729, #4914, #425, #3244, #846, #3655, #1245 ),
 .UNSPECIFIED., .F., .F.,
 ( 4, 1, 1, 1, 1, 1, 1, 1, 4 ),
 ( 0.000000000000000000, 0.1243285095938497231, 0.2471560163611866145, 0.3687797492913393871, 0.4907338624016478468, 0.6136137718478437142, 0.7389575757222154317, 0.8673105751912626449, 1.000000000000000000 ),
 .UNSPECIFIED. ) ;
#4263 = ADVANCED_FACE ( 'NONE', ( #1872 ), #804, .T. ) ;
#4264 = CARTESIAN_POINT ( 'NONE',  ( -0.7536057692307691624, 0.6153846153846153078, -1.355252715606880543E-17 ) ) ;
#4265 = PRESENTATION_LAYER_ASSIGNMENT (  '', '', ( #3995 ) ) ;
#4266 = EDGE_CURVE ( 'NONE', #3462, #249, #2114, .T. ) ;
#4267 = CARTESIAN_POINT ( 'NONE',  ( -0.4947798403881485951, 0.2231835774740527356, 1.355252715606880543E-17 ) ) ;
#4268 =( LENGTH_UNIT ( ) NAMED_UNIT ( * ) SI_UNIT ( .MILLI., .METRE. ) );
#4269 = DIRECTION ( 'NONE',  ( -0.000000000000000000, 0.000000000000000000, -1.000000000000000000 ) ) ;
#4270 = EDGE_LOOP ( 'NONE', ( #434, #1466, #5079, #876 ) ) ;
#4271 = CARTESIAN_POINT ( 'NONE',  ( -2.664543269230768896, 0.000000000000000000, 0.1000000000000000056 ) ) ;
#4272 = ORIENTED_EDGE ( 'NONE', *, *, #4496, .F. ) ;
#4273 = VECTOR ( 'NONE', #4595, 1000.000000000000000 ) ;
#4274 = ORIENTED_EDGE ( 'NONE', *, *, #1989, .F. ) ;
#4275 = CARTESIAN_POINT ( 'NONE',  ( -1.991380922488747318, 0.4232297804260908292, 0.000000000000000000 ) ) ;
#4276 = ORIENTED_EDGE ( 'NONE', *, *, #5181, .T. ) ;
#4277 = FACE_BOUND ( 'NONE', #3689, .T. ) ;
#4278 = CARTESIAN_POINT ( 'NONE',  ( 8.589999999999996305, -3.959999999999999964, -3.499999999999998668 ) ) ;
#4279 = STYLED_ITEM ( 'NONE', ( #710 ), #1482 ) ;
#4280 = ORIENTED_EDGE ( 'NONE', *, *, #493, .F. ) ;
#4281 = ORIENTED_EDGE ( 'NONE', *, *, #51, .F. ) ;
#4282 = EDGE_LOOP ( 'NONE', ( #1142, #194, #424, #2649 ) ) ;
#4283 = CARTESIAN_POINT ( 'NONE',  ( -1.015384615384615330, 0.1104567307692307654, 0.1000000000000000056 ) ) ;
#4284 = COLOUR_RGB ( '',0.7960784313725489669, 0.8235294117647058432, 0.9372549019607843146 ) ;
#4285 = DIRECTION ( 'NONE',  ( -0.7071067811865352493, 0.000000000000000000, 0.7071067811865597852 ) ) ;
#4286 = CARTESIAN_POINT ( 'NONE',  ( -2.039162456327543005, 0.1337546374322099441, 1.355252715606880543E-17 ) ) ;
#4287 = EDGE_CURVE ( 'NONE', #3580, #226, #5115, .T. ) ;
#4288 = CARTESIAN_POINT ( 'NONE',  ( 1.669999999999997042, -3.759999999999999343, -3.499999999999998668 ) ) ;
#4289 = CARTESIAN_POINT ( 'NONE',  ( -1.916348214471061739, 0.4996560111588059794, 0.1000000000000000056 ) ) ;
#4290 = SURFACE_STYLE_FILL_AREA ( #2828 ) ;
#4291 = FACE_OUTER_BOUND ( 'NONE', #2788, .T. ) ;
#4292 = ADVANCED_FACE ( 'NONE', ( #3234 ), #412, .F. ) ;
#4293 = LINE ( 'NONE', #4956, #3163 ) ;
#4294 = CARTESIAN_POINT ( 'NONE',  ( -2.020643330730112819, 0.3335775100552593742, 0.000000000000000000 ) ) ;
#4295 = CARTESIAN_POINT ( 'NONE',  ( -1.793304595930337975, 0.5972040908718565522, 0.000000000000000000 ) ) ;
#4296 = CARTESIAN_POINT ( 'NONE',  ( -1.192307692307692069, 0.2923076923076923239, 0.1000000000000000056 ) ) ;
#4297 = AXIS2_PLACEMENT_3D ( 'NONE', #1738, #117, #4543 ) ;
#4298 = EDGE_CURVE ( 'NONE', #1516, #3483, #1789, .T. ) ;
#4299 = FACE_OUTER_BOUND ( 'NONE', #917, .T. ) ;
#4300 = B_SPLINE_CURVE_WITH_KNOTS ( 'NONE', 3,
 ( #2446, #2839, #4474, #4036, #22, #111, #943, #1301, #1338, #3311, #497 ),
 .UNSPECIFIED., .F., .F.,
 ( 4, 1, 1, 1, 1, 1, 1, 1, 4 ),
 ( 0.000000000000000000, 0.1285151895116614373, 0.2529486363526579629, 0.3747547340060043974, 0.4959397538670500816, 0.6171806414298928178, 0.7409094692781376112, 0.8678111481862029741, 1.000000000000000000 ),
 .UNSPECIFIED. ) ;
#4301 = CARTESIAN_POINT ( 'NONE',  ( -0.7826194960846151183, 0.5530276496999556590, 0.000000000000000000 ) ) ;
#4302 = PRESENTATION_STYLE_ASSIGNMENT (( #2419 ) ) ;
#4303 = DIRECTION ( 'NONE',  ( 0.5773502691896323924, 0.5773502691896323924, 0.5773502691896122974 ) ) ;
#4304 = COLOUR_RGB ( '',0.7960784313725489669, 0.8235294117647058432, 0.9372549019607843146 ) ;
#4305 = CYLINDRICAL_SURFACE ( 'NONE', #1378, 0.2000000000000005107 ) ;
#4306 = DIRECTION ( 'NONE',  ( 0.000000000000000000, 0.7071067811865475727, 0.7071067811865475727 ) ) ;
#4307 = FACE_OUTER_BOUND ( 'NONE', #753, .T. ) ;
#4308 = CARTESIAN_POINT ( 'NONE',  ( -1.945451977105734365, 0.4787754988360474195, 0.000000000000000000 ) ) ;
#4309 =( GEOMETRIC_REPRESENTATION_CONTEXT ( 3 ) GLOBAL_UNCERTAINTY_ASSIGNED_CONTEXT ( ( #886 ) ) GLOBAL_UNIT_ASSIGNED_CONTEXT ( ( #4750, #775, #3595 ) ) REPRESENTATION_CONTEXT ( 'NONE', 'WORKASPACE' ) );
#4310 = PLANE ( 'NONE',  #2727 ) ;
#4311 = ORIENTED_EDGE ( 'NONE', *, *, #2335, .F. ) ;
#4312 = CARTESIAN_POINT ( 'NONE',  ( -8.665000000000004476, 4.035000000000000142, 0.000000000000000000 ) ) ;
#4313 = ADVANCED_FACE ( 'NONE', ( #1422 ), #4490, .F. ) ;
#4314 = CARTESIAN_POINT ( 'NONE',  ( -8.271187761960542062, -3.805571426637654575, 10.40000000000000213 ) ) ;
#4315 = ORIENTED_EDGE ( 'NONE', *, *, #83, .F. ) ;
#4316 = CARTESIAN_POINT ( 'NONE',  ( -1.770552884615384626, 0.000000000000000000, 1.355252715606880543E-17 ) ) ;
#4317 = FILL_AREA_STYLE ('',( #5111 ) ) ;
#4318 =( GEOMETRIC_REPRESENTATION_CONTEXT ( 3 ) GLOBAL_UNCERTAINTY_ASSIGNED_CONTEXT ( ( #1440 ) ) GLOBAL_UNIT_ASSIGNED_CONTEXT ( ( #3350, #2883, #915 ) ) REPRESENTATION_CONTEXT ( 'NONE', 'WORKASPACE' ) );
#4319 = DIRECTION ( 'NONE',  ( 0.000000000000000000, 1.000000000000000000, -0.000000000000000000 ) ) ;
#4320 = CARTESIAN_POINT ( 'NONE',  ( -0.7502403846153845590, 0.5538461538461537659, 0.1000000000000000056 ) ) ;
#4321 = DIRECTION ( 'NONE',  ( -0.000000000000000000, -0.000000000000000000, 1.000000000000000000 ) ) ;
#4322 = VECTOR ( 'NONE', #2314, 1000.000000000000000 ) ;
#4323 = UNCERTAINTY_MEASURE_WITH_UNIT (LENGTH_MEASURE( 1.000000000000000082E-05 ), #3445, 'distance_accuracy_value', 'NONE');
#4324 = CARTESIAN_POINT ( 'NONE',  ( -0.4947798403881485951, 0.2231835774740527356, 0.000000000000000000 ) ) ;
#4325 = LINE ( 'NONE', #2194, #803 ) ;
#4326 = ORIENTED_EDGE ( 'NONE', *, *, #2239, .T. ) ;
#4327 = CARTESIAN_POINT ( 'NONE',  ( -2.022988930957380305, 0.2995652449740840439, 0.000000000000000000 ) ) ;
#4328 = ORIENTED_EDGE ( 'NONE', *, *, #3171, .F. ) ;
#4329 = ORIENTED_EDGE ( 'NONE', *, *, #2010, .T. ) ;
#4330 = CARTESIAN_POINT ( 'NONE',  ( -8.665000000000004476, -4.035000000000000142, 1.123652370631719412E-15 ) ) ;
#4331 = ORIENTED_EDGE ( 'NONE', *, *, #352, .T. ) ;
#4332 =( NAMED_UNIT ( * ) SI_UNIT ( $, .STERADIAN. ) SOLID_ANGLE_UNIT ( ) );
#4333 = EDGE_LOOP ( 'NONE', ( #744, #351, #4950, #2089, #2598, #3117 ) ) ;
#4334 = EDGE_CURVE ( 'NONE', #5094, #727, #4675, .T. ) ;
#4335 = DIRECTION ( 'NONE',  ( 0.000000000000000000, -0.000000000000000000, -1.000000000000000000 ) ) ;
#4336 = EDGE_LOOP ( 'NONE', ( #4716, #4473, #2854, #4777 ) ) ;
#4337 = CARTESIAN_POINT ( 'NONE',  ( -1.940378237402650141, 0.03227852467035262352, 1.355252715606880543E-17 ) ) ;
#4338 = VECTOR ( 'NONE', #3911, 1000.000000000000000 ) ;
#4339 = CARTESIAN_POINT ( 'NONE',  ( -9.115000000000005542, 4.035000000000000142, 1.123652370631719412E-15 ) ) ;
#4340 = ORIENTED_EDGE ( 'NONE', *, *, #420, .F. ) ;
#4341 = CARTESIAN_POINT ( 'NONE',  ( -0.7536057692307691624, 0.6153846153846153078, 0.1000000000000000056 ) ) ;
#4342 = ORIENTED_EDGE ( 'NONE', *, *, #3981, .T. ) ;
#4343 = ORIENTED_EDGE ( 'NONE', *, *, #4704, .F. ) ;
#4344 = ORIENTED_EDGE ( 'NONE', *, *, #4197, .T. ) ;
#4345 = EDGE_LOOP ( 'NONE', ( #4281, #4160, #1410, #4215 ) ) ;
#4346 = ADVANCED_FACE ( 'NONE', ( #1222 ), #4897, .T. ) ;
#4347 = DIRECTION ( 'NONE',  ( 0.000000000000000000, 0.000000000000000000, -1.000000000000000000 ) ) ;
#4348 = CARTESIAN_POINT ( 'NONE',  ( -1.970583391596514522, 0.4532413475454956653, 0.000000000000000000 ) ) ;
#4349 =( NAMED_UNIT ( * ) PLANE_ANGLE_UNIT ( ) SI_UNIT ( $, .RADIAN. ) );
#4350 = VERTEX_POINT ( 'NONE', #2933 ) ;
#4351 = CARTESIAN_POINT ( 'NONE',  ( -1.958518612282073024, 0.4666050473598953863, 0.000000000000000000 ) ) ;
#4352 = COLOUR_RGB ( '',0.7960784313725489669, 0.8235294117647058432, 0.9372549019607843146 ) ;
#4353 = VECTOR ( 'NONE', #536, 1000.000000000000000 ) ;
#4354 = CARTESIAN_POINT ( 'NONE',  ( -0.8442147996659569165, 0.5401491799311823883, 0.000000000000000000 ) ) ;
#4355 = CARTESIAN_POINT ( 'NONE',  ( -0.9047353777028271926, 0.5825192009767882206, 0.000000000000000000 ) ) ;
#4356 = CARTESIAN_POINT ( 'NONE',  ( -2.029366790326365688, 0.1172832021745507519, 0.1000000000000000056 ) ) ;
#4357 =( LENGTH_UNIT ( ) NAMED_UNIT ( * ) SI_UNIT ( .MILLI., .METRE. ) );
#4358 = LINE ( 'NONE', #1527, #3288 ) ;
#4359 = SURFACE_STYLE_FILL_AREA ( #3044 ) ;
#4360 = CARTESIAN_POINT ( 'NONE',  ( -1.015384615384615330, 0.1104567307692307654, 1.355252715606880543E-17 ) ) ;
#4361 = CARTESIAN_POINT ( 'NONE',  ( 9.999999999999996447, -4.799999999999998046, 10.30000000000000071 ) ) ;
#4362 = SURFACE_SIDE_STYLE ('',( #4529 ) ) ;
#4363 = LINE ( 'NONE', #3984, #2384 ) ;
#4364 = LINE ( 'NONE', #964, #1102 ) ;
#4365 = CARTESIAN_POINT ( 'NONE',  ( -1.991380922488747318, 0.4232297804260908292, 0.000000000000000000 ) ) ;
#4366 = MECHANICAL_DESIGN_GEOMETRIC_PRESENTATION_REPRESENTATION (  '', ( #3995 ), #2126 ) ;
#4367 = EDGE_CURVE ( 'NONE', #4216, #2225, #1538, .T. ) ;
#4368 = FACE_OUTER_BOUND ( 'NONE', #3590, .T. ) ;
#4369 = FACE_OUTER_BOUND ( 'NONE', #4336, .T. ) ;
#4370 = ADVANCED_FACE ( 'NONE', ( #151 ), #136, .T. ) ;
#4371 = CARTESIAN_POINT ( 'NONE',  ( -1.638461538461538192, 0.06153846153846150718, 0.000000000000000000 ) ) ;
#4372 = DIRECTION ( 'NONE',  ( -0.000000000000000000, 0.000000000000000000, -1.000000000000000000 ) ) ;
#4373 = CARTESIAN_POINT ( 'NONE',  ( -1.910725539925928196, 0.08949607193175986020, 0.1000000000000000056 ) ) ;
#4374 = CARTESIAN_POINT ( 'NONE',  ( -9.115000000000005542, 3.685000000000000053, -3.499999999999998668 ) ) ;
#4375 = DIRECTION ( 'NONE',  ( 0.000000000000000000, 1.000000000000000000, 0.000000000000000000 ) ) ;
#4376 = CARTESIAN_POINT ( 'NONE',  ( -0.9788731240368505615, 0.06909883303997702009, 0.1000000000000000056 ) ) ;
#4377 = PRESENTATION_LAYER_ASSIGNMENT (  '', '', ( #3847 ) ) ;
#4378 = CARTESIAN_POINT ( 'NONE',  ( -1.931526002913523943, 0.4899422381493160894, 0.000000000000000000 ) ) ;
#4379 = EDGE_CURVE ( 'NONE', #882, #1262, #2568, .T. ) ;
#4380 = DIRECTION ( 'NONE',  ( 0.000000000000000000, -0.000000000000000000, 1.000000000000000000 ) ) ;
#4381 = CARTESIAN_POINT ( 'NONE',  ( -8.665000000000004476, 0.000000000000000000, 0.000000000000000000 ) ) ;
#4382 = MECHANICAL_DESIGN_GEOMETRIC_PRESENTATION_REPRESENTATION (  '', ( #4016 ), #1708 ) ;
#4383 = UNCERTAINTY_MEASURE_WITH_UNIT (LENGTH_MEASURE( 1.000000000000000082E-05 ), #4105, 'distance_accuracy_value', 'NONE');
#4384 = CARTESIAN_POINT ( 'NONE',  ( 9.999999999999996447, 4.800000000000000711, 0.000000000000000000 ) ) ;
#4385 = CARTESIAN_POINT ( 'NONE',  ( -1.993728205365918882, 0.1692436262452402251, -1.355252715606880543E-17 ) ) ;
#4386 = FILL_AREA_STYLE_COLOUR ( '', #3854 ) ;
#4387 = DIRECTION ( 'NONE',  ( -1.000000000000000000, 0.000000000000000000, 0.000000000000000000 ) ) ;
#4388 = VERTEX_POINT ( 'NONE', #901 ) ;
#4389 = ADVANCED_FACE ( 'NONE', ( #2748 ), #978, .F. ) ;
#4390 = DIRECTION ( 'NONE',  ( 0.5773502691896257311, -0.5773502691896257311, 0.5773502691896257311 ) ) ;
#4391 = EDGE_CURVE ( 'NONE', #3145, #134, #527, .T. ) ;
#4392 = AXIS2_PLACEMENT_3D ( 'NONE', #4250, #4285, #5045 ) ;
#4393 = VERTEX_POINT ( 'NONE', #2531 ) ;
#4394 = EDGE_CURVE ( 'NONE', #470, #3912, #594, .T. ) ;
#4395 = LINE ( 'NONE', #2439, #1574 ) ;
#4396 = EDGE_LOOP ( 'NONE', ( #4405, #2036, #3037, #3817 ) ) ;
#4397 = CARTESIAN_POINT ( 'NONE',  ( -1.859992413369252029, 0.5230260030196981491, 0.1000000000000000056 ) ) ;
#4398 = VERTEX_POINT ( 'NONE', #1343 ) ;
#4399 = ORIENTED_EDGE ( 'NONE', *, *, #5025, .F. ) ;
#4400 = ORIENTED_EDGE ( 'NONE', *, *, #2871, .F. ) ;
#4401 = CARTESIAN_POINT ( 'NONE',  ( -0.9201220075031661949, 0.02592029548733818314, 0.1000000000000000056 ) ) ;
#4402 = ORIENTED_EDGE ( 'NONE', *, *, #5010, .T. ) ;
#4403 = CARTESIAN_POINT ( 'NONE',  ( -10.00000000000000355, 5.000000000000000000, 10.30000000000000071 ) ) ;
#4404 = VECTOR ( 'NONE', #3107, 1000.000000000000000 ) ;
#4405 = ORIENTED_EDGE ( 'NONE', *, *, #2887, .T. ) ;
#4406 = CARTESIAN_POINT ( 'NONE',  ( -2.017919680415599881, 0.2352065738386643623, 0.000000000000000000 ) ) ;
#4407 = PRESENTATION_LAYER_ASSIGNMENT (  '', '', ( #881 ) ) ;
#4408 = CARTESIAN_POINT ( 'NONE',  ( -1.476923076923076783, 0.5999999999999999778, 0.1000000000000000056 ) ) ;
#4409 = CARTESIAN_POINT ( 'NONE',  ( -0.9788731240368505615, 0.06909883303997702009, 1.355252715606880543E-17 ) ) ;
#4410 = PRESENTATION_STYLE_ASSIGNMENT (( #2762 ) ) ;
#4411 = CARTESIAN_POINT ( 'NONE',  ( -0.5274155956455490735, 0.1567503682554213518, 0.1000000000000000056 ) ) ;
#4412 = VECTOR ( 'NONE', #2544, 1000.000000000000000 ) ;
#4413 = DIRECTION ( 'NONE',  ( 1.000000000000000000, 0.000000000000000000, 0.000000000000000000 ) ) ;
#4414 = SURFACE_STYLE_FILL_AREA ( #1943 ) ;
#4415 = LINE ( 'NONE', #3700, #774 ) ;
#4416 = MECHANICAL_DESIGN_GEOMETRIC_PRESENTATION_REPRESENTATION (  '', ( #3527 ), #1001 ) ;
#4417 = ADVANCED_FACE ( 'NONE', ( #2316 ), #1289, .F. ) ;
#4418 = CARTESIAN_POINT ( 'NONE',  ( -9.800000000000002487, 4.800000000000000711, 0.000000000000000000 ) ) ;
#4419 = CARTESIAN_POINT ( 'NONE',  ( -1.476923076923076783, 0.06153846153846153494, 0.1000000000000000056 ) ) ;
#4420 = COLOUR_RGB ( '',0.7960784313725489669, 0.8235294117647058432, 0.9372549019607843146 ) ;
#4421 = DIRECTION ( 'NONE',  ( 0.000000000000000000, -1.000000000000000000, 0.000000000000000000 ) ) ;
#4422 = AXIS2_PLACEMENT_3D ( 'NONE', #4110, #88, #1726 ) ;
#4423 = CARTESIAN_POINT ( 'NONE',  ( -0.5982448635566826045, 0.5806018483350003923, 0.1000000000000000056 ) ) ;
#4424 = VECTOR ( 'NONE', #3448, 1000.000000000000000 ) ;
#4425 = VECTOR ( 'NONE', #4149, 1000.000000000000114 ) ;
#4426 = CARTESIAN_POINT ( 'NONE',  ( -1.638461538461538192, 0.5384615384615384359, 0.000000000000000000 ) ) ;
#4427 =( NAMED_UNIT ( * ) SI_UNIT ( $, .STERADIAN. ) SOLID_ANGLE_UNIT ( ) );
#4428 = CARTESIAN_POINT ( 'NONE',  ( -0.6014803986870020935, 0.08654628498638196332, 0.1000000000000000056 ) ) ;
#4429 = CARTESIAN_POINT ( 'NONE',  ( -0.4314183079536029197, 0.2730169027321137643, 0.1000000000000000056 ) ) ;
#4430 = CARTESIAN_POINT ( 'NONE',  ( -2.723076923076923173, 0.000000000000000000, 0.000000000000000000 ) ) ;
#4431 =( GEOMETRIC_REPRESENTATION_CONTEXT ( 3 ) GLOBAL_UNCERTAINTY_ASSIGNED_CONTEXT ( ( #3397 ) ) GLOBAL_UNIT_ASSIGNED_CONTEXT ( ( #2429, #2840, #2824 ) ) REPRESENTATION_CONTEXT ( 'NONE', 'WORKASPACE' ) );
#4432 = EDGE_CURVE ( 'NONE', #1132, #309, #1921, .T. ) ;
#4433 = EDGE_CURVE ( 'NONE', #2656, #1078, #2309, .T. ) ;
#4434 = CARTESIAN_POINT ( 'NONE',  ( -0.6460819730816871331, -0.0007312983922106492838, 0.000000000000000000 ) ) ;
#4435 = CARTESIAN_POINT ( 'NONE',  ( -0.7611413553040454749, -0.01530747957953692076, 0.1000000000000000056 ) ) ;
#4436 = EDGE_CURVE ( 'NONE', #1400, #505, #3803, .T. ) ;
#4437 = DIRECTION ( 'NONE',  ( 1.000000000000000000, 0.000000000000000000, 0.000000000000000000 ) ) ;
#4438 = VERTEX_POINT ( 'NONE', #4207 ) ;
#4439 = DIRECTION ( 'NONE',  ( 0.5773502691896323924, 0.5773502691896323924, 0.5773502691896122974 ) ) ;
#4440 = FILL_AREA_STYLE_COLOUR ( '', #4220 ) ;
#4441 = CARTESIAN_POINT ( 'NONE',  ( -0.4431857218755984040, 0.3965270163937824610, 1.355252715606880543E-17 ) ) ;
#4442 =( NAMED_UNIT ( * ) SI_UNIT ( $, .STERADIAN. ) SOLID_ANGLE_UNIT ( ) );
#4443 = AXIS2_PLACEMENT_3D ( 'NONE', #4190, #3013, #130 ) ;
#4444 = CARTESIAN_POINT ( 'NONE',  ( -0.9652178594642416565, 0.05707695511526560822, 0.000000000000000000 ) ) ;
#4445 = CARTESIAN_POINT ( 'NONE',  ( -9.800000000000002487, 4.800000000000000711, 10.50000000000000000 ) ) ;
#4446 = VECTOR ( 'NONE', #4439, 1000.000000000000114 ) ;
#4447 = CARTESIAN_POINT ( 'NONE',  ( -0.1307692307692307765, 0.06153846153846153494, 0.1000000000000000056 ) ) ;
#4448 = ORIENTED_EDGE ( 'NONE', *, *, #297, .F. ) ;
#4449 = UNCERTAINTY_MEASURE_WITH_UNIT (LENGTH_MEASURE( 1.000000000000000082E-05 ), #3754, 'distance_accuracy_value', 'NONE');
#4450 = CARTESIAN_POINT ( 'NONE',  ( -1.138461538461538414, 0.000000000000000000, 0.1000000000000000056 ) ) ;
#4451 = CARTESIAN_POINT ( 'NONE',  ( -9.115000000000005542, 3.584999999999999520, 1.068543264670088319E-15 ) ) ;
#4452 = ORIENTED_EDGE ( 'NONE', *, *, #1072, .F. ) ;
#4453 =( GEOMETRIC_REPRESENTATION_CONTEXT ( 3 ) GLOBAL_UNCERTAINTY_ASSIGNED_CONTEXT ( ( #1592 ) ) GLOBAL_UNIT_ASSIGNED_CONTEXT ( ( #4504, #2517, #82 ) ) REPRESENTATION_CONTEXT ( 'NONE', 'WORKASPACE' ) );
#4454 = PLANE ( 'NONE',  #2864 ) ;
#4455 = ORIENTED_EDGE ( 'NONE', *, *, #5164, .F. ) ;
#4456 = CARTESIAN_POINT ( 'NONE',  ( -2.058458665974264967, 0.4116413965962028021, 0.000000000000000000 ) ) ;
#4457 = VERTEX_POINT ( 'NONE', #1416 ) ;
#4458 =( NAMED_UNIT ( * ) SI_UNIT ( $, .STERADIAN. ) SOLID_ANGLE_UNIT ( ) );
#4459 = DIRECTION ( 'NONE',  ( 1.000000000000000000, 0.000000000000000000, 0.000000000000000000 ) ) ;
#4460 = DIRECTION ( 'NONE',  ( 0.000000000000000000, 1.000000000000000000, 0.000000000000000000 ) ) ;
#4461 = VECTOR ( 'NONE', #4710, 1000.000000000000000 ) ;
#4462 = VERTEX_POINT ( 'NONE', #4624 ) ;
#4463 = EDGE_CURVE ( 'NONE', #2459, #2716, #2808, .T. ) ;
#4464 = EDGE_LOOP ( 'NONE', ( #2474, #2642, #1674 ) ) ;
#4465 = CARTESIAN_POINT ( 'NONE',  ( -0.9610122779845655661, 0.1381874035073555052, 0.1000000000000000056 ) ) ;
#4466 = EDGE_CURVE ( 'NONE', #3649, #1643, #3979, .T. ) ;
#4467 = DIRECTION ( 'NONE',  ( 0.000000000000000000, 1.000000000000000000, 0.000000000000000000 ) ) ;
#4468 = ORIENTED_EDGE ( 'NONE', *, *, #928, .F. ) ;
#4469 = ORIENTED_EDGE ( 'NONE', *, *, #327, .F. ) ;
#4470 = ORIENTED_EDGE ( 'NONE', *, *, #149, .T. ) ;
#4471 = CARTESIAN_POINT ( 'NONE',  ( -0.7745884560684569431, -0.01515526543918555014, 0.000000000000000000 ) ) ;
#4472 = CARTESIAN_POINT ( 'NONE',  ( -1.710903272255180019, 0.5383707341994808937, 0.1000000000000000056 ) ) ;
#4473 = ORIENTED_EDGE ( 'NONE', *, *, #5088, .T. ) ;
#4474 = CARTESIAN_POINT ( 'NONE',  ( -0.7850579000818758146, 0.04701316654649512206, 0.000000000000000000 ) ) ;
#4475 = VERTEX_POINT ( 'NONE', #1037 ) ;
#4476 = CARTESIAN_POINT ( 'NONE',  ( -2.438461538461538236, 0.5999999999999999778, 0.1000000000000000056 ) ) ;
#4477 = FACE_OUTER_BOUND ( 'NONE', #1468, .T. ) ;
#4478 = CARTESIAN_POINT ( 'NONE',  ( -0.8981752186046765285, 0.08486123120589013358, 0.1000000000000000056 ) ) ;
#4479 =( NAMED_UNIT ( * ) SI_UNIT ( $, .STERADIAN. ) SOLID_ANGLE_UNIT ( ) );
#4480 = STYLED_ITEM ( 'NONE', ( #2970 ), #2284 ) ;
#4481 = CARTESIAN_POINT ( 'NONE',  ( -0.4310358353790144093, 0.3142779403872962285, 1.355252715606880543E-17 ) ) ;
#4482 = CARTESIAN_POINT ( 'NONE',  ( -0.9796569983094327583, 0.5308780743774792477, 0.1000000000000000056 ) ) ;
#4483 = DIRECTION ( 'NONE',  ( 0.000000000000000000, -1.000000000000000000, 0.000000000000000000 ) ) ;
#4484 = CARTESIAN_POINT ( 'NONE',  ( -0.7850579000818758146, 0.04701316654649512206, -1.355252715606880543E-17 ) ) ;
#4485 = DIRECTION ( 'NONE',  ( 0.4188422247446068059, 0.9080590238365501277, 0.000000000000000000 ) ) ;
#4486 = DIRECTION ( 'NONE',  ( 0.000000000000000000, -1.000000000000000000, 0.000000000000000000 ) ) ;
#4487 = EDGE_CURVE ( 'NONE', #4958, #2218, #3043, .T. ) ;
#4488 = CARTESIAN_POINT ( 'NONE',  ( -0.6628066447086864432, -0.005406370956534480715, 0.000000000000000000 ) ) ;
#4489 = CARTESIAN_POINT ( 'NONE',  ( -1.680649038461538680, 0.5384615384615385469, 0.1000000000000000056 ) ) ;
#4490 = PLANE ( 'NONE',  #2951 ) ;
#4491 = FILL_AREA_STYLE ('',( #2865 ) ) ;
#4492 = ORIENTED_EDGE ( 'NONE', *, *, #666, .T. ) ;
#4493 = EDGE_CURVE ( 'NONE', #3016, #376, #1864, .T. ) ;
#4494 = STYLED_ITEM ( 'NONE', ( #400 ), #3895 ) ;
#4495 = CARTESIAN_POINT ( 'NONE',  ( -0.6561883263982041248, 0.6033402412884794064, 0.1000000000000000056 ) ) ;
#4496 = EDGE_CURVE ( 'NONE', #1912, #3580, #523, .T. ) ;
#4497 = CARTESIAN_POINT ( 'NONE',  ( -0.8876359077297247824, 0.5902263665661413583, 0.1000000000000000056 ) ) ;
#4498 = CARTESIAN_POINT ( 'NONE',  ( -0.4310358353790144093, 0.3142779403872962285, -0.000000000000000000 ) ) ;
#4499 = ORIENTED_EDGE ( 'NONE', *, *, #4251, .F. ) ;
#4500 = CARTESIAN_POINT ( 'NONE',  ( -9.115000000000005542, -4.035000000000000142, -3.400000000000003020 ) ) ;
#4501 = CARTESIAN_POINT ( 'NONE',  ( -0.8139553730934118159, -0.01104756441982597884, 0.000000000000000000 ) ) ;
#4502 = FACE_OUTER_BOUND ( 'NONE', #4208, .T. ) ;
#4503 = DIRECTION ( 'NONE',  ( 1.000000000000000000, 0.000000000000000000, 0.000000000000000000 ) ) ;
#4504 =( LENGTH_UNIT ( ) NAMED_UNIT ( * ) SI_UNIT ( .MILLI., .METRE. ) );
#4505 = DIRECTION ( 'NONE',  ( -0.000000000000000000, -0.000000000000000000, -1.000000000000000000 ) ) ;
#4506 = SURFACE_SIDE_STYLE ('',( #3849 ) ) ;
#4507 = CARTESIAN_POINT ( 'NONE',  ( -0.7322533631448764346, 0.5536390444102005093, 0.1000000000000000056 ) ) ;
#4508 = CARTESIAN_POINT ( 'NONE',  ( -0.5713679583613744395, 0.5652217027351573719, 0.000000000000000000 ) ) ;
#4509 = CYLINDRICAL_SURFACE ( 'NONE', #1347, 0.2000000000000005107 ) ;
#4510 = CARTESIAN_POINT ( 'NONE',  ( -2.074694894729960826, 0.2488588120937352821, 0.000000000000000000 ) ) ;
#4511 = EDGE_CURVE ( 'NONE', #440, #4522, #4293, .T. ) ;
#4512 = CARTESIAN_POINT ( 'NONE',  ( -0.7611413553040454749, -0.01530747957953692076, -0.000000000000000000 ) ) ;
#4513 = AXIS2_PLACEMENT_3D ( 'NONE', #3779, #2190, #2604 ) ;
#4514 = CARTESIAN_POINT ( 'NONE',  ( -2.039162456327543005, 0.1337546374322099441, 0.1000000000000000056 ) ) ;
#4515 = ORIENTED_EDGE ( 'NONE', *, *, #1028, .T. ) ;
#4516 = CARTESIAN_POINT ( 'NONE',  ( -1.690986266451797393, 0.5384305125771687850, 0.1000000000000000056 ) ) ;
#4517 = LINE ( 'NONE', #3003, #1197 ) ;
#4518 = EDGE_LOOP ( 'NONE', ( #3277, #1958, #3460, #2390, #1058, #4452 ) ) ;
#4519 = DIRECTION ( 'NONE',  ( 0.000000000000000000, 1.000000000000000000, 0.000000000000000000 ) ) ;
#4520 = STYLED_ITEM ( 'NONE', ( #3702 ), #678 ) ;
#4521 = ORIENTED_EDGE ( 'NONE', *, *, #847, .T. ) ;
#4522 = VERTEX_POINT ( 'NONE', #283 ) ;
#4523 = FACE_BOUND ( 'NONE', #639, .T. ) ;
#4524 = B_SPLINE_CURVE_WITH_KNOTS ( 'NONE', 3,
 ( #4283, #2709, #273, #1093, #2722, #287, #1947, #825, #4401, #1998, #4038, #355, #4799, #3638, #1628, #1611, #3188, #4435, #3983 ),
 .UNSPECIFIED., .F., .F.,
 ( 4, 1, 1, 1, 1, 1, 1, 1, 1, 1, 1, 1, 1, 1, 1, 1, 4 ),
 ( 0.000000000000000000, 0.06167423887742583266, 0.1230530616348055467, 0.1834750007317018927, 0.2437265005106115101, 0.3042789165122535833, 0.3648629209606825685, 0.4259462039686192081, 0.4873912299654076241, 0.5492203840754763533, 0.6111435886926027683, 0.6735285303101515852, 0.7369614566573037262, 0.8007852828728397876, 0.8660125956416145909, 0.9321007477905784988, 1.000000000000000000 ),
 .UNSPECIFIED. ) ;
#4525 = CARTESIAN_POINT ( 'NONE',  ( -9.115000000000005542, 3.585000000000000409, -3.400000000000003020 ) ) ;
#4526 = EDGE_LOOP ( 'NONE', ( #1841, #2483, #2967, #1788 ) ) ;
#4527 = CARTESIAN_POINT ( 'NONE',  ( -0.4409725021634687270, 0.2147374530270481641, 0.000000000000000000 ) ) ;
#4528 =( LENGTH_UNIT ( ) NAMED_UNIT ( * ) SI_UNIT ( .MILLI., .METRE. ) );
#4529 = SURFACE_STYLE_FILL_AREA ( #1131 ) ;
#4530 = CARTESIAN_POINT ( 'NONE',  ( -0.8518246629737538100, 0.6027709659316595747, 0.1000000000000000056 ) ) ;
#4531 = ORIENTED_EDGE ( 'NONE', *, *, #1115, .T. ) ;
#4532 = CARTESIAN_POINT ( 'NONE',  ( -0.7442261047284569608, 0.5537769031301812417, -1.355252715606880543E-17 ) ) ;
#4533 = ORIENTED_EDGE ( 'NONE', *, *, #3574, .T. ) ;
#4534 = CARTESIAN_POINT ( 'NONE',  ( -0.4977199703938277597, 0.3834179062996723175, 0.000000000000000000 ) ) ;
#4535 = AXIS2_PLACEMENT_3D ( 'NONE', #1117, #5057, #2714 ) ;
#4536 = EDGE_CURVE ( 'NONE', #4890, #3649, #842, .T. ) ;
#4537 = VECTOR ( 'NONE', #1880, 1000.000000000000000 ) ;
#4538 = CARTESIAN_POINT ( 'NONE',  ( -9.800000000000002487, -4.800000000000000711, 10.30000000000000071 ) ) ;
#4539 = DIRECTION ( 'NONE',  ( -0.9079872537420923262, 0.4189977888269737494, 0.000000000000000000 ) ) ;
#4540 = VECTOR ( 'NONE', #2626, 1000.000000000000000 ) ;
#4541 = FACE_OUTER_BOUND ( 'NONE', #2191, .T. ) ;
#4542 = PRODUCT_CONTEXT ( 'NONE', #2973, 'mechanical' ) ;
#4543 = DIRECTION ( 'NONE',  ( 0.000000000000000000, -2.478176394252581634E-16, -1.000000000000000000 ) ) ;
#4544 = AXIS2_PLACEMENT_3D ( 'NONE', #2760, #332, #682 ) ;
#4545 = DIRECTION ( 'NONE',  ( -0.000000000000000000, -0.000000000000000000, -1.000000000000000000 ) ) ;
#4546 = DIRECTION ( 'NONE',  ( 0.000000000000000000, -1.000000000000000000, -1.301042606982601692E-14 ) ) ;
#4547 = SURFACE_STYLE_FILL_AREA ( #3281 ) ;
#4548 = FACE_OUTER_BOUND ( 'NONE', #3441, .T. ) ;
#4549 = CARTESIAN_POINT ( 'NONE',  ( -1.954765003375321886, 0.5494433955626837340, 0.000000000000000000 ) ) ;
#4550 = UNCERTAINTY_MEASURE_WITH_UNIT (LENGTH_MEASURE( 1.000000000000000082E-05 ), #2135, 'distance_accuracy_value', 'NONE');
#4551 = CARTESIAN_POINT ( 'NONE',  ( -0.6632266289637763768, 0.5406759111158384590, 0.1000000000000000056 ) ) ;
#4552 = DIRECTION ( 'NONE',  ( 1.000000000000000000, 0.000000000000000000, 0.000000000000000000 ) ) ;
#4553 = DIRECTION ( 'NONE',  ( -0.000000000000000000, -2.478176394252582127E-16, 1.000000000000000000 ) ) ;
#4554 = CARTESIAN_POINT ( 'NONE',  ( -0.7442261047284569608, 0.5537769031301812417, -0.000000000000000000 ) ) ;
#4555 = CARTESIAN_POINT ( 'NONE',  ( -2.076923076923077094, 0.2924278846153846034, 0.000000000000000000 ) ) ;
#4556 = COLOUR_RGB ( '',0.7960784313725489669, 0.8235294117647058432, 0.9372549019607843146 ) ;
#4557 = CARTESIAN_POINT ( 'NONE',  ( -1.890846469531602736, 0.5801201049181025082, -0.000000000000000000 ) ) ;
#4558 = EDGE_CURVE ( 'NONE', #2656, #4708, #3351, .T. ) ;
#4559 = DIRECTION ( 'NONE',  ( -0.000000000000000000, -0.000000000000000000, 1.000000000000000000 ) ) ;
#4560 = COLOUR_RGB ( '',0.7960784313725489669, 0.8235294117647058432, 0.9372549019607843146 ) ;
#4561 = STYLED_ITEM ( 'NONE', ( #3789 ), #5199 ) ;
#4562 = DIRECTION ( 'NONE',  ( 0.000000000000000000, -1.000000000000000000, 0.000000000000000000 ) ) ;
#4563 = B_SPLINE_CURVE_WITH_KNOTS ( 'NONE', 3,
 ( #601, #3417, #4139, #1382, #1009, #3821, #1424, #4619, #530, #546, #1756, #937, #2575, #3751, #1350 ),
 .UNSPECIFIED., .F., .F.,
 ( 4, 1, 1, 1, 1, 1, 1, 1, 1, 1, 1, 1, 4 ),
 ( 0.000000000000000000, 0.06316325936347030878, 0.1254749410306407742, 0.1871212198160328022, 0.2482943461142989305, 0.3092948562551207647, 0.3698500660670929197, 0.4309733755473815209, 0.4924559896728168407, 0.6161479662918551981, 0.7408436984673626435, 0.8681826486700430223, 1.000000000000000000 ),
 .UNSPECIFIED. ) ;
#4564 = CARTESIAN_POINT ( 'NONE',  ( -1.884323015916508970, 0.07873172317128203368, 0.1000000000000000056 ) ) ;
#4565 = MECHANICAL_DESIGN_GEOMETRIC_PRESENTATION_REPRESENTATION (  '', ( #4196 ), #975 ) ;
#4566 = PRESENTATION_LAYER_ASSIGNMENT (  '', '', ( #5023 ) ) ;
#4567 = EDGE_CURVE ( 'NONE', #316, #3266, #3227, .T. ) ;
#4568 = CARTESIAN_POINT ( 'NONE',  ( -1.916822291569493908, 0.5704895789482765656, 0.000000000000000000 ) ) ;
#4569 = CARTESIAN_POINT ( 'NONE',  ( -0.6000208373513866711, 0.5111703182328923845, 0.1000000000000000056 ) ) ;
#4570 = CARTESIAN_POINT ( 'NONE',  ( -2.547475961538461231, 0.2538461538461538325, 0.000000000000000000 ) ) ;
#4571 = CARTESIAN_POINT ( 'NONE',  ( -1.867264443638022575, 0.007889745843672675216, 0.000000000000000000 ) ) ;
#4572 = EDGE_LOOP ( 'NONE', ( #632, #3837, #2776, #4892 ) ) ;
#4573 = DIRECTION ( 'NONE',  ( 0.5773502691896323924, 0.5773502691896323924, -0.5773502691896122974 ) ) ;
#4574 = VECTOR ( 'NONE', #3566, 1000.000000000000000 ) ;
#4575 = CARTESIAN_POINT ( 'NONE',  ( 0.000000000000000000, 0.000000000000000000, 0.000000000000000000 ) ) ;
#4576 = DIRECTION ( 'NONE',  ( -0.000000000000000000, -0.000000000000000000, -1.000000000000000000 ) ) ;
#4577 = AXIS2_PLACEMENT_3D ( 'NONE', #672, #4257, #2260 ) ;
#4578 = ORIENTED_EDGE ( 'NONE', *, *, #2744, .F. ) ;
#4579 = CARTESIAN_POINT ( 'NONE',  ( -1.910725539925928196, 0.08949607193175986020, 0.1000000000000000056 ) ) ;
#4580 = CARTESIAN_POINT ( 'NONE',  ( -2.547475961538461231, 0.2538461538461538325, 0.1000000000000000056 ) ) ;
#4581 = ORIENTED_EDGE ( 'NONE', *, *, #127, .T. ) ;
#4582 = DIRECTION ( 'NONE',  ( -1.000000000000000000, -0.000000000000000000, -0.000000000000000000 ) ) ;
#4583 = FILL_AREA_STYLE_COLOUR ( '', #972 ) ;
#4584 = ORIENTED_EDGE ( 'NONE', *, *, #4463, .F. ) ;
#4585 = CARTESIAN_POINT ( 'NONE',  ( -0.7543269230769229505, -0.01538461538461538373, 0.1000000000000000056 ) ) ;
#4586 = CARTESIAN_POINT ( 'NONE',  ( -1.845238704596825041, 0.004276493961685006069, 0.000000000000000000 ) ) ;
#4587 = ORIENTED_EDGE ( 'NONE', *, *, #4797, .T. ) ;
#4588 = ORIENTED_EDGE ( 'NONE', *, *, #600, .F. ) ;
#4589 = CARTESIAN_POINT ( 'NONE',  ( -1.705769230769230704, 0.5999999999999999778, 0.000000000000000000 ) ) ;
#4590 =( GEOMETRIC_REPRESENTATION_CONTEXT ( 3 ) GLOBAL_UNCERTAINTY_ASSIGNED_CONTEXT ( ( #2485 ) ) GLOBAL_UNIT_ASSIGNED_CONTEXT ( ( #1135, #4007, #1210 ) ) REPRESENTATION_CONTEXT ( 'NONE', 'WORKASPACE' ) );
#4591 = ORIENTED_EDGE ( 'NONE', *, *, #4098, .F. ) ;
#4592 = VECTOR ( 'NONE', #3183, 1000.000000000000000 ) ;
#4593 = ORIENTED_EDGE ( 'NONE', *, *, #1596, .T. ) ;
#4594 = ORIENTED_EDGE ( 'NONE', *, *, #3547, .T. ) ;
#4595 = DIRECTION ( 'NONE',  ( 0.000000000000000000, 0.000000000000000000, -1.000000000000000000 ) ) ;
#4596 = PRESENTATION_STYLE_ASSIGNMENT (( #2904 ) ) ;
#4597 = ORIENTED_EDGE ( 'NONE', *, *, #4921, .F. ) ;
#4598 = ORIENTED_EDGE ( 'NONE', *, *, #4558, .F. ) ;
#4599 = VERTEX_POINT ( 'NONE', #4712 ) ;
#4600 =( NAMED_UNIT ( * ) SI_UNIT ( $, .STERADIAN. ) SOLID_ANGLE_UNIT ( ) );
#4601 = CARTESIAN_POINT ( 'NONE',  ( -1.192307692307692069, 0.2923076923076923239, 0.000000000000000000 ) ) ;
#4602 = SURFACE_SIDE_STYLE ('',( #3482 ) ) ;
#4603 = ORIENTED_EDGE ( 'NONE', *, *, #127, .F. ) ;
#4604 = B_SPLINE_CURVE_WITH_KNOTS ( 'NONE', 3,
 ( #4685, #5083, #4629, #2710, #2254, #1043, #3548, #3559, #308, #4355, #1961, #3932, #1932, #1999, #2327, #1948, #5109, #1562, #2759 ),
 .UNSPECIFIED., .F., .F.,
 ( 4, 1, 1, 1, 1, 1, 1, 1, 1, 1, 1, 1, 1, 1, 1, 1, 4 ),
 ( 0.000000000000000000, 0.06854753670890291473, 0.1356829456230483621, 0.2012149895263285748, 0.2656822347546962670, 0.3292668348172589909, 0.3923954278443287369, 0.4550697616521436339, 0.5171268500645063160, 0.5787900352866524045, 0.6397398633435414927, 0.7001915036663084457, 0.7598062425966705113, 0.8196283192750080104, 0.8793547910462767847, 0.9395116077646613606, 1.000000000000000000 ),
 .UNSPECIFIED. ) ;
#4605 = COLOUR_RGB ( '',0.7960784313725489669, 0.8235294117647058432, 0.9372549019607843146 ) ;
#4606 = CARTESIAN_POINT ( 'NONE',  ( 8.589999999999996305, -3.759999999999999343, -3.499999999999998668 ) ) ;
#4607 = LINE ( 'NONE', #213, #3101 ) ;
#4608 = CARTESIAN_POINT ( 'NONE',  ( -1.896153846153846079, 0.5783653846153846700, 0.1000000000000000056 ) ) ;
#4609 = CARTESIAN_POINT ( 'NONE',  ( -0.5724066060887854634, 0.4911676128063830471, -1.355252715606880543E-17 ) ) ;
#4610 = CARTESIAN_POINT ( 'NONE',  ( -0.4662775344299491809, 0.4522985635057724108, 0.1000000000000000056 ) ) ;
#4611 = CARTESIAN_POINT ( 'NONE',  ( -0.5430056589419680613, 0.05376174247660200217, 0.1000000000000000056 ) ) ;
#4612 = EDGE_CURVE ( 'NONE', #5019, #3016, #4042, .T. ) ;
#4613 = CARTESIAN_POINT ( 'NONE',  ( -1.879623136859163379, 0.5838307535315717667, 0.000000000000000000 ) ) ;
#4614 = DIRECTION ( 'NONE',  ( -0.000000000000000000, 0.000000000000000000, -1.000000000000000000 ) ) ;
#4615 = CARTESIAN_POINT ( 'NONE',  ( -0.4929715287973645554, 0.3674491358718945944, 0.1000000000000000056 ) ) ;
#4616 = LINE ( 'NONE', #1803, #4425 ) ;
#4617 = UNCERTAINTY_MEASURE_WITH_UNIT (LENGTH_MEASURE( 1.000000000000000082E-05 ), #5032, 'distance_accuracy_value', 'NONE');
#4618 = ADVANCED_FACE ( 'NONE', ( #4788 ), #300, .T. ) ;
#4619 = CARTESIAN_POINT ( 'NONE',  ( -0.8996886787743655356, 0.5143531435190650258, 0.000000000000000000 ) ) ;
#4620 = DIRECTION ( 'NONE',  ( 1.000000000000000000, 0.000000000000000000, 0.000000000000000000 ) ) ;
#4621 = FACE_OUTER_BOUND ( 'NONE', #1810, .T. ) ;
#4622 = CARTESIAN_POINT ( 'NONE',  ( -8.665000000000004476, -4.035000000000000142, 1.123652370631719412E-15 ) ) ;
#4623 = CARTESIAN_POINT ( 'NONE',  ( -1.766084522364050668, 0.5988481707315355118, 0.1000000000000000056 ) ) ;
#4624 = CARTESIAN_POINT ( 'NONE',  ( -9.800000000000002487, 5.000000000000000000, 0.000000000000000000 ) ) ;
#4625 = CARTESIAN_POINT ( 'NONE',  ( -0.9211782148697409411, 0.5738677595927572650, 0.1000000000000000056 ) ) ;
#4626 = ORIENTED_EDGE ( 'NONE', *, *, #4394, .T. ) ;
#4627 = STYLED_ITEM ( 'NONE', ( #748 ), #2809 ) ;
#4628 = EDGE_CURVE ( 'NONE', #4960, #4019, #3609, .T. ) ;
#4629 = CARTESIAN_POINT ( 'NONE',  ( -0.7741454782435522874, 0.6151383612958494229, 0.000000000000000000 ) ) ;
#4630 = SURFACE_SIDE_STYLE ('',( #4359 ) ) ;
#4631 = DIRECTION ( 'NONE',  ( 1.000000000000000000, 0.000000000000000000, 0.000000000000000000 ) ) ;
#4632 = CARTESIAN_POINT ( 'NONE',  ( -0.5181869158139654763, 0.07669968166317220337, 0.1000000000000000056 ) ) ;
#4633 = DIRECTION ( 'NONE',  ( -0.000000000000000000, 0.000000000000000000, 1.000000000000000000 ) ) ;
#4634 = ADVANCED_FACE ( 'NONE', ( #910, #4973 ), #4310, .T. ) ;
#4635 = CARTESIAN_POINT ( 'NONE',  ( -2.333052884615384404, 0.2538461538461538325, 0.1000000000000000056 ) ) ;
#4636 = LINE ( 'NONE', #223, #1068 ) ;
#4637 = EDGE_LOOP ( 'NONE', ( #583, #3604, #2554, #1328 ) ) ;
#4638 = ORIENTED_EDGE ( 'NONE', *, *, #1490, .T. ) ;
#4639 = DIRECTION ( 'NONE',  ( 0.5773502691896257311, 0.5773502691896257311, 0.5773502691896257311 ) ) ;
#4640 =( GEOMETRIC_REPRESENTATION_CONTEXT ( 3 ) GLOBAL_UNCERTAINTY_ASSIGNED_CONTEXT ( ( #1279 ) ) GLOBAL_UNIT_ASSIGNED_CONTEXT ( ( #4268, #1435, #2213 ) ) REPRESENTATION_CONTEXT ( 'NONE', 'WORKASPACE' ) );
#4641 = ORIENTED_EDGE ( 'NONE', *, *, #3954, .F. ) ;
#4642 = LINE ( 'NONE', #4026, #4592 ) ;
#4643 = ORIENTED_EDGE ( 'NONE', *, *, #2335, .T. ) ;
#4644 = ORIENTED_EDGE ( 'NONE', *, *, #1604, .T. ) ;
#4645 = CARTESIAN_POINT ( 'NONE',  ( -1.011709984313590382, 0.4947518422563462193, 0.1000000000000000056 ) ) ;
#4646 = VERTEX_POINT ( 'NONE', #1909 ) ;
#4647 =( NAMED_UNIT ( * ) SI_UNIT ( $, .STERADIAN. ) SOLID_ANGLE_UNIT ( ) );
#4648 = EDGE_LOOP ( 'NONE', ( #2298, #2413, #1613, #1704 ) ) ;
#4649 = CARTESIAN_POINT ( 'NONE',  ( -0.5104973992389458815, 0.4139629074658842112, 0.1000000000000000056 ) ) ;
#4650 = CARTESIAN_POINT ( 'NONE',  ( -0.5430056589419680613, 0.05376174247660200217, 0.1000000000000000056 ) ) ;
#4651 = ORIENTED_EDGE ( 'NONE', *, *, #2767, .F. ) ;
#4652 = EDGE_CURVE ( 'NONE', #2163, #4819, #4103, .T. ) ;
#4653 = LINE ( 'NONE', #1765, #3965 ) ;
#4654 = FILL_AREA_STYLE_COLOUR ( '', #2532 ) ;
#4655 = CARTESIAN_POINT ( 'NONE',  ( -0.6140379357580436626, 0.01066084218051013659, 0.1000000000000000056 ) ) ;
#4656 = DIRECTION ( 'NONE',  ( 0.000000000000000000, -0.000000000000000000, 1.000000000000000000 ) ) ;
#4657 = CARTESIAN_POINT ( 'NONE',  ( 9.289999999999997371, -3.959999999999999964, 3.875777422434217368E-17 ) ) ;
#4658 = CARTESIAN_POINT ( 'NONE',  ( 7.969999999999966889, -2.639999999999969482, -4.719999999999988205 ) ) ;
#4659 = VERTEX_POINT ( 'NONE', #1052 ) ;
#4660 = ORIENTED_EDGE ( 'NONE', *, *, #2431, .F. ) ;
#4661 = ADVANCED_FACE ( 'NONE', ( #3491 ), #2919, .T. ) ;
#4662 = FACE_OUTER_BOUND ( 'NONE', #2721, .T. ) ;
#4663 = DIRECTION ( 'NONE',  ( 0.000000000000000000, -0.000000000000000000, -1.000000000000000000 ) ) ;
#4664 = FACE_OUTER_BOUND ( 'NONE', #4204, .T. ) ;
#4665 = EDGE_CURVE ( 'NONE', #1505, #3145, #5108, .T. ) ;
#4666 = EDGE_CURVE ( 'NONE', #316, #4216, #11, .T. ) ;
#4667 = B_SPLINE_CURVE_WITH_KNOTS ( 'NONE', 3,
 ( #4743, #4775, #1571, #1603, #1153, #2833, #2023, #403, #4753, #736, #2818 ),
 .UNSPECIFIED., .F., .F.,
 ( 4, 1, 1, 1, 1, 1, 1, 1, 4 ),
 ( 0.000000000000000000, 0.1719006646132703042, 0.3306279320958812051, 0.4755488358809185634, 0.6067461903123636535, 0.7250238034674899579, 0.8297423869584560352, 0.9213228203439749464, 1.000000000000000000 ),
 .UNSPECIFIED. ) ;
#4668 = CARTESIAN_POINT ( 'NONE',  ( -0.9925075374868955747, 0.5181584864962790471, -1.355252715606880543E-17 ) ) ;
#4669 = VECTOR ( 'NONE', #2785, 1000.000000000000000 ) ;
#4670 = CARTESIAN_POINT ( 'NONE',  ( -0.4947798403881485951, 0.2231835774740527356, 0.1000000000000000056 ) ) ;
#4671 = CARTESIAN_POINT ( 'NONE',  ( -2.723076923076923173, 0.000000000000000000, 0.000000000000000000 ) ) ;
#4672 = DIRECTION ( 'NONE',  ( 0.000000000000000000, 0.000000000000000000, -1.000000000000000000 ) ) ;
#4673 = PLANE ( 'NONE',  #2117 ) ;
#4674 = DIRECTION ( 'NONE',  ( 1.000000000000000000, 0.000000000000000000, -0.000000000000000000 ) ) ;
#4675 = LINE ( 'NONE', #2134, #2504 ) ;
#4676 = CARTESIAN_POINT ( 'NONE',  ( -8.665000000000004476, 3.584999999999999520, 1.068543264670088319E-15 ) ) ;
#4677 =( GEOMETRIC_REPRESENTATION_CONTEXT ( 3 ) GLOBAL_UNCERTAINTY_ASSIGNED_CONTEXT ( ( #5155 ) ) GLOBAL_UNIT_ASSIGNED_CONTEXT ( ( #2005, #3165, #2386 ) ) REPRESENTATION_CONTEXT ( 'NONE', 'WORKASPACE' ) );
#4678 = SPHERICAL_SURFACE ( 'NONE', #419, 0.2000000000000000111 ) ;
#4679 = COLOUR_RGB ( '',0.7960784313725489669, 0.8235294117647058432, 0.9372549019607843146 ) ;
#4680 = DIRECTION ( 'NONE',  ( 0.000000000000000000, 1.000000000000000000, 0.000000000000000000 ) ) ;
#4681 = FACE_OUTER_BOUND ( 'NONE', #751, .T. ) ;
#4682 = DIRECTION ( 'NONE',  ( 0.000000000000000000, 0.000000000000000000, 1.000000000000000000 ) ) ;
#4683 = ADVANCED_FACE ( 'NONE', ( #146 ), #3740, .T. ) ;
#4684 = CARTESIAN_POINT ( 'NONE',  ( -0.8140785415391361690, 0.5480183052969317403, 0.1000000000000000056 ) ) ;
#4685 = CARTESIAN_POINT ( 'NONE',  ( -0.7536057692307691624, 0.6153846153846153078, 0.000000000000000000 ) ) ;
#4686 = CARTESIAN_POINT ( 'NONE',  ( -2.055737091996137966, 0.1693708577592524522, 1.355252715606880543E-17 ) ) ;
#4687 = PLANE ( 'NONE',  #1240 ) ;
#4688 = AXIS2_PLACEMENT_3D ( 'NONE', #446, #820, #1623 ) ;
#4689 = CARTESIAN_POINT ( 'NONE',  ( 1.669999999999997042, -3.660000000000000142, 3.875777422434217368E-17 ) ) ;
#4690 = CARTESIAN_POINT ( 'NONE',  ( -1.999723771506162429, 0.4067718029050322315, 0.000000000000000000 ) ) ;
#4691 = DIRECTION ( 'NONE',  ( -1.000000000000000000, 0.000000000000000000, 0.000000000000000000 ) ) ;
#4692 = LINE ( 'NONE', #4943, #2462 ) ;
#4693 = B_SPLINE_CURVE_WITH_KNOTS ( 'NONE', 3,
 ( #4589, #2201, #2621, #550, #3369, #1357, #3001, #3773, #4613, #4557, #2597 ),
 .UNSPECIFIED., .F., .F.,
 ( 4, 1, 1, 1, 1, 1, 1, 1, 4 ),
 ( 0.000000000000000000, 0.1642892164747617734, 0.3174059112304908892, 0.4588436116410197774, 0.5893665423053098262, 0.7078313187781728466, 0.8157700306990046668, 0.9128799029021262834, 1.000000000000000000 ),
 .UNSPECIFIED. ) ;
#4694 = CARTESIAN_POINT ( 'NONE',  ( -0.9246520933148569821, 0.4972637946028917177, 0.1000000000000000056 ) ) ;
#4695 = AXIS2_PLACEMENT_3D ( 'NONE', #1194, #2014, #1215 ) ;
#4696 = PRESENTATION_STYLE_ASSIGNMENT (( #333 ) ) ;
#4697 = EDGE_CURVE ( 'NONE', #2480, #3145, #3103, .T. ) ;
#4698 = EDGE_CURVE ( 'NONE', #317, #1083, #4358, .T. ) ;
#4699 = CARTESIAN_POINT ( 'NONE',  ( -1.779409872467486053, 7.379936304874525771E-05, 1.355252715606880543E-17 ) ) ;
#4700 = DIRECTION ( 'NONE',  ( -1.000000000000000000, 0.000000000000000000, 0.000000000000000000 ) ) ;
#4701 = VERTEX_POINT ( 'NONE', #2717 ) ;
#4702 = CARTESIAN_POINT ( 'NONE',  ( -0.4846153846153846145, 0.2993990384615384248, 0.000000000000000000 ) ) ;
#4703 = CARTESIAN_POINT ( 'NONE',  ( -2.012876717895006884, 0.3717133122127723177, 0.1000000000000000056 ) ) ;
#4704 = EDGE_CURVE ( 'NONE', #376, #2795, #80, .T. ) ;
#4705 = VERTEX_POINT ( 'NONE', #5076 ) ;
#4706 = VERTEX_POINT ( 'NONE', #1465 ) ;
#4707 = UNCERTAINTY_MEASURE_WITH_UNIT (LENGTH_MEASURE( 1.000000000000000082E-05 ), #3061, 'distance_accuracy_value', 'NONE');
#4708 = VERTEX_POINT ( 'NONE', #5040 ) ;
#4709 = ADVANCED_FACE ( 'NONE', ( #1478 ), #2464, .T. ) ;
#4710 = DIRECTION ( 'NONE',  ( -1.000000000000000000, 0.000000000000000000, 0.000000000000000000 ) ) ;
#4711 = CLOSED_SHELL ( 'NONE', ( #5043, #2686, #409, #2013, #354, #660, #1433, #3544, #3108, #552, #3613, #1054, #5055, #4313, #1835, #1365, #3998, #2318, #1553, #1790, #1161, #2045, #5199, #3155, #678, #3237, #4733, #1034, #1106, #1601, #2809, #813, #2859, #2395, #3465, #3517, #4618, #1502, #4346, #2966, #4634, #3456, #2735, #4263, #3587, #3082, #1845, #337, #3922, #1811, #707, #279, #1959, #3414, #4709, #5072, #1530, #4782, #3433, #757, #3637, #4912, #1237, #4751, #1887, #1627, #230, #1460, #305, #3354, #785, #3127, #2374, #3182, #1753, #3972, #1085, #1580, #1913, #4951, #1988, #2421, #3568, #2756, #3384, #2708, #2832, #1214, #258, #1940, #3056, #1184, #4292, #5174, #3939, #3895, #2206, #5106, #3489, #728, #2176, #4370, #2448, #181, #383, #4827, #1482, #607, #2284, #5127, #1762, #4417, #4804, #2777, #4023, #4683, #3207, #5150, #1127, #1874, #13, #2639, #3877, #4661, #4389, #2340 ) ) ;
#4712 = CARTESIAN_POINT ( 'NONE',  ( -0.7502403846153845590, 0.5538461538461537659, 0.000000000000000000 ) ) ;
#4713 = PRESENTATION_LAYER_ASSIGNMENT (  '', '', ( #2936 ) ) ;
#4714 = ORIENTED_EDGE ( 'NONE', *, *, #2476, .F. ) ;
#4715 = ORIENTED_EDGE ( 'NONE', *, *, #3830, .T. ) ;
#4716 = ORIENTED_EDGE ( 'NONE', *, *, #2841, .T. ) ;
#4717 = DIRECTION ( 'NONE',  ( 0.000000000000000000, -1.000000000000000000, 0.000000000000000000 ) ) ;
#4718 = SHAPE_DEFINITION_REPRESENTATION ( #5013, #659 ) ;
#4719 = CARTESIAN_POINT ( 'NONE',  ( -0.9682692307692306599, 0.4538461538461537881, 0.1000000000000000056 ) ) ;
#4720 = CARTESIAN_POINT ( 'NONE',  ( -9.115000000000005542, -4.035000000000000142, -3.400000000000003020 ) ) ;
#4721 = CARTESIAN_POINT ( 'NONE',  ( -2.062416660789261780, 0.1881992425041194850, 1.355252715606880543E-17 ) ) ;
#4722 = ORIENTED_EDGE ( 'NONE', *, *, #1937, .T. ) ;
#4723 = CARTESIAN_POINT ( 'NONE',  ( -2.020643330730112819, 0.3335775100552593742, 0.1000000000000000056 ) ) ;
#4724 = DIRECTION ( 'NONE',  ( 0.000000000000000000, -1.000000000000000000, 0.000000000000000000 ) ) ;
#4725 = LINE ( 'NONE', #1701, #3670 ) ;
#4726 = CARTESIAN_POINT ( 'NONE',  ( -0.5804378995566160659, 0.1014178132454648801, 0.000000000000000000 ) ) ;
#4727 = CARTESIAN_POINT ( 'NONE',  ( -1.999723771506162429, 0.4067718029050322315, 0.000000000000000000 ) ) ;
#4728 = EDGE_CURVE ( 'NONE', #959, #5081, #4171, .T. ) ;
#4729 = AXIS2_PLACEMENT_3D ( 'NONE', #4791, #3236, #794 ) ;
#4730 = SURFACE_STYLE_FILL_AREA ( #1691 ) ;
#4731 = EDGE_CURVE ( 'NONE', #1493, #4819, #2435, .T. ) ;
#4732 = CARTESIAN_POINT ( 'NONE',  ( -10.00000000000000355, 4.800000000000000711, 10.50000000000000000 ) ) ;
#4733 = ADVANCED_FACE ( 'NONE', ( #267 ), #1176, .F. ) ;
#4734 =( NAMED_UNIT ( * ) SI_UNIT ( $, .STERADIAN. ) SOLID_ANGLE_UNIT ( ) );
#4735 = CARTESIAN_POINT ( 'NONE',  ( -1.476923076923076783, 0.3538461538461538103, 0.000000000000000000 ) ) ;
#4736 = CARTESIAN_POINT ( 'NONE',  ( -0.9474899385912244343, 0.4769825704226118845, 0.1000000000000000056 ) ) ;
#4737 = CARTESIAN_POINT ( 'NONE',  ( -1.801881853613751971, 0.5963297355676095979, 0.1000000000000000056 ) ) ;
#4738 = LINE ( 'NONE', #4905, #783 ) ;
#4739 = ORIENTED_EDGE ( 'NONE', *, *, #5022, .T. ) ;
#4740 = CIRCLE ( 'NONE', #665, 0.4950336815138468571 ) ;
#4741 = DIRECTION ( 'NONE',  ( -0.000000000000000000, 0.000000000000000000, -1.000000000000000000 ) ) ;
#4742 = EDGE_LOOP ( 'NONE', ( #1513, #1976, #742, #3134 ) ) ;
#4743 = CARTESIAN_POINT ( 'NONE',  ( -1.707331730769230616, 0.06153846153846150718, 0.1000000000000000056 ) ) ;
#4744 = CARTESIAN_POINT ( 'NONE',  ( -2.022988930957380305, 0.2995652449740840439, 0.1000000000000000056 ) ) ;
#4745 = CARTESIAN_POINT ( 'NONE',  ( -1.192307692307692069, 0.3538461538461538103, 0.000000000000000000 ) ) ;
#4746 = ORIENTED_EDGE ( 'NONE', *, *, #5105, .F. ) ;
#4747 = FILL_AREA_STYLE ('',( #3577 ) ) ;
#4748 = DIRECTION ( 'NONE',  ( 1.000000000000000000, 0.000000000000000000, -2.602085213965203700E-14 ) ) ;
#4749 = FACE_OUTER_BOUND ( 'NONE', #1008, .T. ) ;
#4750 =( LENGTH_UNIT ( ) NAMED_UNIT ( * ) SI_UNIT ( .MILLI., .METRE. ) );
#4751 = ADVANCED_FACE ( 'NONE', ( #4899 ), #2406, .T. ) ;
#4752 = CARTESIAN_POINT ( 'NONE',  ( -0.9201220075031661949, 0.02592029548733818314, 0.1000000000000000056 ) ) ;
#4753 = CARTESIAN_POINT ( 'NONE',  ( -1.865078263022491356, 0.07280482674370078455, 0.1000000000000000056 ) ) ;
#4754 = EDGE_CURVE ( 'NONE', #1071, #750, #3432, .T. ) ;
#4755 = DIRECTION ( 'NONE',  ( -0.000000000000000000, -0.000000000000000000, 1.000000000000000000 ) ) ;
#4756 = STYLED_ITEM ( 'NONE', ( #780 ), #4313 ) ;
#4757 = EDGE_CURVE ( 'NONE', #1141, #4865, #204, .T. ) ;
#4758 = CARTESIAN_POINT ( 'NONE',  ( -1.945451977105734365, 0.4787754988360474195, 0.000000000000000000 ) ) ;
#4759 = ORIENTED_EDGE ( 'NONE', *, *, #2310, .T. ) ;
#4760 = VERTEX_POINT ( 'NONE', #3650 ) ;
#4761 = DIRECTION ( 'NONE',  ( 0.000000000000000000, 1.000000000000000000, 0.000000000000000000 ) ) ;
#4762 = ORIENTED_EDGE ( 'NONE', *, *, #3151, .T. ) ;
#4763 = FILL_AREA_STYLE ('',( #1145 ) ) ;
#4764 = ORIENTED_EDGE ( 'NONE', *, *, #2090, .F. ) ;
#4765 = SURFACE_STYLE_USAGE ( .BOTH. , #356 ) ;
#4766 = UNCERTAINTY_MEASURE_WITH_UNIT (LENGTH_MEASURE( 1.000000000000000082E-05 ), #4811, 'distance_accuracy_value', 'NONE');
#4767 = LINE ( 'NONE', #3425, #3329 ) ;
#4768 = DIRECTION ( 'NONE',  ( -0.000000000000000000, -0.000000000000000000, 1.000000000000000000 ) ) ;
#4769 = CARTESIAN_POINT ( 'NONE',  ( -2.022966685048444901, 0.2858931371618506079, -1.355252715606880543E-17 ) ) ;
#4770 = DIRECTION ( 'NONE',  ( 0.000000000000000000, 0.000000000000000000, 1.000000000000000000 ) ) ;
#4771 = VERTEX_POINT ( 'NONE', #4841 ) ;
#4772 = SURFACE_SIDE_STYLE ('',( #2320 ) ) ;
#4773 = CARTESIAN_POINT ( 'NONE',  ( -0.9358709845040685815, 0.03539873279288730662, 1.355252715606880543E-17 ) ) ;
#4774 = LINE ( 'NONE', #3745, #1908 ) ;
#4775 = CARTESIAN_POINT ( 'NONE',  ( -1.717228022896090112, 0.06158099234544454903, 0.1000000000000000056 ) ) ;
#4776 = DIRECTION ( 'NONE',  ( -0.000000000000000000, -0.000000000000000000, -1.000000000000000000 ) ) ;
#4777 = ORIENTED_EDGE ( 'NONE', *, *, #2697, .T. ) ;
#4778 = CARTESIAN_POINT ( 'NONE',  ( -2.020643330730112819, 0.3335775100552593742, 0.1000000000000000056 ) ) ;
#4779 = EDGE_LOOP ( 'NONE', ( #2362, #2900, #4837, #56 ) ) ;
#4780 = EDGE_CURVE ( 'NONE', #2795, #1078, #2499, .T. ) ;
#4781 = STYLED_ITEM ( 'NONE', ( #3279 ), #5106 ) ;
#4782 = ADVANCED_FACE ( 'NONE', ( #2244 ), #2027, .T. ) ;
#4783 = SURFACE_STYLE_USAGE ( .BOTH. , #2033 ) ;
#4784 = VECTOR ( 'NONE', #3115, 1000.000000000000000 ) ;
#4785 = FACE_OUTER_BOUND ( 'NONE', #2046, .T. ) ;
#4786 = CARTESIAN_POINT ( 'NONE',  ( -1.890846469531602736, 0.5801201049181025082, 0.1000000000000000056 ) ) ;
#4787 = DIRECTION ( 'NONE',  ( -0.000000000000000000, -0.000000000000000000, -1.000000000000000000 ) ) ;
#4788 = FACE_OUTER_BOUND ( 'NONE', #2786, .T. ) ;
#4789 = LINE ( 'NONE', #2849, #81 ) ;
#4790 = CARTESIAN_POINT ( 'NONE',  ( -0.4360167853856298237, 0.3666724908760816137, 1.355252715606880543E-17 ) ) ;
#4791 = CARTESIAN_POINT ( 'NONE',  ( -9.115000000000005542, 0.000000000000000000, 0.000000000000000000 ) ) ;
#4792 = CARTESIAN_POINT ( 'NONE',  ( -2.723076923076923173, 0.000000000000000000, 0.1000000000000000056 ) ) ;
#4793 = CARTESIAN_POINT ( 'NONE',  ( -0.5033882250056970209, 0.1999756045064662036, 0.1000000000000000056 ) ) ;
#4794 = CARTESIAN_POINT ( 'NONE',  ( -0.7745884560684569431, -0.01515526543918555014, 1.355252715606880543E-17 ) ) ;
#4795 = LINE ( 'NONE', #2472, #4109 ) ;
#4796 = CARTESIAN_POINT ( 'NONE',  ( -2.547475961538461231, 0.2538461538461538325, 0.1000000000000000056 ) ) ;
#4797 = EDGE_CURVE ( 'NONE', #2586, #3653, #4231, .T. ) ;
#4798 = VECTOR ( 'NONE', #394, 1000.000000000000000 ) ;
#4799 = CARTESIAN_POINT ( 'NONE',  ( -0.8513914757058095306, -0.002729332317424833926, 0.1000000000000000056 ) ) ;
#4800 = CARTESIAN_POINT ( 'NONE',  ( -0.3615384615384615308, 0.000000000000000000, 0.1000000000000000056 ) ) ;
#4801 = CARTESIAN_POINT ( 'NONE',  ( -1.925255312152975185, 0.09773185531739661536, 0.1000000000000000056 ) ) ;
#4802 = CARTESIAN_POINT ( 'NONE',  ( -0.4533680456347409238, 0.4250190868945621925, 1.355252715606880543E-17 ) ) ;
#4803 = DIRECTION ( 'NONE',  ( 1.000000000000000000, 0.000000000000000000, -0.000000000000000000 ) ) ;
#4804 = ADVANCED_FACE ( 'NONE', ( #1031 ), #2376, .T. ) ;
#4805 = DIRECTION ( 'NONE',  ( 0.000000000000000000, -2.478176394252582127E-16, -1.000000000000000000 ) ) ;
#4806 = CARTESIAN_POINT ( 'NONE',  ( -0.5804378995566160659, 0.1014178132454648801, 0.1000000000000000056 ) ) ;
#4807 = CARTESIAN_POINT ( 'NONE',  ( -0.4351814401497979823, 0.2433172554974527280, 0.1000000000000000056 ) ) ;
#4808 = CARTESIAN_POINT ( 'NONE',  ( -0.6801425261452223037, -0.008893972108629091822, 0.000000000000000000 ) ) ;
#4809 = EDGE_CURVE ( 'NONE', #5148, #226, #3157, .T. ) ;
#4810 = LINE ( 'NONE', #3903, #1444 ) ;
#4811 =( LENGTH_UNIT ( ) NAMED_UNIT ( * ) SI_UNIT ( .MILLI., .METRE. ) );
#4812 = CARTESIAN_POINT ( 'NONE',  ( -2.017919680415599881, 0.2352065738386643623, -1.355252715606880543E-17 ) ) ;
#4813 = CARTESIAN_POINT ( 'NONE',  ( -1.476923076923076783, 0.5999999999999999778, 0.1000000000000000056 ) ) ;
#4814 =( LENGTH_UNIT ( ) NAMED_UNIT ( * ) SI_UNIT ( .MILLI., .METRE. ) );
#4815 = ORIENTED_EDGE ( 'NONE', *, *, #4266, .T. ) ;
#4816 = DIRECTION ( 'NONE',  ( -0.000000000000000000, -0.000000000000000000, -1.000000000000000000 ) ) ;
#4817 = EDGE_CURVE ( 'NONE', #1078, #792, #75, .T. ) ;
#4818 =( GEOMETRIC_REPRESENTATION_CONTEXT ( 3 ) GLOBAL_UNCERTAINTY_ASSIGNED_CONTEXT ( ( #3625 ) ) GLOBAL_UNIT_ASSIGNED_CONTEXT ( ( #1109, #3125, #4734 ) ) REPRESENTATION_CONTEXT ( 'NONE', 'WORKASPACE' ) );
#4819 = VERTEX_POINT ( 'NONE', #4034 ) ;
#4820 = EDGE_CURVE ( 'NONE', #2848, #889, #1417, .T. ) ;
#4821 = CARTESIAN_POINT ( 'NONE',  ( -0.4314183079536029197, 0.2730169027321137643, 0.000000000000000000 ) ) ;
#4822 = VERTEX_POINT ( 'NONE', #4430 ) ;
#4823 = DIRECTION ( 'NONE',  ( 0.000000000000000000, -1.000000000000000000, 0.000000000000000000 ) ) ;
#4824 = ORIENTED_EDGE ( 'NONE', *, *, #4990, .F. ) ;
#4825 = ORIENTED_EDGE ( 'NONE', *, *, #1334, .F. ) ;
#4826 = ORIENTED_EDGE ( 'NONE', *, *, #493, .T. ) ;
#4827 = ADVANCED_FACE ( 'NONE', ( #329 ), #1758, .T. ) ;
#4828 = LINE ( 'NONE', #3118, #631 ) ;
#4829 = ORIENTED_EDGE ( 'NONE', *, *, #1850, .F. ) ;
#4830 = CARTESIAN_POINT ( 'NONE',  ( 8.489999999999998437, -3.959999999999999964, 0.000000000000000000 ) ) ;
#4831 = ORIENTED_EDGE ( 'NONE', *, *, #1892, .T. ) ;
#4832 = DIRECTION ( 'NONE',  ( 0.000000000000000000, 0.000000000000000000, 1.000000000000000000 ) ) ;
#4833 = LINE ( 'NONE', #4041, #5097 ) ;
#4834 =( GEOMETRIC_REPRESENTATION_CONTEXT ( 3 ) GLOBAL_UNCERTAINTY_ASSIGNED_CONTEXT ( ( #2622 ) ) GLOBAL_UNIT_ASSIGNED_CONTEXT ( ( #2648, #568, #4173 ) ) REPRESENTATION_CONTEXT ( 'NONE', 'WORKASPACE' ) );
#4835 = CARTESIAN_POINT ( 'NONE',  ( -0.4662775344299491809, 0.4522985635057724108, 1.355252715606880543E-17 ) ) ;
#4836 = DIRECTION ( 'NONE',  ( 0.000000000000000000, 1.000000000000000000, 0.000000000000000000 ) ) ;
#4837 = ORIENTED_EDGE ( 'NONE', *, *, #2585, .T. ) ;
#4838 = CARTESIAN_POINT ( 'NONE',  ( -8.731666666666670906, 3.968333333333335045, -3.466666666666665897 ) ) ;
#4839 = PLANE ( 'NONE',  #5114 ) ;
#4840 = CARTESIAN_POINT ( 'NONE',  ( -0.8868489060679795033, 0.009541294652496897302, 0.000000000000000000 ) ) ;
#4841 = CARTESIAN_POINT ( 'NONE',  ( -1.584615384615384537, 0.000000000000000000, 0.1000000000000000056 ) ) ;
#4842 = CARTESIAN_POINT ( 'NONE',  ( -0.7351133189933038992, -0.01525089246032976416, 0.000000000000000000 ) ) ;
#4843 = CARTESIAN_POINT ( 'NONE',  ( -1.849293797892433977, 0.5259844748879166643, 0.1000000000000000056 ) ) ;
#4844 = VECTOR ( 'NONE', #1360, 1000.000000000000000 ) ;
#4845 = LINE ( 'NONE', #37, #3920 ) ;
#4846 = CARTESIAN_POINT ( 'NONE',  ( -2.438461538461538236, 0.5999999999999999778, 0.000000000000000000 ) ) ;
#4847 = AXIS2_PLACEMENT_3D ( 'NONE', #1929, #4682, #3091 ) ;
#4848 = DIRECTION ( 'NONE',  ( 0.000000000000000000, -1.000000000000000000, 0.000000000000000000 ) ) ;
#4849 = LINE ( 'NONE', #1477, #1673 ) ;
#4850 = CARTESIAN_POINT ( 'NONE',  ( -10.31000000000003247, -2.389999999999973035, -2.205000000000016502 ) ) ;
#4851 = CARTESIAN_POINT ( 'NONE',  ( 1.669999999999997042, -3.660000000000000142, -3.399999999999999467 ) ) ;
#4852 = DIRECTION ( 'NONE',  ( -0.000000000000000000, -0.000000000000000000, -1.000000000000000000 ) ) ;
#4853 =( LENGTH_UNIT ( ) NAMED_UNIT ( * ) SI_UNIT ( .MILLI., .METRE. ) );
#4854 = CARTESIAN_POINT ( 'NONE',  ( -1.840947008113688055, 0.5918687949136952620, 0.000000000000000000 ) ) ;
#4855 = CARTESIAN_POINT ( 'NONE',  ( -0.9610122779845655661, 0.1381874035073555052, -1.355252715606880543E-17 ) ) ;
#4856 = CARTESIAN_POINT ( 'NONE',  ( -0.5007762797956386569, 0.09700747304513340774, 0.1000000000000000056 ) ) ;
#4857 = VECTOR ( 'NONE', #2617, 1000.000000000000000 ) ;
#4858 = CARTESIAN_POINT ( 'NONE',  ( -0.9201220075031661949, 0.02592029548733818314, 0.000000000000000000 ) ) ;
#4859 = EDGE_CURVE ( 'NONE', #2218, #3327, #3859, .T. ) ;
#4860 = DIRECTION ( 'NONE',  ( 0.7071067811865475727, 0.000000000000000000, 0.7071067811865475727 ) ) ;
#4861 = CARTESIAN_POINT ( 'NONE',  ( -1.790261629680673927, 0.5344681167540439315, 0.000000000000000000 ) ) ;
#4862 = EDGE_LOOP ( 'NONE', ( #4715, #1451, #2154, #5080 ) ) ;
#4863 = SURFACE_STYLE_USAGE ( .BOTH. , #2878 ) ;
#4864 = CARTESIAN_POINT ( 'NONE',  ( -0.6874026182482781966, 0.6102579304349847744, 1.355252715606880543E-17 ) ) ;
#4865 = VERTEX_POINT ( 'NONE', #4570 ) ;
#4866 = CARTESIAN_POINT ( 'NONE',  ( -1.192307692307692069, 0.06153846153846153494, 0.000000000000000000 ) ) ;
#4867 =( NAMED_UNIT ( * ) PLANE_ANGLE_UNIT ( ) SI_UNIT ( $, .RADIAN. ) );
#4868 = CARTESIAN_POINT ( 'NONE',  ( -0.9467886296011843728, 0.1225731529489805238, 0.1000000000000000056 ) ) ;
#4869 = CARTESIAN_POINT ( 'NONE',  ( -2.029366790326365688, 0.1172832021745507519, 0.000000000000000000 ) ) ;
#4870 = PLANE ( 'NONE',  #587 ) ;
#4871 = CARTESIAN_POINT ( 'NONE',  ( -1.878846153846153610, 0.07680288461538460620, 0.1000000000000000056 ) ) ;
#4872 = DIRECTION ( 'NONE',  ( 0.4285960263555440020, -0.9034962347415941286, 0.000000000000000000 ) ) ;
#4873 = CARTESIAN_POINT ( 'NONE',  ( 0.9699999999999963096, -3.860000000000000764, -3.499999999999998668 ) ) ;
#4874 = EDGE_LOOP ( 'NONE', ( #2846, #2212, #4344, #3570 ) ) ;
#4875 = ORIENTED_EDGE ( 'NONE', *, *, #1108, .T. ) ;
#4876 = CARTESIAN_POINT ( 'NONE',  ( -1.770552884615384626, 0.000000000000000000, 0.1000000000000000056 ) ) ;
#4877 = VERTEX_POINT ( 'NONE', #4169 ) ;
#4878 = SURFACE_STYLE_USAGE ( .BOTH. , #3583 ) ;
#4879 = CARTESIAN_POINT ( 'NONE',  ( -0.9369592980430998530, 0.5643679384133911681, 0.1000000000000000056 ) ) ;
#4880 = PLANE ( 'NONE',  #779 ) ;
#4881 = VERTEX_POINT ( 'NONE', #3738 ) ;
#4882 = ORIENTED_EDGE ( 'NONE', *, *, #3495, .F. ) ;
#4883 = PLANE ( 'NONE',  #1479 ) ;
#4884 = CARTESIAN_POINT ( 'NONE',  ( -0.4822249539452948541, 0.4781570557652162212, 0.000000000000000000 ) ) ;
#4885 = AXIS2_PLACEMENT_3D ( 'NONE', #4203, #986, #168 ) ;
#4886 = VERTEX_POINT ( 'NONE', #90 ) ;
#4887 = EDGE_CURVE ( 'NONE', #4599, #180, #1719, .T. ) ;
#4888 =( NAMED_UNIT ( * ) SI_UNIT ( $, .STERADIAN. ) SOLID_ANGLE_UNIT ( ) );
#4889 = VERTEX_POINT ( 'NONE', #1296 ) ;
#4890 = VERTEX_POINT ( 'NONE', #2594 ) ;
#4891 = CARTESIAN_POINT ( 'NONE',  ( -0.9358709845040685815, 0.03539873279288730662, 0.000000000000000000 ) ) ;
#4892 = ORIENTED_EDGE ( 'NONE', *, *, #2394, .T. ) ;
#4893 = VECTOR ( 'NONE', #3620, 1000.000000000000000 ) ;
#4894 = CARTESIAN_POINT ( 'NONE',  ( -9.115000000000005542, -3.935000000000000941, -3.499999999999998668 ) ) ;
#4895 = ORIENTED_EDGE ( 'NONE', *, *, #420, .T. ) ;
#4896 = LINE ( 'NONE', #1968, #322 ) ;
#4897 = PLANE ( 'NONE',  #4988 ) ;
#4898 =( NAMED_UNIT ( * ) PLANE_ANGLE_UNIT ( ) SI_UNIT ( $, .RADIAN. ) );
#4899 = FACE_OUTER_BOUND ( 'NONE', #1567, .T. ) ;
#4900 = PLANE ( 'NONE',  #1795 ) ;
#4901 = VECTOR ( 'NONE', #4805, 1000.000000000000000 ) ;
#4902 = PLANE ( 'NONE',  #3352 ) ;
#4903 = FILL_AREA_STYLE ('',( #4137 ) ) ;
#4904 = DIRECTION ( 'NONE',  ( 0.000000000000000000, 1.000000000000000000, 0.000000000000000000 ) ) ;
#4905 = CARTESIAN_POINT ( 'NONE',  ( 9.289999999999997371, 3.660000000000000142, -3.400000000000003020 ) ) ;
#4906 = CARTESIAN_POINT ( 'NONE',  ( -0.6970485303508436870, 0.5492641297960016988, -1.355252715606880543E-17 ) ) ;
#4907 = CARTESIAN_POINT ( 'NONE',  ( -0.5461133045518291595, 0.5467406392354440259, 0.000000000000000000 ) ) ;
#4908 = VECTOR ( 'NONE', #2232, 1000.000000000000000 ) ;
#4909 = CARTESIAN_POINT ( 'NONE',  ( -9.115000000000005542, 3.584999999999999520, 1.068543264670088319E-15 ) ) ;
#4910 = DIRECTION ( 'NONE',  ( 0.7071067811865352493, 0.000000000000000000, 0.7071067811865597852 ) ) ;
#4911 = EDGE_CURVE ( 'NONE', #4143, #245, #558, .T. ) ;
#4912 = ADVANCED_FACE ( 'NONE', ( #3733 ), #2619, .T. ) ;
#4913 = CARTESIAN_POINT ( 'NONE',  ( -1.982919626677182023, 0.06205835525544827619, 0.1000000000000000056 ) ) ;
#4914 = CARTESIAN_POINT ( 'NONE',  ( -0.4493318278471197802, 0.1873041866429683289, 0.1000000000000000056 ) ) ;
#4915 = VECTOR ( 'NONE', #2489, 1000.000000000000000 ) ;
#4916 = B_SPLINE_CURVE_WITH_KNOTS ( 'NONE', 3,
 ( #2793, #345, #3159, #745, #3175, #3576, #1163, #3966, #5201, #4786, #3245 ),
 .UNSPECIFIED., .F., .F.,
 ( 4, 1, 1, 1, 1, 1, 1, 1, 4 ),
 ( 0.000000000000000000, 0.1642892164747617734, 0.3174059112304908892, 0.4588436116410197774, 0.5893665423053098262, 0.7078313187781728466, 0.8157700306990046668, 0.9128799029021262834, 1.000000000000000000 ),
 .UNSPECIFIED. ) ;
#4917 = CARTESIAN_POINT ( 'NONE',  ( -1.476923076923076783, 0.06153846153846153494, 0.000000000000000000 ) ) ;
#4918 = MECHANICAL_DESIGN_GEOMETRIC_PRESENTATION_REPRESENTATION (  '', ( #1507 ), #2614 ) ;
#4919 = CARTESIAN_POINT ( 'NONE',  ( -0.4309879727339731015, 0.2932174950738097863, -0.000000000000000000 ) ) ;
#4920 = CARTESIAN_POINT ( 'NONE',  ( -0.6561883263982041248, 0.6033402412884794064, 0.1000000000000000056 ) ) ;
#4921 = EDGE_CURVE ( 'NONE', #4019, #830, #768, .T. ) ;
#4922 = FILL_AREA_STYLE_COLOUR ( '', #3436 ) ;
#4923 = CIRCLE ( 'NONE', #2509, 0.2000000000000005107 ) ;
#4924 = UNCERTAINTY_MEASURE_WITH_UNIT (LENGTH_MEASURE( 1.000000000000000082E-05 ), #1121, 'distance_accuracy_value', 'NONE');
#4925 = CARTESIAN_POINT ( 'NONE',  ( 8.589999999999996305, 3.860000000000000764, -3.499999999999998668 ) ) ;
#4926 = PLANE ( 'NONE',  #2192 ) ;
#4927 = CARTESIAN_POINT ( 'NONE',  ( -0.4892130401977036191, 0.3510703760130532980, 0.000000000000000000 ) ) ;
#4928 = ORIENTED_EDGE ( 'NONE', *, *, #4971, .T. ) ;
#4929 = CARTESIAN_POINT ( 'NONE',  ( -1.476923076923076783, 0.2923076923076923239, 0.1000000000000000056 ) ) ;
#4930 = CARTESIAN_POINT ( 'NONE',  ( 8.656666666666664511, 3.826666666666667993, -3.566666666666665098 ) ) ;
#4931 = CARTESIAN_POINT ( 'NONE',  ( -2.071921811293421012, 0.2279593427203968070, 0.1000000000000000056 ) ) ;
#4932 = DIRECTION ( 'NONE',  ( 0.000000000000000000, 1.000000000000000000, 0.000000000000000000 ) ) ;
#4933 = DIRECTION ( 'NONE',  ( 1.000000000000000000, 0.000000000000000000, 0.000000000000000000 ) ) ;
#4934 = AXIS2_PLACEMENT_3D ( 'NONE', #3612, #1662, #2074 ) ;
#4935 =( NAMED_UNIT ( * ) PLANE_ANGLE_UNIT ( ) SI_UNIT ( $, .RADIAN. ) );
#4936 = LINE ( 'NONE', #3356, #1693 ) ;
#4937 = CARTESIAN_POINT ( 'NONE',  ( 9.189999999999997726, 3.759999999999999343, -3.499999999999998668 ) ) ;
#4938 = FILL_AREA_STYLE_COLOUR ( '', #3186 ) ;
#4939 = CARTESIAN_POINT ( 'NONE',  ( -9.115000000000005542, -4.035000000000000142, 1.123652370631719412E-15 ) ) ;
#4940 = PLANE ( 'NONE',  #4392 ) ;
#4941 = CARTESIAN_POINT ( 'NONE',  ( -0.6632266289637763768, 0.5406759111158384590, -1.355252715606880543E-17 ) ) ;
#4942 = CARTESIAN_POINT ( 'NONE',  ( -0.4822249539452948541, 0.4781570557652162212, 0.1000000000000000056 ) ) ;
#4943 = CARTESIAN_POINT ( 'NONE',  ( -1.584615384615384537, 0.5999999999999999778, 0.1000000000000000056 ) ) ;
#4944 = DIRECTION ( 'NONE',  ( 0.000000000000000000, 0.000000000000000000, -1.000000000000000000 ) ) ;
#4945 = CARTESIAN_POINT ( 'NONE',  ( -0.5374314281561211049, 0.4557406285019685588, 0.000000000000000000 ) ) ;
#4946 = VECTOR ( 'NONE', #2540, 1000.000000000000000 ) ;
#4947 = CARTESIAN_POINT ( 'NONE',  ( -2.070534040397682851, 0.3665502778871564393, 0.1000000000000000056 ) ) ;
#4948 = DIRECTION ( 'NONE',  ( -0.000000000000000000, -0.000000000000000000, -1.000000000000000000 ) ) ;
#4949 = MECHANICAL_DESIGN_GEOMETRIC_PRESENTATION_REPRESENTATION (  '', ( #1266 ), #2187 ) ;
#4950 = ORIENTED_EDGE ( 'NONE', *, *, #3259, .T. ) ;
#4951 = ADVANCED_FACE ( 'NONE', ( #2742 ), #4224, .T. ) ;
#4952 = CARTESIAN_POINT ( 'NONE',  ( -1.796617746508770930, 0.0002171810820796092969, 0.1000000000000000056 ) ) ;
#4953 = ORIENTED_EDGE ( 'NONE', *, *, #3048, .T. ) ;
#4954 = EDGE_LOOP ( 'NONE', ( #3519, #125, #1200, #1495 ) ) ;
#4955 = ORIENTED_EDGE ( 'NONE', *, *, #4068, .F. ) ;
#4956 = CARTESIAN_POINT ( 'NONE',  ( -0.07692307692307691347, 0.5999999999999999778, 0.1000000000000000056 ) ) ;
#4957 =( GEOMETRIC_REPRESENTATION_CONTEXT ( 3 ) GLOBAL_UNCERTAINTY_ASSIGNED_CONTEXT ( ( #4070 ) ) GLOBAL_UNIT_ASSIGNED_CONTEXT ( ( #852, #1663, #4458 ) ) REPRESENTATION_CONTEXT ( 'NONE', 'WORKASPACE' ) );
#4958 = VERTEX_POINT ( 'NONE', #224 ) ;
#4959 = CARTESIAN_POINT ( 'NONE',  ( -1.476923076923076783, 0.5384615384615384359, 0.000000000000000000 ) ) ;
#4960 = VERTEX_POINT ( 'NONE', #3045 ) ;
#4961 = LINE ( 'NONE', #1975, #642 ) ;
#4962 = CARTESIAN_POINT ( 'NONE',  ( -1.903095801463686509, 0.5757201207907209906, 0.1000000000000000056 ) ) ;
#4963 = ORIENTED_EDGE ( 'NONE', *, *, #4068, .T. ) ;
#4964 = CARTESIAN_POINT ( 'NONE',  ( -0.4307692307692307931, 0.3034855769230768718, 0.1000000000000000056 ) ) ;
#4965 = ORIENTED_EDGE ( 'NONE', *, *, #2871, .T. ) ;
#4966 = CARTESIAN_POINT ( 'NONE',  ( -1.138461538461538414, 0.5999999999999999778, 0.1000000000000000056 ) ) ;
#4967 = CARTESIAN_POINT ( 'NONE',  ( -1.821677739026949405, 0.001854826686648182281, 0.000000000000000000 ) ) ;
#4968 = EDGE_CURVE ( 'NONE', #2283, #4877, #3486, .T. ) ;
#4969 = DIRECTION ( 'NONE',  ( 1.000000000000000000, 0.000000000000000000, -0.000000000000000000 ) ) ;
#4970 = VERTEX_POINT ( 'NONE', #4585 ) ;
#4971 = EDGE_CURVE ( 'NONE', #2731, #2083, #3421, .T. ) ;
#4972 = CARTESIAN_POINT ( 'NONE',  ( 8.556666666666663090, 3.893333333333334423, -3.466666666666665897 ) ) ;
#4973 = FACE_OUTER_BOUND ( 'NONE', #3080, .T. ) ;
#4974 = DIRECTION ( 'NONE',  ( 0.000000000000000000, -0.000000000000000000, 1.000000000000000000 ) ) ;
#4975 = SURFACE_SIDE_STYLE ('',( #592 ) ) ;
#4976 =( NAMED_UNIT ( * ) SI_UNIT ( $, .STERADIAN. ) SOLID_ANGLE_UNIT ( ) );
#4977 = VECTOR ( 'NONE', #4225, 1000.000000000000000 ) ;
#4978 = CARTESIAN_POINT ( 'NONE',  ( -2.040528411483576221, 0.4531429366112042501, 0.1000000000000000056 ) ) ;
#4979 = SURFACE_STYLE_USAGE ( .BOTH. , #2241 ) ;
#4980 = CARTESIAN_POINT ( 'NONE',  ( -0.5987705586500566834, 0.01760647347263260762, 0.1000000000000000056 ) ) ;
#4981 = FILL_AREA_STYLE ('',( #1780 ) ) ;
#4982 = FACE_OUTER_BOUND ( 'NONE', #4396, .T. ) ;
#4983 = DIRECTION ( 'NONE',  ( 1.000000000000000000, 0.000000000000000000, -0.000000000000000000 ) ) ;
#4984 = LINE ( 'NONE', #103, #1814 ) ;
#4985 = CARTESIAN_POINT ( 'NONE',  ( -1.476923076923076783, 0.3538461538461538103, 0.1000000000000000056 ) ) ;
#4986 = ORIENTED_EDGE ( 'NONE', *, *, #5092, .T. ) ;
#4987 = PRODUCT ( 'RELAY-TH_JE-1XXD', 'RELAY-TH_JE-1XXD', '', ( #4542 ) ) ;
#4988 = AXIS2_PLACEMENT_3D ( 'NONE', #2155, #4519, #875 ) ;
#4989 = EDGE_LOOP ( 'NONE', ( #3657, #4603, #1261, #192 ) ) ;
#4990 = EDGE_CURVE ( 'NONE', #4708, #879, #1733, .T. ) ;
#4991 = CARTESIAN_POINT ( 'NONE',  ( -2.040528411483576221, 0.4531429366112042501, 0.000000000000000000 ) ) ;
#4992 = CARTESIAN_POINT ( 'NONE',  ( -0.5598815868659525741, 0.4800845659987598713, 0.1000000000000000056 ) ) ;
#4993 = DIRECTION ( 'NONE',  ( -1.000000000000000000, 0.000000000000000000, 0.000000000000000000 ) ) ;
#4994 = CARTESIAN_POINT ( 'NONE',  ( -0.7162735330026537284, -0.01381223518987952786, -1.355252715606880543E-17 ) ) ;
#4995 = DIRECTION ( 'NONE',  ( 1.000000000000000000, 0.000000000000000000, -0.000000000000000000 ) ) ;
#4996 = LINE ( 'NONE', #3116, #3005 ) ;
#4997 = CARTESIAN_POINT ( 'NONE',  ( -0.07692307692307691347, 0.000000000000000000, 0.1000000000000000056 ) ) ;
#4998 = VECTOR ( 'NONE', #3563, 1000.000000000000000 ) ;
#4999 = DIRECTION ( 'NONE',  ( 0.000000000000000000, -0.000000000000000000, 1.000000000000000000 ) ) ;
#5000 = ORIENTED_EDGE ( 'NONE', *, *, #3096, .F. ) ;
#5001 = CARTESIAN_POINT ( 'NONE',  ( -0.5804378995566160659, 0.1014178132454648801, 1.355252715606880543E-17 ) ) ;
#5002 = EDGE_LOOP ( 'NONE', ( #1750, #496, #2860, #698, #1270, #5078, #2533 ) ) ;
#5003 = CARTESIAN_POINT ( 'NONE',  ( -0.4846153846153846145, 0.2993990384615384248, -1.355252715606880543E-17 ) ) ;
#5004 = CARTESIAN_POINT ( 'NONE',  ( -0.6628066447086864432, -0.005406370956534480715, 0.1000000000000000056 ) ) ;
#5005 = ORIENTED_EDGE ( 'NONE', *, *, #462, .F. ) ;
#5006 = CARTESIAN_POINT ( 'NONE',  ( -1.680649038461538458, 0.5384615384615384359, 0.000000000000000000 ) ) ;
#5007 = CARTESIAN_POINT ( 'NONE',  ( -0.6628066447086864432, -0.005406370956534480715, 0.1000000000000000056 ) ) ;
#5008 = CARTESIAN_POINT ( 'NONE',  ( -1.903095801463686509, 0.5757201207907209906, 0.1000000000000000056 ) ) ;
#5009 = ORIENTED_EDGE ( 'NONE', *, *, #2090, .T. ) ;
#5010 = EDGE_CURVE ( 'NONE', #3962, #1280, #647, .T. ) ;
#5011 = ORIENTED_EDGE ( 'NONE', *, *, #2035, .T. ) ;
#5012 = CARTESIAN_POINT ( 'NONE',  ( -1.717228022896090112, 0.06158099234544454903, 0.000000000000000000 ) ) ;
#5013 = PRODUCT_DEFINITION_SHAPE ( 'NONE', 'NONE',  #3662 ) ;
#5014 = LINE ( 'NONE', #386, #3405 ) ;
#5015 = EDGE_LOOP ( 'NONE', ( #4593, #4082, #686, #3635 ) ) ;
#5016 = FACE_OUTER_BOUND ( 'NONE', #4282, .T. ) ;
#5017 = DIRECTION ( 'NONE',  ( 0.000000000000000000, 0.000000000000000000, 1.000000000000000000 ) ) ;
#5018 = VERTEX_POINT ( 'NONE', #3515 ) ;
#5019 = VERTEX_POINT ( 'NONE', #1920 ) ;
#5020 = ORIENTED_EDGE ( 'NONE', *, *, #462, .T. ) ;
#5021 = LINE ( 'NONE', #3265, #2231 ) ;
#5022 = EDGE_CURVE ( 'NONE', #4706, #1071, #933, .T. ) ;
#5023 = STYLED_ITEM ( 'NONE', ( #3815 ), #3939 ) ;
#5024 = EDGE_LOOP ( 'NONE', ( #3842, #1318, #4626, #950 ) ) ;
#5025 = EDGE_CURVE ( 'NONE', #1406, #1400, #1419, .T. ) ;
#5026 = LINE ( 'NONE', #3123, #1857 ) ;
#5027 = EDGE_LOOP ( 'NONE', ( #991, #2356, #4829, #2964 ) ) ;
#5028 = FACE_OUTER_BOUND ( 'NONE', #3408, .T. ) ;
#5029 = CARTESIAN_POINT ( 'NONE',  ( -1.004380865171741855, 0.5044212594978787489, 0.1000000000000000056 ) ) ;
#5030 = LINE ( 'NONE', #3290, #2740 ) ;
#5031 =( LENGTH_UNIT ( ) NAMED_UNIT ( * ) SI_UNIT ( .MILLI., .METRE. ) );
#5032 =( LENGTH_UNIT ( ) NAMED_UNIT ( * ) SI_UNIT ( .MILLI., .METRE. ) );
#5033 = CARTESIAN_POINT ( 'NONE',  ( -1.896153846153846079, 0.5783653846153846700, 0.000000000000000000 ) ) ;
#5034 = DIRECTION ( 'NONE',  ( 1.000000000000000000, 0.000000000000000000, 0.000000000000000000 ) ) ;
#5035 = CARTESIAN_POINT ( 'NONE',  ( -0.5068509615384614309, 0.08954326923076921796, -1.355252715606880543E-17 ) ) ;
#5036 = PRESENTATION_STYLE_ASSIGNMENT (( #3176 ) ) ;
#5037 = FILL_AREA_STYLE_COLOUR ( '', #1539 ) ;
#5038 = DIRECTION ( 'NONE',  ( -0.000000000000000000, -0.000000000000000000, -1.000000000000000000 ) ) ;
#5039 = LINE ( 'NONE', #1683, #2688 ) ;
#5040 = CARTESIAN_POINT ( 'NONE',  ( -1.192307692307692069, 0.06153846153846153494, 0.1000000000000000056 ) ) ;
#5041 = LINE ( 'NONE', #2343, #1543 ) ;
#5042 = LINE ( 'NONE', #1033, #4977 ) ;
#5043 = ADVANCED_FACE ( 'NONE', ( #4664 ), #1475, .F. ) ;
#5044 = PLANE ( 'NONE',  #2580 ) ;
#5045 = DIRECTION ( 'NONE',  ( 0.000000000000000000, -1.000000000000000000, 0.000000000000000000 ) ) ;
#5046 = FACE_OUTER_BOUND ( 'NONE', #3663, .T. ) ;
#5047 = EDGE_CURVE ( 'NONE', #4819, #3948, #1589, .T. ) ;
#5048 = CARTESIAN_POINT ( 'NONE',  ( -0.4866197264936806266, 0.3342376695073426829, 0.1000000000000000056 ) ) ;
#5049 = LINE ( 'NONE', #1847, #989 ) ;
#5050 = DIRECTION ( 'NONE',  ( 0.000000000000000000, -1.000000000000000000, 0.000000000000000000 ) ) ;
#5051 = AXIS2_PLACEMENT_3D ( 'NONE', #3247, #44, #4072 ) ;
#5052 = SURFACE_STYLE_USAGE ( .BOTH. , #2273 ) ;
#5053 = CARTESIAN_POINT ( 'NONE',  ( -0.3615384615384615308, 0.06153846153846153494, 0.1000000000000000056 ) ) ;
#5054 = PRESENTATION_STYLE_ASSIGNMENT (( #4161 ) ) ;
#5055 = ADVANCED_FACE ( 'NONE', ( #3606 ), #1883, .F. ) ;
#5056 = ORIENTED_EDGE ( 'NONE', *, *, #1216, .T. ) ;
#5057 = DIRECTION ( 'NONE',  ( 0.000000000000000000, -1.000000000000000000, 0.000000000000000000 ) ) ;
#5058 = MECHANICAL_DESIGN_GEOMETRIC_PRESENTATION_REPRESENTATION (  '', ( #2019 ), #3887 ) ;
#5059 = DIRECTION ( 'NONE',  ( 0.000000000000000000, 0.000000000000000000, -1.000000000000000000 ) ) ;
#5060 = B_SPLINE_CURVE_WITH_KNOTS ( 'NONE', 3,
 ( #2008, #2802, #778, #1186, #5190, #4793, #2423, #4411, #1172, #350, #4806, #4428, #2377, #5142, #5162, #2764, #3196, #339, #3615 ),
 .UNSPECIFIED., .F., .F.,
 ( 4, 1, 1, 1, 1, 1, 1, 1, 1, 1, 1, 1, 1, 1, 1, 1, 4 ),
 ( 0.000000000000000000, 0.06432321657984210739, 0.1262901037035558394, 0.1867264692161327844, 0.2461464323353445560, 0.3055756426461386233, 0.3654293856180518274, 0.4263263089482599022, 0.4888399064006411776, 0.5517249718140472270, 0.6139185964661588724, 0.6754837657683960828, 0.7373338970992854291, 0.8002290443945262455, 0.8645022981233226878, 0.9310407391556970724, 1.000000000000000000 ),
 .UNSPECIFIED. ) ;
#5061 = CARTESIAN_POINT ( 'NONE',  ( -1.015384615384615552, 0.4899038461538461897, 0.1000000000000000056 ) ) ;
#5062 = AXIS2_PLACEMENT_3D ( 'NONE', #2668, #2640, #4614 ) ;
#5063 = EDGE_CURVE ( 'NONE', #3064, #3462, #1978, .T. ) ;
#5064 = CARTESIAN_POINT ( 'NONE',  ( 8.489999999999998437, 3.660000000000000142, 0.000000000000000000 ) ) ;
#5065 = CARTESIAN_POINT ( 'NONE',  ( -1.906810466764246925, 0.01790417632945757315, 0.1000000000000000056 ) ) ;
#5066 = PLANE ( 'NONE',  #4232 ) ;
#5067 = CARTESIAN_POINT ( 'NONE',  ( 1.669999999999997042, -3.959999999999999964, -3.399999999999999467 ) ) ;
#5068 = DIRECTION ( 'NONE',  ( 0.000000000000000000, 0.000000000000000000, -1.000000000000000000 ) ) ;
#5069 = CARTESIAN_POINT ( 'NONE',  ( -2.446153846153846345, 0.5999999999999999778, 0.1000000000000000056 ) ) ;
#5070 = FACE_OUTER_BOUND ( 'NONE', #3152, .T. ) ;
#5071 = FILL_AREA_STYLE ('',( #4386 ) ) ;
#5072 = ADVANCED_FACE ( 'NONE', ( #5028 ), #725, .T. ) ;
#5073 = DIRECTION ( 'NONE',  ( 0.000000000000000000, -0.000000000000000000, -1.000000000000000000 ) ) ;
#5074 = LINE ( 'NONE', #1112, #1895 ) ;
#5075 = ORIENTED_EDGE ( 'NONE', *, *, #786, .F. ) ;
#5076 = CARTESIAN_POINT ( 'NONE',  ( -0.7543269230769229505, -0.01538461538461538373, 0.000000000000000000 ) ) ;
#5077 = STYLED_ITEM ( 'NONE', ( #5036 ), #1834 ) ;
#5078 = ORIENTED_EDGE ( 'NONE', *, *, #651, .F. ) ;
#5079 = ORIENTED_EDGE ( 'NONE', *, *, #518, .T. ) ;
#5080 = ORIENTED_EDGE ( 'NONE', *, *, #3289, .F. ) ;
#5081 = VERTEX_POINT ( 'NONE', #5205 ) ;
#5082 = CARTESIAN_POINT ( 'NONE',  ( 1.036666666666663073, -3.826666666666666217, -3.566666666666665542 ) ) ;
#5083 = CARTESIAN_POINT ( 'NONE',  ( -0.7604996787072962894, 0.6153019631233237474, -0.000000000000000000 ) ) ;
#5084 = ORIENTED_EDGE ( 'NONE', *, *, #1865, .F. ) ;
#5085 = CARTESIAN_POINT ( 'NONE',  ( -1.924319472397161057, 0.02449217801007875367, 0.1000000000000000056 ) ) ;
#5086 = CARTESIAN_POINT ( 'NONE',  ( -1.584615384615384537, 0.5999999999999999778, 0.1000000000000000056 ) ) ;
#5087 = ORIENTED_EDGE ( 'NONE', *, *, #370, .F. ) ;
#5088 = EDGE_CURVE ( 'NONE', #368, #3707, #1658, .T. ) ;
#5089 = CARTESIAN_POINT ( 'NONE',  ( 1.669999999999997042, -3.860000000000000764, -3.499999999999998668 ) ) ;
#5090 = CARTESIAN_POINT ( 'NONE',  ( -2.007025710092936954, 0.3896598868713928576, 0.1000000000000000056 ) ) ;
#5091 = CARTESIAN_POINT ( 'NONE',  ( -2.333052884615384404, 0.2538461538461538325, 0.000000000000000000 ) ) ;
#5092 = EDGE_CURVE ( 'NONE', #4057, #4960, #584, .T. ) ;
#5093 = ORIENTED_EDGE ( 'NONE', *, *, #4911, .T. ) ;
#5094 = VERTEX_POINT ( 'NONE', #791 ) ;
#5095 = LINE ( 'NONE', #4330, #1467 ) ;
#5096 = ORIENTED_EDGE ( 'NONE', *, *, #2805, .F. ) ;
#5097 = VECTOR ( 'NONE', #1632, 1000.000000000000000 ) ;
#5098 = ORIENTED_EDGE ( 'NONE', *, *, #4612, .F. ) ;
#5099 = CARTESIAN_POINT ( 'NONE',  ( -1.958518612282073024, 0.4666050473598953863, 0.000000000000000000 ) ) ;
#5100 = ORIENTED_EDGE ( 'NONE', *, *, #1653, .T. ) ;
#5101 = CARTESIAN_POINT ( 'NONE',  ( -2.575841346153846079, 0.1923076923076923184, 0.1000000000000000056 ) ) ;
#5102 = FACE_OUTER_BOUND ( 'NONE', #3221, .T. ) ;
#5103 =( GEOMETRIC_REPRESENTATION_CONTEXT ( 3 ) GLOBAL_UNCERTAINTY_ASSIGNED_CONTEXT ( ( #4707 ) ) GLOBAL_UNIT_ASSIGNED_CONTEXT ( ( #3061, #3496, #1900 ) ) REPRESENTATION_CONTEXT ( 'NONE', 'WORKASPACE' ) );
#5104 = AXIS2_PLACEMENT_3D ( 'NONE', #5135, #5153, #3524 ) ;
#5105 = EDGE_CURVE ( 'NONE', #750, #1828, #3038, .T. ) ;
#5106 = ADVANCED_FACE ( 'NONE', ( #2492 ), #2434, .T. ) ;
#5107 = CARTESIAN_POINT ( 'NONE',  ( -0.7502403846153845590, 0.5538461538461537659, 0.1000000000000000056 ) ) ;
#5108 = LINE ( 'NONE', #4261, #3917 ) ;
#5109 = CARTESIAN_POINT ( 'NONE',  ( -1.004380865171741855, 0.5044212594978787489, 0.000000000000000000 ) ) ;
#5110 = CARTESIAN_POINT ( 'NONE',  ( -2.029366790326365688, 0.1172832021745507519, 1.355252715606880543E-17 ) ) ;
#5111 = FILL_AREA_STYLE_COLOUR ( '', #2342 ) ;
#5112 = CARTESIAN_POINT ( 'NONE',  ( -0.8996886787743655356, 0.5143531435190650258, 0.1000000000000000056 ) ) ;
#5113 = PLANE ( 'NONE',  #4535 ) ;
#5114 = AXIS2_PLACEMENT_3D ( 'NONE', #2470, #4467, #2079 ) ;
#5115 = LINE ( 'NONE', #4403, #4051 ) ;
#5116 = LINE ( 'NONE', #2566, #4053 ) ;
#5117 = DIRECTION ( 'NONE',  ( 0.000000000000000000, 0.000000000000000000, -1.000000000000000000 ) ) ;
#5118 = LINE ( 'NONE', #4476, #2819 ) ;
#5119 = CARTESIAN_POINT ( 'NONE',  ( -0.8864547281675227985, 0.5217704700234978565, 0.000000000000000000 ) ) ;
#5120 = ORIENTED_EDGE ( 'NONE', *, *, #210, .T. ) ;
#5121 = ORIENTED_EDGE ( 'NONE', *, *, #219, .F. ) ;
#5122 = DIRECTION ( 'NONE',  ( -0.000000000000000000, -0.000000000000000000, -1.000000000000000000 ) ) ;
#5123 = CARTESIAN_POINT ( 'NONE',  ( -2.007636772281487847, 0.08739450218649003066, 0.1000000000000000056 ) ) ;
#5124 = PRESENTATION_LAYER_ASSIGNMENT (  '', '', ( #179 ) ) ;
#5125 = CARTESIAN_POINT ( 'NONE',  ( -10.00000000000000355, 4.800000000000000711, 10.30000000000000071 ) ) ;
#5126 = CARTESIAN_POINT ( 'NONE',  ( -0.9246520933148569821, 0.4972637946028917177, 0.1000000000000000056 ) ) ;
#5127 = ADVANCED_FACE ( 'NONE', ( #3797 ), #3302, .T. ) ;
#5128 = CARTESIAN_POINT ( 'NONE',  ( -1.931526002913523943, 0.4899422381493160894, 0.000000000000000000 ) ) ;
#5129 = AXIS2_PLACEMENT_3D ( 'NONE', #2181, #2593, #144 ) ;
#5130 = CARTESIAN_POINT ( 'NONE',  ( -2.022816069659676863, 0.3133505337227910914, 0.1000000000000000056 ) ) ;
#5131 = VECTOR ( 'NONE', #1884, 1000.000000000000000 ) ;
#5132 = DIRECTION ( 'NONE',  ( 1.000000000000000000, 0.000000000000000000, -0.000000000000000000 ) ) ;
#5133 = COLOUR_RGB ( '',0.7960784313725489669, 0.8235294117647058432, 0.9372549019607843146 ) ;
#5134 = EDGE_CURVE ( 'NONE', #1406, #3258, #3852, .T. ) ;
#5135 = CARTESIAN_POINT ( 'NONE',  ( 9.799999999999991829, 4.800000000000000711, 10.50000000000000000 ) ) ;
#5136 = CARTESIAN_POINT ( 'NONE',  ( -2.071921811293421012, 0.2279593427203968070, 1.355252715606880543E-17 ) ) ;
#5137 = CARTESIAN_POINT ( 'NONE',  ( -0.9682692307692306599, 0.1461538461538461620, 0.000000000000000000 ) ) ;
#5138 = CARTESIAN_POINT ( 'NONE',  ( -1.900276153192751227, 0.5083451564871769301, 0.1000000000000000056 ) ) ;
#5139 = DIRECTION ( 'NONE',  ( 0.4285960263555440020, -0.9034962347415941286, 0.000000000000000000 ) ) ;
#5140 = ORIENTED_EDGE ( 'NONE', *, *, #3601, .F. ) ;
#5141 = ORIENTED_EDGE ( 'NONE', *, *, #1472, .F. ) ;
#5142 = CARTESIAN_POINT ( 'NONE',  ( -0.6474508417676931860, 0.06383357144649136339, 0.1000000000000000056 ) ) ;
#5143 = ORIENTED_EDGE ( 'NONE', *, *, #3026, .T. ) ;
#5144 = EDGE_LOOP ( 'NONE', ( #1401, #1838, #1274, #5020 ) ) ;
#5145 = CARTESIAN_POINT ( 'NONE',  ( -1.970583391596514522, 0.4532413475454956653, 0.1000000000000000056 ) ) ;
#5146 = VERTEX_POINT ( 'NONE', #1692 ) ;
#5147 = ORIENTED_EDGE ( 'NONE', *, *, #1232, .F. ) ;
#5148 = VERTEX_POINT ( 'NONE', #1275 ) ;
#5149 = VERTEX_POINT ( 'NONE', #902 ) ;
#5150 = ADVANCED_FACE ( 'NONE', ( #1150 ), #2103, .T. ) ;
#5151 = CARTESIAN_POINT ( 'NONE',  ( -0.9123505299742371566, 0.5060780973002776406, 0.1000000000000000056 ) ) ;
#5152 = LINE ( 'NONE', #96, #2980 ) ;
#5153 = DIRECTION ( 'NONE',  ( 0.000000000000000000, 0.000000000000000000, -1.000000000000000000 ) ) ;
#5154 =( LENGTH_UNIT ( ) NAMED_UNIT ( * ) SI_UNIT ( .MILLI., .METRE. ) );
#5155 = UNCERTAINTY_MEASURE_WITH_UNIT (LENGTH_MEASURE( 1.000000000000000082E-05 ), #2005, 'distance_accuracy_value', 'NONE');
#5156 = ORIENTED_EDGE ( 'NONE', *, *, #4971, .F. ) ;
#5157 = CARTESIAN_POINT ( 'NONE',  ( 0.8699999999999968869, -3.660000000000000142, -3.399999999999999467 ) ) ;
#5158 = LINE ( 'NONE', #3630, #2373 ) ;
#5159 = CARTESIAN_POINT ( 'NONE',  ( -0.3615384615384615308, 0.000000000000000000, 0.000000000000000000 ) ) ;
#5160 = CARTESIAN_POINT ( 'NONE',  ( -8.665000000000004476, -3.584999999999999520, 1.068543264670088319E-15 ) ) ;
#5161 = VECTOR ( 'NONE', #2067, 1000.000000000000000 ) ;
#5162 = CARTESIAN_POINT ( 'NONE',  ( -0.6723124612965978297, 0.05590384670553963375, 0.1000000000000000056 ) ) ;
#5163 = CARTESIAN_POINT ( 'NONE',  ( -1.883074038132662054, 0.5157193092881097174, 0.1000000000000000056 ) ) ;
#5164 = EDGE_CURVE ( 'NONE', #879, #2843, #2172, .T. ) ;
#5165 = COLOUR_RGB ( '',0.7960784313725489669, 0.8235294117647058432, 0.9372549019607843146 ) ;
#5166 = CARTESIAN_POINT ( 'NONE',  ( 9.799999999999995381, -4.800000000000000711, 10.50000000000000000 ) ) ;
#5167 = DIRECTION ( 'NONE',  ( 1.000000000000000000, 0.000000000000000000, 0.000000000000000000 ) ) ;
#5168 = VECTOR ( 'NONE', #3260, 1000.000000000000000 ) ;
#5169 = LINE ( 'NONE', #2943, #1293 ) ;
#5170 = FILL_AREA_STYLE_COLOUR ( '', #4605 ) ;
#5171 = SURFACE_SIDE_STYLE ('',( #1086 ) ) ;
#5172 = LINE ( 'NONE', #776, #3619 ) ;
#5173 = CARTESIAN_POINT ( 'NONE',  ( -0.9682692307692306599, 0.1461538461538461620, 0.1000000000000000056 ) ) ;
#5174 = ADVANCED_FACE ( 'NONE', ( #3154 ), #3232, .T. ) ;
#5175 = CARTESIAN_POINT ( 'NONE',  ( -0.8693624315064953922, 0.002949220173866397201, 0.1000000000000000056 ) ) ;
#5176 = DIRECTION ( 'NONE',  ( -0.9035018415143106774, -0.4285842068721728571, 0.000000000000000000 ) ) ;
#5177 = CARTESIAN_POINT ( 'NONE',  ( -9.800000000000002487, 0.000000000000000000, 10.30000000000000071 ) ) ;
#5178 = CARTESIAN_POINT ( 'NONE',  ( -0.4493318278471197802, 0.1873041866429683289, 0.1000000000000000056 ) ) ;
#5179 = FILL_AREA_STYLE_COLOUR ( '', #1354 ) ;
#5180 = VERTEX_POINT ( 'NONE', #4873 ) ;
#5181 = EDGE_CURVE ( 'NONE', #3078, #4877, #4833, .T. ) ;
#5182 = CARTESIAN_POINT ( 'NONE',  ( 9.289999999999997371, 3.660000000000000142, -3.400000000000003020 ) ) ;
#5183 = EDGE_CURVE ( 'NONE', #5148, #5, #958, .T. ) ;
#5184 = DIRECTION ( 'NONE',  ( -0.000000000000000000, -0.000000000000000000, -1.000000000000000000 ) ) ;
#5185 = CARTESIAN_POINT ( 'NONE',  ( -1.910725539925928196, 0.08949607193175986020, -1.355252715606880543E-17 ) ) ;
#5186 = VECTOR ( 'NONE', #4545, 1000.000000000000000 ) ;
#5187 = CARTESIAN_POINT ( 'NONE',  ( -2.029259441291596300, 0.4723964312771717911, 0.000000000000000000 ) ) ;
#5188 = CARTESIAN_POINT ( 'NONE',  ( -1.896153846153846079, 0.5783653846153846700, 0.000000000000000000 ) ) ;
#5189 = CARTESIAN_POINT ( 'NONE',  ( -1.011592939404994951, 0.1055644247252341822, 1.355252715606880543E-17 ) ) ;
#5190 = CARTESIAN_POINT ( 'NONE',  ( -0.4947798403881485951, 0.2231835774740527356, 0.1000000000000000056 ) ) ;
#5191 = PRESENTATION_STYLE_ASSIGNMENT (( #2537 ) ) ;
#5192 = AXIS2_PLACEMENT_3D ( 'NONE', #334, #1564, #1934 ) ;
#5193 = PRESENTATION_LAYER_ASSIGNMENT (  '', '', ( #3224 ) ) ;
#5194 = EDGE_CURVE ( 'NONE', #2166, #4393, #3217, .T. ) ;
#5195 = CARTESIAN_POINT ( 'NONE',  ( -9.115000000000005542, 3.584999999999999520, 0.000000000000000000 ) ) ;
#5196 = CARTESIAN_POINT ( 'NONE',  ( -1.981454636172627293, 0.4386539574090297933, 0.000000000000000000 ) ) ;
#5197 = CARTESIAN_POINT ( 'NONE',  ( 9.799999999999995381, 4.800000000000000711, 10.30000000000000071 ) ) ;
#5198 = ORIENTED_EDGE ( 'NONE', *, *, #2511, .T. ) ;
#5199 = ADVANCED_FACE ( 'NONE', ( #838 ), #4454, .F. ) ;
#5200 = DIRECTION ( 'NONE',  ( 1.000000000000000000, 0.000000000000000000, 0.000000000000000000 ) ) ;
#5201 = CARTESIAN_POINT ( 'NONE',  ( -1.879623136859163379, 0.5838307535315717667, 0.1000000000000000056 ) ) ;
#5202 = ORIENTED_EDGE ( 'NONE', *, *, #799, .T. ) ;
#5203 = ORIENTED_EDGE ( 'NONE', *, *, #2657, .T. ) ;
#5204 = LINE ( 'NONE', #2456, #4273 ) ;
#5205 = CARTESIAN_POINT ( 'NONE',  ( 9.289999999999997371, -3.959999999999999964, -3.400000000000003020 ) ) ;
#5206 = ORIENTED_EDGE ( 'NONE', *, *, #1653, .F. ) ;
#5207 = ORIENTED_EDGE ( 'NONE', *, *, #2337, .T. ) ;
#5208 = CARTESIAN_POINT ( 'NONE',  ( -0.5010250354689655961, 0.5027599357063354812, 1.355252715606880543E-17 ) ) ;
#5209 = ORIENTED_EDGE ( 'NONE', *, *, #1314, .T. ) ;
#5210 = ORIENTED_EDGE ( 'NONE', *, *, #2697, .F. ) ;
#5211 = CARTESIAN_POINT ( 'NONE',  ( -1.878846153846153610, 0.07680288461538460620, 0.1000000000000000056 ) ) ;
#5212 = DIRECTION ( 'NONE',  ( 0.000000000000000000, 1.000000000000000000, 0.000000000000000000 ) ) ;
#5213 = ORIENTED_EDGE ( 'NONE', *, *, #2511, .F. ) ;
#5214 = CARTESIAN_POINT ( 'NONE',  ( -10.00000000000000355, 5.000000000000000000, 10.50000000000000000 ) ) ;
ENDSEC;
END-ISO-10303-21;
